track_id,obs_index,frame_idx,class_id,confidence,image_x,image_y,world_x_m,world_y_m,raw_speed_kmh,smoothed_speed_kmh,windowed_raw_speed_kmh,windowed_smoothed_speed_kmh,final_filtered_speed_kmh,final_display_speed_kmh
1,0,3,3,0.9005581140518188,400.6974182128906,300.4624938964844,0.6691203713417053,-22.77987289428711,,,,,,
1,1,4,3,0.9005581140518188,400.76287841796875,300.486328125,0.6711291074752808,-22.769880294799805,0.7338600307703018,0.7338600307703018,,,,
1,2,5,3,0.9005581140518188,400.7420654296875,300.5478210449219,0.6774910688400269,-22.772602081298828,0.49822062626481056,0.6160403285175562,,,,
1,3,6,3,0.9005581140518188,400.7186279296875,300.4946594238281,0.6722487807273865,-22.776473999023438,0.46923526749014854,0.567105308175087,,,,
1,4,7,3,0.9005581140518188,400.70635986328125,300.51202392578125,0.6740851402282715,-22.7782039642334,0.18164839781820774,0.47074108058586717,,,,
1,5,8,3,0.9005581140518188,400.7093505859375,300.451904296875,0.6679728627204895,-22.778148651123047,0.4401019848883152,0.4646132614463568,0.02982500419020653,0.02982500419020653,,
1,6,9,3,0.9005581140518188,400.7008972167969,300.47821044921875,0.6706917881965637,-22.779247283935547,0.21113992296159267,0.3600692398846149,0.13503156155347826,0.0824282828718424,,
1,7,10,3,0.9005581140518188,400.6512451171875,300.45867919921875,0.6690207719802856,-22.786836624145508,0.5595209710299969,0.3723293088376522,0.23852249085903168,0.13445968553423882,,
1,8,11,3,0.9005581140518188,400.69378662109375,300.46795654296875,0.6696966886520386,-22.78038215637207,0.4672629050910473,0.371934836357832,0.06721402555704117,0.1176482705399394,,
1,9,12,3,0.9005581140518188,400.6494140625,300.59503173828125,0.6828539371490479,-22.78621482849121,1.0362329632043839,0.5428517494350672,0.17103038728237152,0.12832469388842582,0.12832469388842582,0.12832469388842582
1,10,13,3,0.9005581140518188,400.670166015625,300.60882568359375,0.6841226816177368,-22.78300666809082,0.24839485064148903,0.5045103225857019,0.24285120069980623,0.17092993319034577,0.17092993319034577,0.1496273135393858
1,11,14,3,0.9005581140518188,400.63995361328125,300.6064758300781,0.6840730309486389,-22.787561416625977,0.32796137407422066,0.5278746128082276,0.22685482800006868,0.18929458647966385,0.18929458647966385,0.16284973785281182
1,12,15,3,0.9005581140518188,400.6459045410156,300.57171630859375,0.6805124282836914,-22.786895751953125,0.2608050461858511,0.4681314278393984,0.1654820367693901,0.17468649566173555,0.17468649566173555,0.16580892730504276
1,13,16,3,0.9005581140518188,400.6502685546875,300.55694580078125,0.678987979888916,-22.78633689880371,0.11690325010567904,0.3980594968423247,0.15891432613134385,0.19302655577659605,0.19302655577659605,0.1712524529993534
1,14,17,3,0.9005581140518188,400.6369934082031,300.53656005859375,0.6770042181015015,-22.788467407226562,0.2095976360142231,0.2327324314042926,0.09026551991701126,0.176873582303524,0.176873582303524,0.17218930788338183
1,15,18,3,0.9005581140518188,400.5863037109375,300.5234375,0.6759896874427795,-22.796173095703125,0.559597548097372,0.2949729708954692,0.2228515237569809,0.17287364691495896,0.17287364691495896,0.17228707060217857
1,16,19,3,0.9005581140518188,400.6100769042969,300.5258483886719,0.6760860085487366,-22.792583465576172,0.25854639150202274,0.2810899743810296,0.13585962653160097,0.15467460662126542,0.15467460662126542,0.17605134384972707
1,17,20,3,0.9005581140518188,400.61248779296875,300.5379638671875,0.6772992014884949,-22.79214096069336,0.09297895152121782,0.24752475544810296,0.08857702240347863,0.13929360374808314,0.13929360374808314,0.17153186821511815
1,18,21,3,0.9005581140518188,400.61663818359375,300.5296325683594,0.6764287352561951,-22.79157257080078,0.07485156040638685,0.23911441750824453,0.08391876295208932,0.12429449111223223,0.12429449111223223,0.16224614030548506
1,19,22,3,0.9005581140518188,400.66387939453125,300.52117919921875,0.6752776503562927,-22.784526824951172,0.514019139111042,0.2999987181276083,0.061952181905508046,0.11863182350993155,0.11863182350993155,0.15423832999808448
1,20,23,3,0.9005581140518188,400.6798400878906,300.542236328125,0.6773126721382141,-22.78199005126953,0.23415540531277657,0.2349102895706892,0.20512244403362276,0.11508600756525995,0.11508600756525995,0.1431039659678936
1,21,24,3,0.9005581140518188,400.7328186035156,300.51519775390625,0.6742421388626099,-22.774206161499023,0.6024688705801964,0.30369478538632394,0.26596186459064486,0.1411064551770687,0.1411064551770687,0.13799437637839998
1,22,25,3,0.9005581140518188,400.73773193359375,300.514892578125,0.6741806268692017,-22.773469924926758,0.05319372424855828,0.29573773993179203,0.27258751094341277,0.17790855288505555,0.17790855288505555,0.1387136486598424
1,23,26,3,0.9005581140518188,400.73858642578125,300.5163879394531,0.6743268966674805,-22.773332595825195,0.014445671578869224,0.2836565621662885,0.2643937379121781,0.2140035478770733,0.2140035478770733,0.14718921169638635
1,24,27,3,0.9005581140518188,400.760986328125,300.51336669921875,0.6738812923431396,-22.769987106323242,0.243002537637949,0.22945324187166988,0.21033526360988616,0.2436801642179489,0.2436801642179489,0.16210157747779577
1,25,28,3,0.9005581140518188,400.77313232421875,300.51910400390625,0.6743871569633484,-22.768123626708984,0.13902630284428596,0.21042742137797177,0.20407211780548096,0.24347009897232055,0.24347009897232055,0.17912666431495122
1,26,29,3,0.9005581140518188,400.77301025390625,300.515380859375,0.6740105748176575,-22.76816749572754,0.027297268621623516,0.0953931009862572,0.08702069744467736,0.2076818655431271,0.2076818655431271,0.19184809889112203
1,27,30,3,0.9005581140518188,400.743408203125,300.5166320800781,0.6743216514587402,-22.772605895996094,0.32034876197576523,0.14882410853169858,0.012606654781848192,0.15568569431081414,0.15568569431081414,0.19764805414048695
1,28,31,3,0.9005581140518188,400.72607421875,300.5287780761719,0.6756606101989746,-22.775131225585938,0.20580038242042065,0.18709505070000887,0.03224397785961628,0.1092557423003018,0.1092557423003018,0.19309795230094876
1,29,32,3,0.9005581140518188,400.68927001953125,300.52764892578125,0.6757753491401672,-22.780668258666992,0.39875197783112526,0.21824493873864412,0.15620812475681306,0.09843031452968717,0.09843031452968717,0.18174391825018185
1,30,33,3,0.9005581140518188,400.7047424316406,300.48675537109375,0.67153400182724,-22.77861213684082,0.3393688090145588,0.2583134399726987,0.1565229892730713,0.08892048882320523,0.08892048882320523,0.16387490981391495
1,31,34,3,0.9005581140518188,400.741455078125,300.4804382324219,0.6706653833389282,-22.77313804626465,0.3990655951201916,0.3326671052724123,0.08627592846751213,0.08877153502777219,0.08877153502777219,0.14174510564388973
1,32,35,3,0.9005581140518188,400.74420166015625,300.48590087890625,0.6712019443511963,-22.772689819335938,0.05033850856125355,0.27866505458950996,0.044940036535263066,0.09523821137845516,0.09523821137845516,0.12056912170190895
1,33,36,3,0.9005581140518188,400.792236328125,300.504150390625,0.6727527379989624,-22.765352249145508,0.5399755127727985,0.34550008065998555,0.14691111892461778,0.11817163959145546,0.11817163959145546,0.10778194656595588
1,34,37,3,0.9005581140518188,400.8026123046875,300.51068115234375,0.6733500361442566,-22.763750076293945,0.12311206106096506,0.2903720973059535,0.2461123913526535,0.13615249291062356,0.13615249291062356,0.10499148922307153
1,35,38,3,0.9005581140518188,400.8037414550781,300.5072021484375,0.6729904413223267,-22.76360321044922,0.027966974303126335,0.228091730363667,0.2171437293291092,0.14827664092183113,0.14827664092183113,0.11056590331186142
1,36,39,3,0.9005581140518188,400.796875,300.5104064941406,0.6733579039573669,-22.76461410522461,0.0774439238011837,0.16376739609986543,0.12872281819581985,0.1567660188674927,0.1567660188674927,0.11889957536011934
1,37,40,3,0.9005581140518188,400.80706787109375,300.5125732421875,0.6735140681266785,-22.76306915283203,0.11180339008569717,0.17606037240475417,0.14248225539922715,0.1762744626402855,0.1762744626402855,0.1313787144768451
1,38,41,3,0.9005581140518188,400.81060791015625,300.511962890625,0.6734302043914795,-22.762540817260742,0.038516408298164606,0.07576855150982738,0.041643420606851576,0.15522092297673226,0.15522092297673226,0.1408714841838394
1,39,42,3,0.9005581140518188,400.80157470703125,300.51409912109375,0.6737028956413269,-22.763883590698242,0.09865316469222307,0.07087677223607898,0.005432750238105655,0.10708499475382269,0.10708499475382269,0.14256388180889193
1,40,43,3,0.9005581140518188,400.8052978515625,300.5137023925781,0.6736395359039307,-22.76332664489746,0.040358750615268946,0.0733551274985075,0.010160036757588387,0.0656882562395185,0.0656882562395185,0.13506625561575805
1,41,44,3,0.9005581140518188,400.79541015625,300.5151672363281,0.6738495230674744,-22.764802932739258,0.10736260749399662,0.07933886423707008,0.007583554554730654,0.04146040351130069,0.04146040351130069,0.12153881427299763
1,42,45,3,0.9005581140518188,400.78497314453125,300.5238342285156,0.6747928261756897,-22.766313552856445,0.12822861783206463,0.08262390978634357,0.05021730959415436,0.023007414350286127,0.023007414350286127,0.10364321047706263
1,43,46,3,0.9005581140518188,400.78912353515625,300.521484375,0.6745288372039795,-22.765705108642578,0.04775367211550474,0.08447136254981161,0.04823405407369137,0.024325541043654083,0.024325541043654083,0.08472314221651424
1,44,47,3,0.9005581140518188,400.79364013671875,300.5260925292969,0.6749677658081055,-22.764997482299805,0.05995457572862506,0.076731644757092,0.024270093999803066,0.02809300979599357,0.02809300979599357,0.06355436323875828
1,45,48,3,0.9005581140518188,400.73419189453125,300.5389404296875,0.6766400337219238,-22.77384376525879,0.6482127383351326,0.19830244230106472,0.15748940259218216,0.05755888296291232,0.05755888296291232,0.049602643236784
1,46,49,3,0.9005581140518188,400.72515869140625,300.538330078125,0.6766344308853149,-22.775205612182617,0.09805380832403898,0.1964406824670732,0.15507365763187408,0.08705690357834102,0.08705690357834102,0.046741487354572335
1,47,50,3,0.9005581140518188,400.7161865234375,300.53094482421875,0.6759417653083801,-22.776601791381836,0.11221615690737963,0.1932381902821362,0.14907158464193346,0.10682775858789684,0.10682775858789684,0.05261855911862638
1,48,51,3,0.9005581140518188,400.71649169921875,300.5289611816406,0.6757388114929199,-22.776569366455078,0.014797993353568017,0.18664705452974886,0.15741257071495057,0.1286634619161487,0.1286634619161487,0.06507613889074752
1,49,52,3,0.9005581140518188,400.729248046875,300.5265808105469,0.6754181385040283,-22.774667739868164,0.13885018229484558,0.20242617584299297,0.13940265029668808,0.15168997317552568,0.15168997317552568,0.08345936158006746
1,50,53,3,0.9005581140518188,400.74810791015625,300.5210266113281,0.6747377514839172,-22.77187156677246,0.20719881914556026,0.1142233920050785,0.039457691833376884,0.1280836310237646,0.1280836310237646,0.0982819458629404
1,51,54,3,0.9005581140518188,400.74835205078125,300.5218505859375,0.6748197674751282,-22.77182960510254,0.0066331521375104785,0.09593926076777279,0.05519245527684689,0.10810739055275917,0.10810739055275917,0.10971257168533548
1,52,55,3,0.9005581140518188,400.751953125,300.52197265625,0.6748096942901611,-22.77128791809082,0.0390082080848515,0.08129767100326717,0.07823698595166206,0.0939404708147049,0.0939404708147049,0.1149099413784487
1,53,56,3,0.9005581140518188,400.74737548828125,300.52789306640625,0.6754382848739624,-22.771936416625977,0.06502666231244802,0.09134340479504317,0.066854690015316,0.07582889467477799,0.07582889467477799,0.11330594010651114
1,54,57,3,0.9005581140518188,400.73931884765625,300.5275573730469,0.6754543781280518,-22.773149490356445,0.0873489947989583,0.08104316729586572,0.021869020722806453,0.052322168760001654,0.052322168760001654,0.10551942727395466
1,55,58,3,0.9005581140518188,400.7373352050781,300.52978515625,0.6756925582885742,-22.7734317779541,0.02659287443384528,0.04492197835352272,0.026340253092348578,0.04969868101179599,0.04969868101179599,0.09423874428761857
1,56,59,3,0.9005581140518188,400.7358093261719,300.52880859375,0.6756030917167664,-22.77366828918457,0.018206438748165965,0.04723663567565382,0.02877967357635498,0.044416124671697615,0.044416124671697615,0.07891390878707172
1,57,60,3,0.9005581140518188,400.7347412109375,300.5057373046875,0.6732713580131531,-22.77397918701172,0.16937056928873062,0.07330910791642964,0.04463862329721451,0.03769645214080811,0.03769645214080811,0.06600145466093506
1,58,61,3,0.9005581140518188,400.7491455078125,300.5062255859375,0.6732311844825745,-22.771812438964844,0.15603266470134258,0.09151030839420855,0.031832349300384526,0.03069198399782181,0.03069198399782181,0.054942110867372586
1,59,62,3,0.9005581140518188,400.741455078125,300.52227783203125,0.6749060153961182,-22.772863388061523,0.14236263558268547,0.10251303655095398,0.00890656253322959,0.028099492359906435,0.028099492359906435,0.04553625680240137
1,60,63,3,0.9005581140518188,400.7384338378906,300.52215576171875,0.6749124526977539,-22.773317337036133,0.03268761187791824,0.10373198403976858,0.011353753879666329,0.025102192517369986,0.025102192517369986,0.0382895850656288
1,61,64,3,0.9005581140518188,400.7351989746094,300.51275634765625,0.6739798784255981,-22.77386474609375,0.07785831671208143,0.11566235963255167,0.023544844798743726,0.024055226761847737,0.024055226761847737,0.03425145049446395
1,62,65,3,0.9005581140518188,400.7374267578125,300.51190185546875,0.6738794445991516,-22.773536682128906,0.02470270707271993,0.08672878718934954,0.010829526185989381,0.01729340733960271,0.01729340733960271,0.029622125684150628
1,63,66,3,0.9005581140518188,400.7301025390625,300.5140380859375,0.674141526222229,-22.774621963500977,0.08038639090955257,0.07159953243099153,0.0425279326736927,0.019432524014264346,0.019432524014264346,0.026053039875945875
1,64,67,3,0.9005581140518188,400.72418212890625,300.5109558105469,0.6738659739494324,-22.775531768798828,0.06844450067728758,0.056815905449911955,0.041240207478404046,0.02589925300329924,0.02589925300329924,0.02436772571344461
1,65,68,3,0.9005581140518188,400.734375,300.5125732421875,0.6739664673805237,-22.773990631103516,0.11119757127016783,0.07251789732836186,0.016720212064683437,0.02697254464030266,0.02697254464030266,0.023836377233799017
1,66,69,3,0.9005581140518188,400.73583984375,300.513671875,0.6740686893463135,-22.77376365661621,0.01792304660193622,0.06053084330633283,0.0019376676063984632,0.022651109201833608,0.022651109201833608,0.023058036782645754
1,67,70,3,0.9005581140518188,400.7337951660156,300.521484375,0.6748732924461365,-22.774019241333008,0.06078393990173936,0.0677470898721367,0.015909210965037345,0.023667046157643198,0.023667046157643198,0.02285301587411336
1,68,71,3,0.9005581140518188,400.7316589355469,300.52178955078125,0.6749175190925598,-22.774337768554688,0.02315397234633565,0.056300606159493324,0.011900114826858044,0.017541482588276265,0.017541482588276265,0.021922480992174576
1,69,72,3,0.9005581140518188,400.7293701171875,300.54901123046875,0.6776908040046692,-22.77450180053711,0.20002548582851887,0.08261680318973959,0.05703956186771393,0.020701353466138245,0.020701353466138245,0.022409330438822508
1,70,73,3,0.9005581140518188,400.7291259765625,300.54986572265625,0.677778959274292,-22.774534225463867,0.00676291499985382,0.061729871935676785,0.055455124005675316,0.02844833585433662,0.02844833585433662,0.023697303558832834
1,71,74,3,0.9005581140518188,400.7252197265625,300.54974365234375,0.6777908802032471,-22.775121688842773,0.04230607207864523,0.06660647703101859,0.05705554783344269,0.039471911899745464,0.039471911899745464,0.025636254829753725
1,72,75,3,0.9005581140518188,400.7298583984375,300.54388427734375,0.6771681308746338,-22.774463653564453,0.06523165013641119,0.06749601907795295,0.03365962766110897,0.04302199523895979,0.04302199523895979,0.02792903348670474
1,73,76,3,0.9005581140518188,400.73468017578125,300.5428466796875,0.6770329475402832,-22.773744583129883,0.05268003512173891,0.07340123163303361,0.031637121364474295,0.046969396546483036,0.046969396546483036,0.03140307453594037
1,74,77,3,0.9005581140518188,400.7366943359375,300.5380554199219,0.6765347719192505,-22.773473739624023,0.040826930198818445,0.04156152050709352,0.02227731328457594,0.040016946829855446,0.040016946829855446,0.03373877463197069
1,75,78,3,0.9005581140518188,400.7421875,300.54150390625,0.6768500804901123,-22.772626876831055,0.065063307993114,0.05322159910574555,0.030549710243940355,0.03503586407750845,0.03503586407750845,0.03623797198757529
1,76,79,3,0.9005581140518188,400.7508239746094,300.54156494140625,0.6768024563789368,-22.77132797241211,0.09358395729213953,0.06347717614844442,0.0564532645046711,0.034915407411754126,0.034915407411754126,0.03826855112266327
1,77,80,3,0.9005581140518188,400.7356262207031,300.550048828125,0.6777570247650146,-22.773555755615234,0.17450487054884434,0.08533182023093104,0.015583133138716222,0.03130010850727558,0.03130010850727558,0.03867594721594027
1,78,81,3,0.9005581140518188,400.7289123535156,300.55126953125,0.6779225468635559,-22.77455711364746,0.07307611405849457,0.08941103601828218,0.017349418066442013,0.028442567847669124,0.028442567847669124,0.03710032663707221
1,79,82,3,0.9005581140518188,400.7303466796875,300.5556640625,0.6783590316772461,-22.77431297302246,0.036008899100124836,0.08844742979854345,0.02891581915318966,0.02977026902139187,0.02977026902139187,0.03520722289170537
1,80,83,3,0.9005581140518188,400.7186584472656,300.5555419921875,0.6784194707870483,-22.77606964111328,0.12655494455248117,0.10074575711041689,0.05448380894958973,0.03455708876252174,0.03455708876252174,0.0334340360654252
1,81,84,3,0.9005581140518188,400.6727294921875,300.5226135253906,0.6753678917884827,-22.783187866210938,0.5576225034892559,0.19355346634984016,0.1720273107290268,0.057671898007392884,0.057671898007392884,0.03595617194793054
1,82,85,3,0.9005581140518188,400.6873779296875,300.5086669921875,0.6738630533218384,-22.781078338623047,0.18657095544040203,0.1959666833281517,0.12197766602039338,0.07895080458372832,0.07895080458372832,0.04222973487739052
1,83,86,3,0.9005581140518188,400.70025634765625,300.51202392578125,0.6741231679916382,-22.77912139892578,0.14213887229561806,0.2097792349755764,0.08551706448197365,0.09258433386683465,0.09258433386683465,0.05046815294240202
1,84,87,3,0.9005581140518188,400.7034912109375,300.50299072265625,0.6731874346733093,-22.77869415283203,0.07406333461403847,0.21739012207835912,0.0976019985973835,0.10632156975567342,0.10632156975567342,0.061185504549316004
1,85,88,3,0.9005581140518188,400.708984375,300.503173828125,0.6731718182563782,-22.77786636352539,0.059611433185637,0.20400141980499029,0.07987272441387176,0.11139935284852982,0.11139935284852982,0.07303647383515324
1,86,89,3,0.9005581140518188,400.72088623046875,300.50665283203125,0.6734503507614136,-22.77605628967285,0.1318592643365264,0.11884877197444439,0.10634217113256454,0.09826232492923737,0.09826232492923737,0.08282105325055975
1,87,90,3,0.9005581140518188,400.7127685546875,300.51031494140625,0.6738720536231995,-22.777252197265625,0.09130179975181818,0.09979494083672762,0.05509658642113209,0.08488610900938512,0.08488610900938512,0.09001091328582593
1,88,91,3,0.9005581140518188,400.70391845703125,300.50927734375,0.6738219857215881,-22.778589248657227,0.09633517451584339,0.09063420128077268,0.00880515743046999,0.06954372759908438,0.06954372759908438,0.09170688894178185
1,89,92,3,0.9005581140518188,400.7080383300781,300.5079040527344,0.6736571192741394,-22.777978897094727,0.04552028467878699,0.08492559129372239,0.012321843579411507,0.052487696595489984,0.052487696595489984,0.0879264449434621
1,90,93,3,0.9005581140518188,401.2579345703125,300.5096435546875,0.6704138517379761,-22.695405960083008,5.949835896492004,1.2629704839549958,1.1880938172340394,0.2741319151595235,0.2741319151595235,0.11386181369956051
1,91,94,3,0.9005581140518188,402.64892578125,300.53631591796875,0.6644855737686157,-22.48702621459961,15.009412050247192,4.238481041137129,4.164034652709961,1.0856704114750027,1.0856704114750027,0.2537687910880361
1,92,95,3,0.9005581140518188,404.11822509765625,300.62786865234375,0.6646413803100586,-22.267499923706055,15.805897235870361,7.381400128360838,7.341636085510254,2.542978311292827,2.542978311292827,0.6011372137229357
1,93,96,3,0.9005581140518188,405.9393310546875,300.54156494140625,0.6447502374649048,-21.998106002807617,19.44916319847107,11.251965733151883,11.246753025054932,4.79056788481772,4.79056788481772,1.2714665794212903
1,94,97,3,0.9005581140518188,407.77362060546875,300.48382568359375,0.6277554631233215,-21.728120803833008,19.477407932281494,15.138343262672425,15.132398414611817,7.814583199024201,7.814583199024201,2.3757090208519784
1,95,98,3,0.9005581140518188,410.18170166015625,300.57147216796875,0.6219149827957153,-21.374988555908203,25.42899799346924,19.034175682067872,19.02683200836182,11.382330837249757,11.382330837249757,3.9918214650877886
1,96,99,3,0.9005581140518188,412.91094970703125,300.5975341796875,0.6080617904663086,-20.978416442871094,28.57060933113098,21.74641513824463,21.739169311523437,14.897357769012453,14.897357769012453,6.112517189718784
1,97,100,3,0.9005581140518188,415.76019287109375,300.71929931640625,0.6030862331390381,-20.567398071289062,29.595489978790283,24.504333686828613,24.49750843048096,18.328532238006595,18.328532238006595,8.691717235839794
1,98,101,3,0.9005581140518188,418.74481201171875,300.7231140136719,0.5857266783714294,-20.141481399536133,30.69146203994751,26.7527934551239,26.748900604248046,21.42896175384522,21.42896175384522,11.597901713321253
1,99,102,3,0.9005581140518188,421.81182861328125,300.878173828125,0.5828787088394165,-19.706951141357422,31.286850214004517,29.114681911468505,29.112018585205078,24.224885787963867,24.224885787963867,14.695317067131402
1,100,103,3,0.9005581140518188,425.65234375,300.8700256347656,0.5596211552619934,-19.169775009155273,38.71291494369507,31.771465301513672,31.76774368286133,26.77306812286377,26.77306812286377,17.835674243995125
1,101,104,3,0.9005581140518188,429.514404296875,301.08795166015625,0.5584278106689453,-18.63456153869629,38.5354642868042,33.76443629264831,33.75907745361328,29.177049751281736,29.177049751281736,20.887455180031914
1,102,105,3,0.9005581140518188,434.1556701660156,301.42340087890625,0.5640928745269775,-17.999191284179688,45.748477935791016,36.99503388404846,36.98644180297852,31.67483642578126,31.67483642578126,23.786384549822127
1,103,106,3,0.9005581140518188,438.4029541015625,301.6201171875,0.5586614608764648,-17.42613410949707,41.26197052001953,39.10913558006287,39.102944183349614,34.14564514160156,34.14564514160156,26.536139888763433
1,104,107,3,0.9005581140518188,443.0460510253906,301.76666259765625,0.5462949872016907,-16.808338165283203,44.490217208862305,41.74980897903443,41.743350219726565,36.671911468505854,36.671911468505854,29.156622635977612
1,105,108,3,0.9005581140518188,447.1693420410156,301.90277099609375,0.5360187292098999,-16.26677894592285,38.99928045272827,41.80708208084106,41.80452346801758,38.67926742553711,38.67926742553711,31.620952017647877
1,106,109,3,0.9005581140518188,451.5927734375,302.2453918457031,0.5435750484466553,-15.692032814025879,41.38529634475708,42.37704849243164,42.37295265197754,40.40204246520996,40.40204246520996,33.931974400111606
1,107,110,3,0.9005581140518188,456.5162353515625,302.3890380859375,0.5297335982322693,-15.06230640411377,45.351253509521484,42.297603607177734,42.29403648376465,41.46356140136719,41.46356140136719,36.03061629704067
1,108,111,3,0.9005581140518188,461.68341064453125,302.9137268066406,0.549982488155365,-14.4091215133667,47.051902770996094,43.455590057373044,43.445159912109375,42.33200454711914,42.33200454711914,37.90989555358887
1,109,112,3,0.9005581140518188,466.5450439453125,303.1990966796875,0.549640953540802,-13.804508209228516,43.532166481018066,43.2639799118042,43.25517883300781,42.634370269775395,42.634370269775395,39.47554324558803
1,110,113,3,0.9005581140518188,473.02734375,303.7218017578125,0.5621241927146912,-13.010675430297852,57.163023948669434,46.89672861099243,46.88939781188965,43.651345138549814,43.651345138549814,40.833500388009206
1,111,114,3,0.9005581140518188,478.07562255859375,303.82574462890625,0.5443194508552551,-12.40402603149414,43.6975622177124,47.359181785583495,47.34729766845703,44.646214141845704,44.646214141845704,41.97268648420061
1,112,115,3,0.9005581140518188,483.4797058105469,304.00848388671875,0.5319429636001587,-11.763789176940918,46.105666637420654,47.51006441116333,47.49865837097168,45.68713851928711,45.68713851928711,42.973810926164894
1,113,116,3,0.9005581140518188,489.0343017578125,304.78179931640625,0.5714694857597351,-11.11303424835205,46.94070482254028,47.48782482147217,47.46466598510742,46.49103973388672,46.49103973388672,43.84366767883301
1,114,117,3,0.9005581140518188,495.2195129394531,304.95721435546875,0.5543287396430969,-10.403328895568848,51.113685607910156,49.00412864685059,48.977030181884764,47.63541000366211,47.63541000366211,44.72536033630371
1,115,118,3,0.9005581140518188,501.00933837890625,305.6830139160156,0.5876549482345581,-9.747379302978516,47.28928470611572,47.029380798339844,46.992899322509764,47.656110305786136,47.656110305786136,45.48594687325614
1,116,119,3,0.9005581140518188,507.8032531738281,305.83056640625,0.5650908350944519,-8.99393367767334,54.27240514755249,49.14434938430786,49.10623970031738,48.00789871215821,48.00789871215821,46.25359379359655
1,117,120,3,0.9005581140518188,513.8126831054688,306.2344665527344,0.5689694285392761,-8.33779525756836,47.24279022216797,49.37177410125732,49.337192916870116,48.3756056213379,48.3756056213379,46.92848814828056
1,118,121,3,0.9005581140518188,520.8062744140625,306.955322265625,0.5947561860084534,-7.586424350738525,54.1305570602417,50.80974454879761,50.784291458129886,49.039530715942384,49.039530715942384,47.55610480172294
1,119,122,3,0.9005581140518188,527.2945556640625,307.57354736328125,0.613986074924469,-6.902017593383789,49.29673147201538,50.44635372161865,50.426202392578126,49.329365158081046,49.329365158081046,48.07642289297921
1,120,123,3,0.9005581140518188,533.1348266601562,308.7329406738281,0.6815017461776733,-6.293585300445557,44.076011180877686,49.803699016571045,49.752991104125975,49.8813835144043,49.8813835144043,48.56075771876745
1,121,124,3,0.9005581140518188,540.9740600585938,309.3323974609375,0.6912106275558472,-5.495220184326172,57.48653697967529,50.4465253829956,50.41419639587402,50.142974853515625,50.142974853515625,48.91898126874652
1,122,125,3,0.9005581140518188,548.3756713867188,310.429443359375,0.7437887191772461,-4.754248142242432,53.48412752151489,51.69479284286499,51.6644474029541,50.60842575073242,50.60842575073242,49.34074061802455
1,123,126,3,0.9005581140518188,556.1754760742188,311.2802734375,0.7733131647109985,-3.989733934402466,55.08605432510376,51.8858922958374,51.85612449645996,50.82279235839844,50.82279235839844,49.742868281773156
1,124,127,3,0.9005581140518188,563.0160522460938,312.67266845703125,0.8507766127586365,-3.3293986320495605,47.870161056518555,51.600578212738036,51.55858726501465,51.04926933288574,51.04926933288574,50.124820240565704
1,125,128,3,0.9005581140518188,570.74658203125,313.7987060546875,0.9010168313980103,-2.5984256267547607,52.75421905517578,53.336219787597656,53.30410881042481,51.75949287414551,51.75949287414551,50.51338626316615
1,126,129,3,0.9005581140518188,578.0888061523438,314.86566162109375,0.947637677192688,-1.9172229766845703,49.16132068634033,51.671176528930665,51.655308151245116,52.00771522521973,52.00771522521973,50.89600770132882
1,127,130,3,0.9005581140518188,586.6158447265625,315.9725341796875,0.9903810024261475,-1.1420096158981323,55.90014123916626,52.154379272460936,52.13729553222657,52.10228485107422,52.10228485107422,51.2132793208531
1,128,131,3,0.9005581140518188,594.626953125,317.0032958984375,1.0290201902389526,-0.42842593789100647,51.45329189300537,51.42782678604126,51.4148551940918,52.01403099060059,52.01403099060059,51.48057305472238
1,129,132,3,0.9005581140518188,603.30810546875,318.38427734375,1.0902715921401978,0.3300657868385315,54.78918743133545,52.81163206100464,52.80901679992676,52.264116897583015,52.264116897583015,51.71710036141531
1,130,133,3,0.9005581140518188,612.0257568359375,319.37091064453125,1.1201672554016113,1.0746957063674927,53.65654420852661,52.99209709167481,52.987009048461914,52.20069694519043,52.20069694519043,51.91394387381417
1,131,134,3,0.9005581140518188,620.5924072265625,319.9117431640625,1.116776466369629,1.7902538776397705,51.52076768875122,53.463986492156984,53.4431957244873,52.55827445983887,52.55827445983887,52.12951603480747
1,132,135,3,0.9005581140518188,628.86962890625,320.08514404296875,1.087615966796875,2.4670827388763428,48.77688503265381,52.03933525085449,51.98978691101075,52.5287727355957,52.5287727355957,52.23941315787179
1,133,136,3,0.9005581140518188,637.435546875,320.5867919921875,1.0817331075668335,3.1548118591308594,49.51830768585205,51.65233840942383,51.60420799255371,52.56664329528809,52.56664329528809,52.31926002502441
1,134,137,3,0.9005581140518188,644.604248046875,319.7994079589844,0.9887862801551819,3.716803789138794,41.01309156417847,48.897119235992434,48.79091835021973,51.76302360534669,51.76302360534669,52.270794132777624
1,135,138,3,0.9005581140518188,651.6173706054688,319.1177673339844,0.9057253003120422,4.258075714111328,39.42776870727539,46.05136413574219,45.94456329345703,50.3545344543457,50.3545344543457,52.03372319902694
1,136,139,3,0.9005581140518188,657.5958251953125,317.44036865234375,0.7570590972900391,4.710028171539307,34.255860328674316,42.59838266372681,42.36263236999512,48.13842178344727,48.13842178344727,51.444338182721815
1,137,140,3,0.9005581140518188,662.1010131835938,315.77838134765625,0.6178165674209595,5.045700550079346,26.165283679962158,38.07606239318848,37.74333457946778,45.289131317138676,45.289131317138676,50.456971664428714
1,138,141,3,0.9005581140518188,666.2296752929688,314.7334289550781,0.5254998207092285,5.351612091064453,23.0067036151886,32.77374157905579,32.63221321105957,41.49473236083985,41.49473236083985,48.876465650286
1,139,142,3,0.9005581140518188,671.31396484375,312.35955810546875,0.3358575105667114,5.721930503845215,29.955800771713257,30.562283420562743,30.366077041625978,37.8097640991211,37.8097640991211,46.773750130789615
1,140,143,3,0.9005581140518188,673.86181640625,310.01263427734375,0.15971876680850983,5.903221130371094,18.19922375679016,26.3165744304657,26.011953163146973,33.823242073059085,33.823242073059085,44.0961213847569
1,141,144,3,0.9005581140518188,677.134033203125,308.53125,0.042959876358509064,6.1382880210876465,18.897645235061646,23.244931411743163,22.994343566894532,29.949584312438965,29.949584312438965,40.97991577148438
1,142,145,3,0.9005581140518188,680.288818359375,306.61993408203125,-0.10279814898967743,6.362239360809326,19.238908052444458,21.859656286239623,21.612285804748534,26.723374557495116,26.723374557495116,37.60403578622
1,143,146,3,0.9005581140518188,682.6309814453125,304.337890625,-0.27091795206069946,6.525539875030518,16.874951720237732,20.63330590724945,20.42764549255371,24.282461013793945,24.282461013793945,34.196041390555244
1,144,147,3,0.9005581140518188,684.683349609375,302.4990539550781,-0.40631717443466187,6.668365955352783,14.169965386390686,17.476138830184937,17.319335174560546,21.673112640380857,21.673112640380857,30.822324436732696
1,145,148,3,0.9005581140518188,687.0921630859375,300.7320556640625,-0.5371863842010498,6.836130619049072,15.319551587104797,16.900204396247865,16.768408584594727,19.82440372467041,19.82440372467041,27.72656320299421
1,146,149,3,0.9005581140518188,689.1158447265625,298.23309326171875,-0.7173439860343933,6.974118232727051,16.33897876739502,16.38847110271454,16.270559692382815,18.479646949768068,18.479646949768068,24.96511789594378
1,147,150,3,0.9005581140518188,691.954345703125,295.11529541015625,-0.9418895244598389,7.167606353759766,21.341455221176147,16.808980536460876,16.747951698303222,17.506780128479004,17.506780128479004,22.634194761003766
1,148,151,3,0.9005581140518188,693.532958984375,293.38555908203125,-1.0659255981445312,7.274747371673584,11.801005125045776,15.794191217422485,15.730634880065919,16.567378005981446,16.567378005981446,20.722451002938406
1,149,152,3,0.9005581140518188,695.297607421875,291.2078857421875,-1.2210363149642944,7.393570899963379,14.06828498840332,15.773855137825013,15.70649585723877,16.24481014251709,16.24481014251709,19.225513229370115
1,150,153,3,0.9005581140518188,697.5191650390625,289.3653564453125,-1.35335111618042,7.544564247131348,14.455010175704956,15.600946855545043,15.56268310546875,16.003665046691896,16.003665046691896,18.04282809121268
1,151,154,3,0.9005581140518188,698.7490844726562,287.13970947265625,-1.5096509456634521,7.625205993652344,12.663145422935486,14.865780186653136,14.76730728149414,15.70301456451416,15.70301456451416,17.18995693751744
1,152,155,3,0.9005581140518188,700.3219604492188,284.9300537109375,-1.665073037147522,7.729459762573242,13.474751830101013,13.292439508438111,13.187394332885743,14.990903091430663,14.990903091430663,16.49945684705462
1,153,156,3,0.9005581140518188,701.8426513671875,283.04107666015625,-1.797839879989624,7.830493450164795,12.012319207191467,13.334702324867248,13.233531761169434,14.49148246765137,14.49148246765137,15.92971906389509
1,154,157,3,0.9005581140518188,703.1558837890625,280.7361145019531,-1.9585530757904053,7.916035175323486,13.108374953269958,13.142720317840576,13.015082359313965,13.953199768066407,13.953199768066407,15.422064726693291
1,155,158,3,0.9005581140518188,705.0531005859375,277.4427490234375,-2.1875181198120117,8.039323806762695,18.72347116470337,13.996412515640259,13.96593360900879,13.633849868774414,13.633849868774414,15.00298927852086
1,156,159,3,0.9005581140518188,706.5750732421875,275.1736145019531,-2.3450098037719727,8.138711929321289,13.408563494682312,14.145496129989624,14.120173072814941,13.504423027038573,13.504423027038573,14.61150540488107
1,157,160,3,0.9005581140518188,707.3143310546875,272.5386962890625,-2.526510715484619,8.18359088897705,13.46163260936737,14.142872285842895,14.02289342880249,13.671522846221924,13.671522846221924,14.278342233385358
1,158,161,3,0.9005581140518188,708.717529296875,270.4536437988281,-2.6704959869384766,8.274867057800293,12.274490118026733,14.19530646800995,14.10168514251709,13.845153522491454,13.845153522491454,14.0129335130964
1,159,162,3,0.9005581140518188,709.5089111328125,267.90338134765625,-2.845675468444824,8.3233060836792,13.086223125457764,14.19087610244751,14.056463527679444,14.053429756164551,14.053429756164551,13.879008750915528
1,160,163,3,0.9005581140518188,711.35400390625,264.73748779296875,-3.0630037784576416,8.441890716552734,17.825477242469788,14.011277318000793,13.875916957855225,14.035426425933839,14.035426425933839,13.813857887813024
1,161,164,3,0.9005581140518188,713.7001953125,262.03863525390625,-3.247687816619873,8.59488296508789,17.267218351364136,14.783008289337157,14.564085960388184,14.124209003448488,14.124209003448488,13.83828777858189
1,162,165,3,0.9005581140518188,714.2510375976562,258.8876037597656,-3.4627182483673096,8.625411987304688,15.637450218200684,15.21817181110382,14.90723705291748,14.301077728271485,14.301077728271485,13.933606044224328
1,163,166,3,0.9005581140518188,715.06396484375,255.56222534179688,-3.68937611579895,8.673205375671387,16.67822027206421,16.098917841911316,15.75329761505127,14.63140022277832,14.63140022277832,14.094602786472864
1,164,167,3,0.9005581140518188,715.8181762695312,251.65823364257812,-3.9552628993988037,8.715780258178711,19.3877170085907,17.359216618537904,16.94813461303711,15.209734439849854,15.209734439849854,14.314347299848283
1,165,168,3,0.9005581140518188,716.998291015625,247.25840759277344,-4.254244327545166,8.785873413085938,22.110324382781982,18.216186046600342,17.854710960388186,16.005493240356447,16.005493240356447,14.622967259543284
1,166,169,3,0.9005581140518188,717.2293701171875,243.58859252929688,-4.50418758392334,8.793729782104492,18.004802227020264,18.363702821731568,18.318768310546876,16.756429710388183,16.756429710388183,15.00911011014666
1,167,170,3,0.9005581140518188,717.2225341796875,239.36349487304688,-4.792408466339111,8.784459114074707,20.76263451576233,19.388739681243898,19.284025382995605,17.63178737640381,17.63178737640381,15.522875960213796
1,168,171,3,0.9005581140518188,717.8101806640625,235.45513916015625,-5.0580525398254395,8.815749168395996,19.258599758148193,19.904815578460692,19.815540504455566,18.44423595428467,18.44423595428467,16.14002266747611
1,169,172,3,0.9005581140518188,717.5155029296875,231.651123046875,-5.318323135375977,8.788040161132812,18.845382928848267,19.796348762512206,19.655629348754882,18.985734901428224,18.985734901428224,16.809259406498505
1,170,173,3,0.9005581140518188,718.1664428710938,227.57650756835938,-5.59505558013916,8.823237419128418,20.08525013923645,19.391333913803102,19.31517677307129,19.277828063964844,19.277828063964844,17.47303481238229
1,171,174,3,0.9005581140518188,718.502685546875,223.42369079589844,-5.87778377532959,8.837143898010254,20.38103985786438,19.866581439971924,19.789662551879882,19.572006912231444,19.572006912231444,18.09621659415109
1,172,175,3,0.9005581140518188,718.5985107421875,219.71421813964844,-6.13092565536499,8.835847854614258,18.22645354270935,19.35934524536133,19.28884735107422,19.57297130584717,19.57297130584717,18.60585631779262
1,173,176,3,0.9005581140518188,719.089599609375,215.02053833007812,-6.450105667114258,8.859013557434082,23.041409254074097,20.115907144546508,20.055243301391602,19.620911865234376,19.620911865234376,19.01506805419922
1,174,177,3,0.9005581140518188,718.0325317382812,211.39053344726562,-6.702114582061768,8.780479431152344,19.005285501480103,20.147887659072875,19.92689380645752,19.675164756774905,19.675164756774905,19.30697910853795
1,175,178,3,0.9005581140518188,715.2183837890625,207.56402587890625,-6.975232124328613,8.582660675048828,24.280707836151123,20.98697919845581,20.174213218688966,19.846972045898436,19.846972045898436,19.507369978768484
1,176,179,3,0.9005581140518188,714.5343627929688,203.59698486328125,-7.250758171081543,8.527956008911133,20.225106954574585,20.95579261779785,20.265950775146486,19.942229690551763,19.942229690551763,19.64401209150042
1,177,180,3,0.9005581140518188,712.8858032226562,200.2449951171875,-7.488832473754883,8.408880233764648,19.165855407714844,21.14367299079895,20.497691917419434,20.183998603820804,20.183998603820804,19.773465025765557
1,178,181,3,0.9005581140518188,711.7178955078125,195.5660400390625,-7.817228317260742,8.319302558898926,24.50835871696472,21.437062883377074,21.165121650695802,20.405974273681643,20.405974273681643,19.892603220258444
1,179,182,3,0.9005581140518188,710.00341796875,190.983642578125,-8.142847061157227,8.192209243774414,25.167092084884644,22.669424200057982,22.409342193603518,20.902463951110843,20.902463951110843,20.082530741010395
1,180,183,3,0.9005581140518188,707.07666015625,187.054443359375,-8.431266784667969,7.982445240020752,25.677552938461304,22.94879322052002,22.67849349975586,21.40332000732422,21.40332000732422,20.337160475594658
1,181,184,3,0.9005581140518188,705.0164794921875,183.01963806152344,-8.72393798828125,7.83113956451416,23.7217698097229,23.64812579154968,23.467193412780762,22.043568534851076,22.043568534851076,20.675503872462684
1,182,185,3,0.9005581140518188,703.3330078125,178.46597290039062,-9.052005767822266,7.704159259796143,25.32849669456482,24.880654048919677,24.691454887390137,22.882321128845213,22.882321128845213,21.10912517002651
1,183,186,3,0.9005581140518188,701.3021240234375,174.6675567626953,-9.330862998962402,7.554013252258301,22.803115367889404,24.539605379104614,24.42385025024414,23.534066848754883,23.534066848754883,21.622244764055527
1,184,187,3,0.9005581140518188,698.1675415039062,170.44110107421875,-9.648844718933105,7.3244829177856445,28.236170053482056,25.153420972824097,25.02858409881592,24.057915229797363,24.057915229797363,22.175661424909322
1,185,188,3,0.9005581140518188,695.3023681640625,165.9741668701172,-9.98421859741211,7.111806392669678,28.592880249023438,25.736486434936523,25.637142562866213,24.649645042419433,24.649645042419433,22.781900106157575
1,186,189,3,0.9005581140518188,690.7058715820312,162.7311248779297,-10.24838638305664,6.776595115661621,30.729008674621582,27.13793420791626,26.692516708374026,25.29470970153809,25.29470970153809,23.409363784790038
1,187,190,3,0.9005581140518188,686.6212158203125,159.14463806152344,-10.535788536071777,6.474071979522705,30.043957471847534,28.081026363372803,27.754019165039065,25.907222557067872,25.907222557067872,24.052778434753417
1,188,191,3,0.9005581140518188,680.9795532226562,155.5626678466797,-10.838682174682617,6.054734706878662,37.24483680725098,30.969370651245118,30.619408035278322,27.146334114074712,27.146334114074712,24.781744946071083
1,189,192,3,0.9005581140518188,676.4527587890625,150.6563262939453,-11.231499671936035,5.709341526031494,37.661025524139404,32.85434174537659,32.56272468566895,28.653162231445314,28.653162231445314,25.6061508178711
1,190,193,3,0.9005581140518188,672.0128173828125,146.55543518066406,-11.569220542907715,5.3686747550964355,34.5381875038147,34.043403196334836,33.92640953063965,30.311015625000003,30.311015625000003,26.57428635733469
1,191,194,3,0.9005581140518188,666.2930908203125,143.25125122070312,-11.864686012268066,4.9294538497924805,38.11343479156494,35.520288419723514,35.344167709350586,32.041345825195314,32.041345825195314,27.714776442391535
1,192,195,3,0.9005581140518188,661.3477172851562,139.8568878173828,-12.1629638671875,4.543537139892578,35.11809825897217,36.535116577148436,36.357261657714844,33.76199432373047,33.76199432373047,29.016540625435972
1,193,196,3,0.9005581140518188,655.7254638671875,136.28677368164062,-12.48492431640625,4.100009441375732,39.46068477630615,36.97828617095947,36.800563430786134,34.998225402832034,34.998225402832034,30.402757154192248
1,194,197,3,0.9005581140518188,649.9874267578125,133.22409057617188,-12.774584770202637,3.6427273750305176,38.973891735076904,37.24085941314697,37.13973541259766,35.913627548217775,35.913627548217775,31.832243581499377
1,195,198,3,0.9005581140518188,644.4993896484375,127.82562255859375,-13.241172790527344,3.192739248275757,46.67209339141846,39.66764059066772,39.515130615234376,37.03137176513672,37.03137176513672,33.24439181736538
1,196,199,3,0.9005581140518188,638.401123046875,122.81133270263672,-13.692431449890137,2.6882436275482178,48.734493255615234,41.79185228347778,41.644830322265626,38.291504287719725,38.291504287719725,34.62129782540458
1,197,200,3,0.9005581140518188,632.3897094726562,118.40721130371094,-14.102755546569824,2.1849896907806396,46.75181293487549,44.11859521865845,43.974350738525395,39.81492210388184,39.81492210388184,35.97899875095913
1,198,201,3,0.9005581140518188,626.4398193359375,114.07046508789062,-14.513204574584961,1.6795401573181152,46.88010835647583,45.60247993469238,45.47435188293457,41.54967979431153,41.54967979431153,37.33733217511859
1,199,202,3,0.9005581140518188,620.607421875,109.98101806640625,-14.908930778503418,1.1772404909133911,46.04084300994873,47.01587018966675,46.958261489868164,43.51338500976563,43.51338500976563,38.73038798740932
1,200,203,3,0.9005581140518188,614.1629638671875,105.46299743652344,-15.352907180786133,0.6136416792869568,51.65761184692383,48.012973880767824,48.00011901855469,45.21038269042969,45.21038269042969,40.18926759992327
1,201,204,3,0.9005581140518188,607.680908203125,99.98060607910156,-15.880928039550781,0.03451407700777054,56.426819801330566,49.55143918991089,49.53222427368164,46.78786148071289,46.78786148071289,41.742729590279716
1,202,205,3,0.9005581140518188,599.9517822265625,96.37834167480469,-16.28778076171875,-0.6593226194381714,57.91139030456543,51.783354663848876,51.64854125976563,48.322699584960944,48.322699584960944,43.35577642168318
1,203,206,3,0.9005581140518188,593.614501953125,92.6461410522461,-16.690031051635742,-1.2409658432006836,50.91749811172485,52.59083261489868,52.452242660522465,49.71827774047852,49.71827774047852,44.98817262922015
1,204,207,3,0.9005581140518188,586.3395385742188,89.84666442871094,-17.039216995239258,-1.9154402017593384,54.68429374694824,54.31952276229858,54.07730598449707,51.142086639404305,51.142086639404305,46.606338991437646
1,205,208,3,0.9005581140518188,578.909912109375,87.82904815673828,-17.333518981933594,-2.614410161972046,54.60490036010742,54.908980464935304,54.53617057800293,52.44929695129396,52.44929695129396,48.16342715672084
1,206,209,3,0.9005581140518188,571.5428466796875,84.95077514648438,-17.703691482543945,-3.323883295059204,57.61708974838257,55.1470344543457,55.02477378845215,53.54780685424805,53.54780685424805,49.59691599164692
1,207,210,3,0.9005581140518188,562.9661865234375,81.89459228515625,-18.11897850036621,-4.166122913360596,67.61221075057983,57.08719854354858,56.96821403503418,54.61174140930176,54.61174140930176,50.939967237200065
1,208,211,3,0.9005581140518188,555.4473876953125,78.71674346923828,-18.533092498779297,-4.922153472900391,62.06519651412964,59.31673822402954,59.28187637329102,55.97766815185547,55.97766815185547,52.252796761649
1,209,212,3,0.9005581140518188,545.9151611328125,76.88958740234375,-18.881103515625,-5.894096374511719,74.33053493499756,63.245986461639404,63.1341911315918,57.789045181274425,57.789045181274425,53.60513184683664
1,210,213,3,0.9005581140518188,537.1995239257812,76.98001861572266,-19.05409049987793,-6.797473430633545,66.22491645812988,65.5699896812439,65.13256301879883,59.90832366943359,59.90832366943359,55.06085269383022
1,211,214,3,0.9005581140518188,528.6357421875,74.08865356445312,-19.490026473999023,-7.718161582946777,73.3448896408081,68.715549659729,68.30622482299805,62.564613876342776,62.564613876342776,56.69264229910715
1,212,215,3,0.9005581140518188,519.4718627929688,72.60431671142578,-19.82461166381836,-8.720722198486328,76.0980806350708,70.41272363662719,70.03429183959962,65.17782943725587,65.17782943725587,58.51100408281599
1,213,216,3,0.9005581140518188,510.6432800292969,70.4213638305664,-20.22296142578125,-9.714178085327148,77.06480026245117,73.4126443862915,73.17007827758789,67.95546981811523,67.95546981811523,60.56924164908272
1,214,217,3,0.9005581140518188,501.1527099609375,68.59034729003906,-20.61515235900879,-10.807514190673828,83.6315689086914,75.27285118103028,75.03021469116212,70.33467453002929,70.33467453002929,62.81537495204382
1,215,218,3,0.9005581140518188,491.4178466796875,65.99986267089844,-21.094636917114258,-11.963356018066406,90.09716892242432,80.04730167388917,79.9818214416504,73.3045262145996,73.3045262145996,65.29064038957868
1,216,219,3,0.9005581140518188,482.1746826171875,63.26524353027344,-21.58840560913086,-13.09262752532959,88.74015998840332,83.1263557434082,83.08198471069336,76.25967819213868,76.25967819213868,67.92930224827357
1,217,220,3,0.9005581140518188,472.77301025390625,60.14512634277344,-22.13687515258789,-14.274816513061523,93.83203983306885,86.67314758300782,86.63311614990235,79.57944305419922,79.57944305419922,70.73946216038294
1,218,221,3,0.9005581140518188,463.1134338378906,54.79280471801758,-22.924734115600586,-15.535971641540527,107.06557846069336,92.67330322265624,92.42159271240234,83.42974594116211,83.42974594116211,73.7201953125
1,219,222,3,0.9005581140518188,453.266357421875,52.064125061035156,-23.48355484008789,-16.8453369140625,102.50124835968018,96.447239112854,96.25733184814453,87.6751693725586,87.6751693725586,76.93410101754323
1,220,223,3,0.9005581140518188,442.4903564453125,50.137847900390625,-24.008487701416016,-18.317903518676758,112.5599012374878,100.9397855758667,100.66702423095704,91.81220993041993,91.81220993041993,80.3422067478725
1,221,247,3,0.9005581140518188,272.60052490234375,63.84828186035156,-29.391374588012695,-49.752708435058594,95.67707061767578,102.3271677017212,96.38048662458148,94.47191031319754,94.47191031319754,83.79038328832509
1,222,248,3,0.9005581140518188,270.499755859375,67.82296752929688,-28.963136672973633,-50.23093032836914,46.21950817108154,92.80466136932372,94.11007363455637,95.96730181012836,95.96730181012836,87.02792265911492
1,223,249,3,0.9005581140518188,267.73736572265625,71.54853057861328,-28.600353240966797,-50.88421630859375,53.80257225036621,82.1520601272583,92.059691292899,95.89492152622769,95.89492152622769,89.83295742112763
1,224,250,3,0.9005581140518188,266.43603515625,74.48126220703125,-28.266725540161133,-51.17937088012695,32.072235345840454,68.06625752449035,89.14014325823103,94.47148380824498,94.47148380824498,91.96039181456274
1,225,251,3,0.9005581140518188,265.5011291503906,78.12735748291016,-27.814926147460938,-51.37262725830078,35.38056206703186,52.63038969039917,85.55958121163505,91.4499952043806,91.4499952043806,93.10614170930823
1,226,252,3,0.9005581140518188,264.3548889160156,81.38875579833984,-27.425291061401367,-51.625797271728516,33.45564794540405,40.18610515594482,39.1032154083252,79.99454096112933,79.99454096112933,92.00890907910407
1,227,253,3,0.9005581140518188,263.13909912109375,84.74456787109375,-27.02461814880371,-51.89672088623047,34.824368476867676,37.90707721710205,36.80520515441895,68.53356726510185,68.53356726510185,88.68338869834433
1,228,254,3,0.9005581140518188,261.97088623046875,88.2637939453125,-26.597454071044922,-52.15428161621094,35.91397833824158,34.329358434677125,34.151598358154295,56.9519486781529,56.9519486781529,83.32339417905224
1,229,255,3,0.9005581140518188,260.9554443359375,91.98493957519531,-26.133451461791992,-52.3703727722168,36.85343599319458,35.285598564147946,35.18242835998535,46.160405698503766,46.160405698503766,76.20812330596301
1,230,256,3,0.9005581140518188,260.0107116699219,94.41600799560547,-25.842830657958984,-52.585472106933594,26.03257441520691,33.41600103378296,33.33888816833496,35.716267089843754,35.716267089843754,67.61117267219389
1,231,257,3,0.9005581140518188,259.0326232910156,97.8197021484375,-25.418296813964844,-52.797298431396484,34.16013979911804,33.55689940452576,33.46394348144531,34.58841270446777,34.58841270446777,59.056448228797144
1,232,258,3,0.9005581140518188,258.04779052734375,101.52228546142578,-24.951364517211914,-53.007633209228516,36.872610569000244,33.96654782295227,33.8706470489502,34.00150108337402,34.00150108337402,50.84952049722477
1,233,259,3,0.9005581140518188,257.27166748046875,105.656005859375,-24.413955688476562,-53.15782928466797,40.176199436187744,34.8189920425415,34.60429344177246,34.092040100097655,34.092040100097655,44.29202037422025
1,234,260,3,0.9005581140518188,256.9708557128906,109.76252746582031,-23.858570098876953,-53.18311309814453,40.029175758361816,35.45413999557495,34.78615493774414,34.01278541564941,34.01278541564941,39.36048011001275
1,235,261,3,0.9005581140518188,257.0836181640625,114.17527770996094,-23.243377685546875,-53.095279693603516,44.743027210235596,39.19623055458069,38.14521789550781,34.97405136108398,34.97405136108398,36.22078049328862
1,236,262,3,0.9005581140518188,257.7489318847656,118.54142761230469,-22.61322021484375,-52.862998962402344,48.355533599853516,42.03530931472778,40.404182052612306,36.36209907531738,36.36209907531738,34.821022404261996
1,237,263,3,0.9005581140518188,258.2367248535156,122.89767456054688,-21.993946075439453,-52.67822265625,46.53020668029785,43.96682853698731,42.850185012817384,38.15800666809082,38.15800666809082,35.16984234401158
1,238,264,3,0.9005581140518188,258.2369689941406,127.15533447265625,-21.408761978149414,-52.622657775878906,42.32276487350464,44.396141624450685,43.95562591552734,40.0282731628418,40.0282731628418,35.94696526663644
1,239,265,3,0.9005581140518188,259.02838134765625,131.640625,-20.764083862304688,-52.35795593261719,50.177178382873535,46.42574214935303,46.1176254272461,42.29456726074219,42.29456726074219,37.13168900626046
1,240,266,3,0.9005581140518188,260.161865234375,136.30511474609375,-20.085899353027344,-52.003597259521484,55.0931396484375,48.49576463699341,48.10858840942383,44.28724136352539,44.28724136352539,38.588146329607284
1,241,267,3,0.9005581140518188,261.51031494140625,141.8069305419922,-19.290861129760742,-51.585426330566406,64.67799425125122,51.76025676727295,51.257246017456055,46.457854156494136,46.457854156494136,40.366013292585095
1,242,268,3,0.9005581140518188,263.47430419921875,146.6457977294922,-18.571670532226562,-51.02176284790039,65.79049730300903,55.61231489181519,54.74998512268066,48.8378141784668,48.8378141784668,42.346550837925506
1,243,269,3,0.9005581140518188,265.596435546875,152.06320190429688,-17.776844024658203,-50.41633987426758,71.93827486038208,61.53541688919067,61.193504333496094,52.28538986206055,52.28538986206055,44.6213066646031
1,244,270,3,0.9005581140518188,267.6701354980469,156.2720947265625,-17.152849197387695,-49.844085693359375,60.95999765396118,63.6919807434082,63.360914611816405,55.73404769897461,55.73404769897461,47.13216966901507
1,245,271,3,0.9005581140518188,270.416259765625,161.82765197753906,-16.338150024414062,-49.09495544433594,79.6871509552002,68.61078300476075,68.31403198242188,59.77513641357423,59.77513641357423,49.953150133405416
1,246,272,3,0.9005581140518188,272.9893798828125,167.44912719726562,-15.529363632202148,-48.39664077758789,76.93491268157959,71.06216669082642,71.00998764038086,63.72568473815918,63.72568473815918,53.01473834446499
1,247,273,3,0.9005581140518188,275.88287353515625,172.47921752929688,-14.800117492675781,-47.63652038574219,75.84245109558105,73.07255744934082,72.97899169921875,67.3714860534668,67.3714860534668,56.312487585885194
1,248,274,3,0.9005581140518188,278.78216552734375,177.62298583984375,-14.065423965454102,-46.8835334777832,75.74604606628418,73.83411169052124,73.78558044433593,69.88990127563477,69.88990127563477,59.65992288861957
1,249,275,3,0.9005581140518188,282.20648193359375,182.04510498046875,-13.422606468200684,-46.025535583496094,77.19040489196777,77.08019313812255,76.86961441040039,72.59164123535156,72.59164123535156,63.05332675388881
1,250,276,3,0.9005581140518188,286.06878662109375,187.14422607421875,-12.694660186767578,-45.07163619995117,86.39489650726318,78.42174224853515,78.16178512573242,74.56119186401368,74.56119186401368,66.23558418273926
1,251,277,3,0.9005581140518188,291.44500732421875,191.2745361328125,-12.075150489807129,-43.80211639404297,101.70806980133057,83.37637367248536,82.77337875366212,76.91387008666993,76.91387008666993,69.26127309526717
1,252,278,3,0.9005581140518188,296.7182922363281,195.54281616210938,-11.453540802001953,-42.58142852783203,98.62889385223389,87.93366222381592,87.29955368041992,79.77798248291016,79.77798248291016,72.11882253374372
1,253,279,3,0.9005581140518188,301.93487548828125,200.13803100585938,-10.805614471435547,-41.39543151855469,97.3038740158081,92.2452278137207,91.91850814819337,83.40456802368165,83.40456802368165,74.93009157453265
1,254,280,3,0.9005581140518188,307.45440673828125,204.78363037109375,-10.161104202270508,-40.16960906982422,99.71503829956055,96.75015449523926,96.52219161987306,87.33508346557618,87.33508346557618,77.78203406197683
1,255,281,3,0.9005581140518188,314.48699951171875,207.83578491210938,-9.704337120056152,-38.67413330078125,112.58470630645752,101.98811645507813,101.69099807739258,92.04092605590822,92.04092605590822,80.94646617344448
1,256,282,3,0.9005581140518188,320.7882080078125,211.0947265625,-9.243193626403809,-37.36294937133789,100.07369899749756,101.66124229431152,101.29542846679688,95.74533599853515,95.74533599853515,84.25413685389928
1,257,283,3,0.9005581140518188,327.58673095703125,214.04043579101562,-8.824634552001953,-35.98823547363281,103.46553039550781,102.62856960296631,102.21093292236328,98.72761184692384,98.72761184692384,87.70648256574358
1,258,284,3,0.9005581140518188,334.1622314453125,216.63339233398438,-8.45937728881836,-34.69363021850586,96.85045623779297,102.53788604736329,102.2490966796875,100.79372955322266,100.79372955322266,91.11789106096539
1,259,285,3,0.9005581140518188,341.4407653808594,220.02175903320312,-8.006135940551758,-33.2921142578125,106.05467319488525,103.80581302642823,103.78376998901368,102.24604522705079,102.24604522705079,94.32761431012834
1,260,286,3,0.9005581140518188,348.55792236328125,223.2042236328125,-7.5891218185424805,-31.958219528198242,100.62437152862549,101.41374607086182,101.39239654541016,102.1863249206543,102.1863249206543,97.01072243826731
1,261,287,3,0.9005581140518188,356.0960693359375,226.81614685058594,-7.132142066955566,-30.580142974853516,104.53461170196533,102.30592861175538,102.29373550415039,102.385986328125,102.385986328125,99.16085141863142
1,262,288,3,0.9005581140518188,363.3741455078125,230.19540405273438,-6.7142109870910645,-29.28499412536621,97.98554134368896,101.20993080139161,101.19761581420899,102.18332290649414,102.18332290649414,100.6097652544294
1,263,289,3,0.9005581140518188,370.8676452636719,233.93008422851562,-6.26730489730835,-27.983610153198242,99.0706729888916,101.65397415161132,101.64966888427735,102.0634373474121,102.0634373474121,101.51235116141184
1,264,290,3,0.9005581140518188,378.41650390625,237.265625,-5.874148845672607,-26.709440231323242,96.00817394256592,99.64467430114746,99.6381820678711,101.23431976318359,101.23431976318359,101.8704522923061
1,265,291,3,0.9005581140518188,387.3878173828125,240.8262176513672,-5.4621901512146,-25.239971160888672,109.88080787658691,101.49596157073975,101.47525405883789,101.25089126586913,101.25089126586913,101.93576110839844
1,266,292,3,0.9005581140518188,394.78265380859375,244.008056640625,-5.106217861175537,-24.059783935546875,88.75465679168701,98.33997058868408,98.32095565795899,100.45633529663087,100.45633529663087,101.68008826119559
1,267,293,3,0.9005581140518188,402.9798278808594,248.16690063476562,-4.6571245193481445,-22.78070068359375,97.60551738739014,98.26396579742432,98.23443145751953,99.86369842529297,99.86369842529297,101.34828447614397
1,268,294,3,0.9005581140518188,411.76470947265625,251.40216064453125,-4.312056064605713,-21.45534324645996,98.60700702667236,98.17123260498047,98.13286972045898,99.1603385925293,99.1603385925293,100.88747765677317
1,269,295,3,0.9005581140518188,420.25115966796875,254.65859985351562,-3.974801540374756,-20.209186553955078,92.95105648040771,97.55980911254883,97.51769027709962,98.736240234375,98.736240234375,100.39503727504186
1,270,296,3,0.9005581140518188,429.1669616699219,258.7999267578125,-3.559633255004883,-18.931303024291992,96.74161434173584,94.93197040557861,94.88607330322266,97.41840408325196,97.41840408325196,99.73146109444755
1,271,297,3,0.9005581140518188,437.8116149902344,262.71356201171875,-3.177859306335449,-17.7265625,90.99247741699219,95.37953453063965,95.3322006225586,96.82065307617188,96.82065307617188,99.1009372820173
1,272,298,3,0.9005581140518188,446.2951354980469,267.195068359375,-2.751986503601074,-16.571678161621094,88.62511253356934,93.5834535598755,93.52410507202148,95.87858779907228,95.87858779907228,98.33346535818919
1,273,299,3,0.9005581140518188,455.3720397949219,270.777587890625,-2.422255277633667,-15.375320434570312,89.34948921203613,91.73194999694825,91.68404617309571,94.58882308959963,94.58882308959963,97.4952493286133
1,274,300,3,0.9005581140518188,464.98577880859375,275.06915283203125,-2.0366878509521484,-14.14069938659668,93.12668323516846,91.76707534790039,91.73469314575196,93.43222366333009,93.43222366333009,96.57646721976144
1,275,301,3,0.9005581140518188,474.2103576660156,279.10931396484375,-1.6840213537216187,-12.989123344421387,86.71446132659912,89.76164474487305,89.72877502441406,92.40076400756837,92.40076400756837,95.61081370762416
1,276,302,3,0.9005581140518188,483.936767578125,283.6429443359375,-1.2977347373962402,-11.806805610656738,89.55516529083252,89.47418231964112,89.44056930541993,91.22243774414062,91.22243774414062,94.5374133518764
1,277,303,3,0.9005581140518188,493.14068603515625,287.3262023925781,-0.9958927631378174,-10.721006393432617,81.1420669555664,87.97757320404052,87.96293563842774,90.11020385742187,90.11020385742187,93.49338474818639
1,278,304,3,0.9005581140518188,502.518310546875,291.78338623046875,-0.6347327828407288,-9.640416145324707,82.03298950195312,86.51427326202392,86.50117721557618,89.07363006591797,89.07363006591797,92.38666717529297
1,279,305,3,0.9005581140518188,512.899658203125,295.1962890625,-0.37703394889831543,-8.483461380004883,85.34211444854736,84.95735950469971,84.89748916625977,87.70618927001954,87.70618927001954,91.21918167114258
1,280,306,3,0.9005581140518188,522.2327270507812,297.85894775390625,-0.18607915937900543,-7.472842216491699,74.05209159851074,82.42488555908203,82.31106719970704,86.22264770507813,86.22264770507813,90.02401375906808
1,281,307,3,0.9005581140518188,531.5008544921875,299.79803466796875,-0.06042374670505524,-6.497013568878174,70.83976221084595,78.68180494308471,78.50949554443359,84.03643295288087,84.03643295288087,88.68175794328963
1,282,308,3,0.9005581140518188,541.8229370117188,301.86444091796875,0.068198062479496,-5.438509464263916,76.77289009094238,77.80796957015991,77.59591369628906,81.96302856445314,81.96302856445314,87.19065287998744
1,283,309,3,0.9005581140518188,550.6478271484375,302.4607849121094,0.07952465862035751,-4.560332775115967,63.23397874832153,74.0481674194336,73.87271575927734,79.43733627319337,79.43733627319337,85.50706695556642
1,284,310,3,0.9005581140518188,559.969970703125,301.6770324707031,-0.023292571306228638,-3.6591038703918457,65.30939483642578,70.04162349700928,69.6572479248047,76.38928802490234,76.38928802490234,83.54693612234932
1,285,311,3,0.9005581140518188,569.9876708984375,300.55364990234375,-0.1536252796649933,-2.714843988418579,68.63126993179321,68.95745916366577,68.5167709350586,73.63042877197265,73.63042877197265,81.34076450892859
1,286,312,3,0.9005581140518188,578.754638671875,298.6398620605469,-0.3387414216995239,-1.9106099605560303,59.41899347305298,66.67330541610718,66.16571044921875,71.16167175292969,71.16167175292969,78.97726200648717
1,287,313,3,0.9005581140518188,586.87841796875,296.8570556640625,-0.5075260996818542,-1.1805685758590698,53.949514389038086,62.10863027572632,61.87229461669922,68.01694793701172,68.01694793701172,76.37644775390626
1,288,314,3,0.9005581140518188,593.8944091796875,294.4747314453125,-0.7161963582038879,-0.5641503930091858,46.85616159439087,58.833066844940184,58.674737548828126,64.97735229492187,64.97735229492187,73.6537219456264
1,289,315,3,0.9005581140518188,601.70654296875,291.561279296875,-0.9646077156066895,0.10946958512067795,51.69339466094971,56.10986680984497,55.93472328186035,62.23284736633301,62.23284736633301,70.83512463160925
1,290,316,3,0.9005581140518188,608.5736694335938,288.12591552734375,-1.246134877204895,0.6888740062713623,46.38091278076172,51.65979537963867,51.47647132873535,58.82478744506835,58.82478744506835,67.89047479901994
1,291,317,3,0.9005581140518188,614.780517578125,283.5096435546875,-1.6116342544555664,1.2002830505371094,45.258689403533936,48.827734565734865,48.401806640625004,55.272006683349616,55.272006683349616,64.87372032165528
1,292,318,3,0.9005581140518188,620.2501220703125,278.8265380859375,-1.9760087728500366,1.6432918310165405,41.29974031448364,46.29777975082398,45.83325462341309,52.064198684692386,52.064198684692386,61.79283030918666
1,293,319,3,0.9005581140518188,625.7097778320312,273.44342041015625,-2.388594150543213,2.0781607627868652,43.160244941711426,45.55859642028808,45.030167770385745,49.33528472900391,49.33528472900391,58.674775020054405
1,294,320,3,0.9005581140518188,630.117431640625,268.2095947265625,-2.784560441970825,2.422988176345825,37.80481767654419,42.780881023406984,42.38738594055176,46.62581726074218,46.62581726074218,55.618899209158755
1,295,321,3,0.9005581140518188,634.3262939453125,263.2884826660156,-3.153489112854004,2.749457836151123,35.46983456611633,40.598665380477904,40.432997131347655,44.41712242126465,44.41712242126465,52.68172351292201
1,296,322,3,0.9005581140518188,637.0877685546875,259.11480712890625,-3.4639925956726074,2.959481716156006,26.990153074264526,36.94495811462402,36.78632583618164,42.094026260375976,42.094026260375976,49.80474906921387
1,297,323,3,0.9005581140518188,639.4226684570312,254.74423217773438,-3.7875874042510986,3.1338376998901367,26.465618133544922,33.97813367843628,33.78187065124512,39.68374946594239,39.68374946594239,47.070315072195875
1,298,324,3,0.9005581140518188,641.52587890625,250.03338623046875,-4.135098457336426,3.288102149963379,27.375290393829346,30.821142768859865,30.595293045043945,36.796774520874024,36.796774520874024,44.43099619184222
1,299,325,3,0.9005581140518188,643.419921875,246.090087890625,-4.424719333648682,3.4272894859313965,23.135803699493408,27.887339973449706,27.694244956970216,33.858146324157715,33.858146324157715,41.83013156890869
1,300,326,3,0.9005581140518188,644.912353515625,241.7634735107422,-4.742250442504883,3.533336877822876,24.103557586669922,25.614084577560426,25.511294174194337,30.873805732727057,30.873805732727057,39.192777426583426
1,301,327,3,0.9005581140518188,645.6676025390625,238.45309448242188,-4.985378742218018,3.58389949798584,17.879783391952515,23.792010641098024,23.681382179260254,28.25281700134277,28.25281700134277,36.56806310381209
1,302,328,3,0.9005581140518188,646.3426513671875,234.89218139648438,-5.246892929077148,3.627436876296997,19.08817219734192,22.316521453857423,22.183538818359377,25.933150634765628,25.933150634765628,33.927495705740796
1,303,329,3,0.9005581140518188,646.5069580078125,232.0858917236328,-5.453730583190918,3.632859468460083,14.897427678108215,19.820948910713195,19.62656192779541,23.73940441131592,23.73940441131592,31.30540687016079
1,304,330,3,0.9005581140518188,646.6771850585938,229.78514099121094,-5.6232218742370605,3.64009428024292,12.214485883712769,17.63668534755707,17.528380966186525,21.70623161315918,21.70623161315918,28.7371900340489
1,305,331,3,0.9005581140518188,647.3841552734375,227.05441284179688,-5.822900295257568,3.6882941722869873,14.789771318435669,15.773928093910218,15.720525741577148,19.748077926635744,19.748077926635744,26.301661949157722
1,306,332,3,0.9005581140518188,647.613525390625,224.56338500976562,-6.006150722503662,3.6996545791625977,13.21936047077179,14.841843509674073,14.793325996398925,17.97046669006348,17.97046669006348,24.031993430001396
1,307,333,3,0.9005581140518188,647.4834594726562,222.57337951660156,-6.153564929962158,3.6841650009155273,10.67225432395935,13.158659934997559,13.08160629272461,16.150080184936524,16.150080184936524,21.92860406603132
1,308,334,3,0.9005581140518188,648.0506591796875,220.7369384765625,-6.287299633026123,3.7237467765808105,10.04179036617279,12.187532472610474,12.074533367156983,14.639674472808839,14.639674472808839,19.983869419097903
1,309,335,3,0.9005581140518188,647.6878662109375,219.13772583007812,-6.406734466552734,3.691058874130249,8.915559232234955,11.527747142314912,11.306424236297607,13.395283126831055,13.395283126831055,18.192745489392966
1,310,336,3,0.9005581140518188,647.6446533203125,216.73236083984375,-6.5847039222717285,3.6812708377838135,12.833166360855103,11.136426150798798,10.970438289642335,12.445265636444091,12.445265636444091,16.579297092982703
1,311,337,3,0.9005581140518188,647.704345703125,215.060791015625,-6.708077430725098,3.681506395339966,8.88290923833847,10.269135904312133,10.111122035980225,11.508824844360351,11.508824844360351,15.122524697440012
1,312,338,3,0.9005581140518188,647.3980712890625,213.64749145507812,-6.8138532638549805,3.6537020206451416,7.874578356742859,9.709600710868836,9.518265438079835,10.796156673431396,10.796156673431396,13.843678804125105
1,313,339,3,0.9005581140518188,646.5341796875,212.212158203125,-6.923702239990234,3.5819575786590576,9.446570634841919,9.590556764602661,9.388893699645996,10.2590287399292,10.2590287399292,12.742044811248778
1,314,340,3,0.9005581140518188,646.0090942382812,211.052490234375,-7.011886119842529,3.537503480911255,7.1103649735450745,9.229517912864685,8.99035005569458,9.795813903808597,9.795813903808597,11.834292485373362
1,315,341,3,0.9005581140518188,645.4954833984375,209.3353271484375,-7.141510963439941,3.492396593093872,9.881912469863892,8.639267134666444,8.466753673553468,9.29507698059082,9.29507698059082,11.070778557913645
1,316,342,3,0.9005581140518188,645.5814208984375,207.54949951171875,-7.273656368255615,3.494385242462158,9.515546321868896,8.765794551372528,8.578507804870606,8.988554134368897,8.988554134368897,10.441245844704765
1,317,343,3,0.9005581140518188,645.3485107421875,206.28775024414062,-7.368415355682373,3.4726109504699707,7.000453412532806,8.590969562530518,8.400682067871093,8.765037460327148,8.765037460327148,9.915498962402344
1,318,344,3,0.9005581140518188,645.1946411132812,204.50796508789062,-7.501346111297607,3.4556729793548584,9.648398280143738,8.63133509159088,8.514531326293946,8.590164985656738,8.590164985656738,9.498547554016115
1,319,345,3,0.9005581140518188,645.2315063476562,203.31964111328125,-7.589452743530273,3.455390691757202,6.343710243701935,8.478004145622254,8.400591945648193,8.472213363647462,8.472213363647462,9.166555652618412
1,320,346,3,0.9005581140518188,644.6627197265625,202.0248260498047,-7.688567638397217,3.406928062438965,7.943655967712402,8.090352845191955,7.973178291320801,8.373498287200928,8.373498287200928,8.897194159371512
1,321,347,3,0.9005581140518188,644.0575561523438,199.513427734375,-7.8785858154296875,3.352222442626953,14.237007737159729,9.034645128250123,8.948298168182374,8.447456359863281,8.447456359863281,8.70457165309361
1,322,348,3,0.9005581140518188,643.8668212890625,197.57785034179688,-8.023755073547363,3.331866502761841,10.554443120956421,9.745443069934845,9.652073764801026,8.697734699249269,8.697734699249269,8.619237041473388
1,323,349,3,0.9005581140518188,642.9877319335938,195.464111328125,-8.186220169067383,3.256331443786621,12.899951219558716,10.39575365781784,10.271446037292481,9.049117641448976,9.049117641448976,8.627888971056256
1,324,350,3,0.9005581140518188,642.37353515625,192.4276580810547,-8.416415214538574,3.1992080211639404,17.076731085777283,12.54235782623291,12.466578769683839,9.862315006256102,9.862315006256102,8.784642906188965
1,325,351,3,0.9005581140518188,641.5463256835938,190.15602111816406,-8.591180801391602,3.1270642280578613,13.613091588020325,13.676244950294494,13.608070278167725,10.989293403625489,10.989293403625489,9.127375537327358
1,326,352,3,0.9005581140518188,640.6614990234375,187.3957061767578,-8.803306579589844,3.0488080978393555,16.27922558784485,14.084688520431518,14.01445369720459,12.002524509429932,12.002524509429932,9.631705701010569
1,327,353,3,0.9005581140518188,639.432373046875,185.03829956054688,-8.988031387329102,2.943842887878418,15.297407269477844,15.033281350135804,14.96762924194336,13.065635604858397,13.065635604858397,10.302011032104492
1,328,354,3,0.9005581140518188,638.074951171875,182.3384552001953,-9.199975967407227,2.8272602558135986,17.416264414787292,15.93654398918152,15.851795196533203,14.181705436706542,14.181705436706542,11.121189471653528
1,329,355,3,0.9005581140518188,637.2843017578125,179.2525634765625,-9.437687873840332,2.754962682723999,17.889339566230774,16.099065685272215,16.03743667602539,14.895877017974854,14.895877017974854,12.006638374328613
1,330,356,3,0.9005581140518188,636.0648193359375,176.88626098632812,-9.62488842010498,2.6497952938079834,15.459763526916504,16.468400073051452,16.39537811279297,15.453338584899901,15.453338584899901,12.92152708053589
1,331,357,3,0.9005581140518188,634.2867431640625,173.23980712890625,-9.9137601852417,2.495295524597168,23.586685180664062,17.929891991615296,17.866931533813478,16.223834152221677,16.223834152221677,13.830315529959538
1,332,358,3,0.9005581140518188,633.1755981445312,170.18614196777344,-10.153679847717285,2.396188974380493,18.69000792503357,18.608412122726442,18.54561882019043,16.939432067871095,16.939432067871095,14.680335339137484
1,333,359,3,0.9005581140518188,630.55859375,167.19058227539062,-10.402527809143066,2.17350697517395,24.04331946372986,19.933823132514952,19.710251998901366,17.711123428344727,17.711123428344727,15.495849470411027
1,334,360,3,0.9005581140518188,628.1630859375,163.8433837890625,-10.67792797088623,1.9666366577148438,24.7998526096344,21.315925741195677,21.161892700195313,18.736014633178712,18.736014633178712,16.30590361731393
1,335,361,3,0.9005581140518188,624.9844970703125,161.2634735107422,-10.903373718261719,1.695569634437561,25.38478660583496,23.30093035697937,22.972722816467286,20.051483573913575,20.051483573913575,17.144443351200646
1,336,362,3,0.9005581140518188,621.0189208984375,158.3690643310547,-11.162185668945312,1.3553160429000854,30.77998995780945,24.739591312408447,24.34460277557373,21.347017822265624,21.347017822265624,18.06603489467076
1,337,363,3,0.9005581140518188,617.6837768554688,154.5627899169922,-11.487974166870117,1.062442421913147,31.54167938232422,27.309925603866578,27.16689434051514,23.07127292633057,23.07127292633057,19.154311229160857
1,338,364,3,0.9005581140518188,614.6881103515625,151.01205444335938,-11.79323959350586,0.7968310117721558,29.134336709976196,28.328129053115845,28.178839874267577,24.76499050140381,24.76499050140381,20.37447642190116
1,339,365,3,0.9005581140518188,611.033447265625,147.79977416992188,-12.081463813781738,0.47341179847717285,31.191309928894043,29.606420516967773,29.509929656982422,26.434597892761236,26.434597892761236,21.73092868259975
1,340,366,3,0.9005581140518188,607.3277587890625,143.6280059814453,-12.448246955871582,0.13954578340053558,35.71057677268982,31.671578550338744,31.574586868286133,28.154970703125002,28.154970703125002,23.222906864711216
1,341,367,3,0.9005581140518188,602.80859375,140.93850708007812,-12.710993766784668,-0.26443180441856384,34.69725966453552,32.45503249168396,32.27139129638672,29.7403284072876,29.7403284072876,24.794951689583915
1,342,368,3,0.9005581140518188,598.59814453125,138.08668518066406,-12.98598575592041,-0.6461005806922913,33.8699848651886,32.92069358825684,32.72052268981934,30.85105407714844,30.85105407714844,26.337747475760324
1,343,369,3,0.9005581140518188,593.580810546875,134.8866729736328,-13.301714897155762,-1.105666995048523,40.14516305923462,35.12285885810852,34.96264343261719,32.20781478881837,32.20781478881837,27.88928989955357
1,344,370,3,0.9005581140518188,588.968505859375,133.10171508789062,-13.502527236938477,-1.5295488834381104,33.77110576629639,35.63881802558899,35.364454650878905,33.37871978759766,33.37871978759766,29.361782308306015
1,345,371,3,0.9005581140518188,583.5311889648438,130.26303100585938,-13.801798820495605,-2.0381598472595215,42.4890661239624,36.994515895843506,36.92274513244629,34.44835144042969,34.44835144042969,30.745119585309713
1,346,372,3,0.9005581140518188,578.2958984375,128.11328125,-14.046342849731445,-2.532649278640747,39.7190523147583,37.99887442588806,37.90228958129883,35.57453109741211,35.57453109741211,32.05082432883127
1,347,373,3,0.9005581140518188,572.1483154296875,125.73326873779297,-14.325876235961914,-3.1213889122009277,46.92463302612305,40.60980405807495,40.531228637695314,37.136672286987306,37.136672286987306,33.33392455509731
1,348,374,3,0.9005581140518188,565.9715576171875,125.21067810058594,-14.456281661987305,-3.715710401535034,43.809120655059814,41.34259557723999,41.09769058227539,38.36368171691895,38.36368171691895,34.56583217075893
1,349,375,3,0.9005581140518188,559.4677124023438,124.3680191040039,-14.620296478271484,-4.352838516235352,47.368836879730225,44.062141799926756,43.72569580078125,40.03592994689941,40.03592994689941,35.87795729500907
1,350,376,3,0.9005581140518188,553.2377319335938,121.39590454101562,-14.962623596191406,-4.981487274169922,51.53847885131836,45.872024345397946,45.561133575439456,41.76360763549805,41.76360763549805,37.243070558820456
1,351,377,3,0.9005581140518188,546.8228759765625,119.91429138183594,-15.18675708770752,-5.633716583251953,49.655932903289795,47.85940046310425,47.57922592163086,43.698994903564454,43.698994903564454,38.71739557538714
1,352,378,3,0.9005581140518188,539.8826904296875,118.02311706542969,-15.458346366882324,-6.353129863739014,55.36590528488159,49.547654914855954,49.31161880493164,45.45507293701172,45.45507293701172,40.28978436061315
1,353,379,3,0.9005581140518188,532.9176025390625,115.47892761230469,-15.792118072509766,-7.0913777351379395,58.33393049240112,52.45261688232422,52.277333450317386,47.69100151062012,47.69100151062012,42.020708705357144
1,354,380,3,0.9005581140518188,525.8050537109375,112.85177612304688,-16.142118453979492,-7.8600029945373535,60.808467864990234,55.14054307937622,55.052733993530275,49.95640914916992,49.95640914916992,43.852099685668954
1,355,381,3,0.9005581140518188,519.6749877929688,109.41334533691406,-16.553165435791016,-8.539693832397461,57.19081163406372,56.271009635925296,56.12427864074707,52.06903816223145,52.06903816223145,45.81000774928501
1,356,382,3,0.9005581140518188,512.132080078125,106.28419494628906,-16.970256805419922,-9.387444496154785,68.02557563781738,59.94493818283081,59.844685363769536,54.52213005065918,54.52213005065918,47.87946490696499
1,357,383,3,0.9005581140518188,504.7215576171875,104.25475311279297,-17.294307708740234,-10.233301162719727,65.21795082092285,61.915347290039065,61.81355209350586,57.02251670837403,57.02251670837403,50.059309060232984
1,358,384,3,0.9005581140518188,496.97601318359375,101.79205322265625,-17.671552658081055,-11.138110160827637,70.58178091049194,64.36491737365722,64.25098571777345,59.417247161865234,59.417247161865234,52.304773668561666
1,359,385,3,0.9005581140518188,488.910400390625,100.332275390625,-17.971162796020508,-12.096527099609375,72.29923152923584,66.66307010650635,66.44869079589844,61.69643852233887,61.69643852233887,54.62496875217983
1,360,386,3,0.9005581140518188,480.94732666015625,98.20836639404297,-18.33775520324707,-13.068160057067871,74.77124977111816,70.17915773391724,70.0908302307129,64.48974884033204,64.48974884033204,57.02478979928153
1,361,387,3,0.9005581140518188,473.0045166015625,95.26323699951172,-18.79033660888672,-14.064327239990234,78.7792854309082,72.3298996925354,72.26723556518554,66.97425888061524,66.97425888061524,59.45591118948801
1,362,388,3,0.9005581140518188,464.5530090332031,92.80268859863281,-19.21914291381836,-15.146871566772461,83.83524513244629,76.05335855484009,75.99075622558594,69.80969970703124,69.80969970703124,61.9902914101737
1,363,389,3,0.9005581140518188,456.478759765625,89.68171691894531,-19.71397590637207,-16.211231231689453,84.51098155975342,78.83919868469238,78.75108489990235,72.70971954345704,72.70971954345704,64.58851848057338
1,364,390,3,0.9005581140518188,447.9147033691406,86.0858383178711,-20.280481338500977,-17.370813369750977,92.9207067489624,82.9634937286377,82.9108039855957,76.00214218139648,76.00214218139648,67.29989354814803
1,365,391,3,0.9005581140518188,439.3135681152344,82.52560424804688,-20.85965347290039,-18.566505432128906,95.65762424468994,87.14076862335205,87.10723114013672,79.40542236328125,79.40542236328125,70.15534714835032
1,366,392,3,0.9005581140518188,430.7005615234375,78.57804107666016,-21.494298934936523,-19.798973083496094,99.81162357330322,91.34723625183105,91.2982406616211,83.21162338256836,83.21162338256836,73.22894498552596
1,367,393,3,0.9005581140518188,421.4666748046875,76.33162689208984,-21.98981285095215,-21.14588165283203,103.33183193206787,95.24655361175537,95.15418777465821,87.04430969238283,87.04430969238283,76.45102510724749
1,368,394,3,0.9005581140518188,412.66009521484375,74.12820434570312,-22.48257064819336,-22.46837615966797,101.61447143554688,98.66725158691406,98.52902297973633,90.99989730834962,90.99989730834962,79.88325916835241
1,369,395,3,0.9005581140518188,404.0870361328125,71.41410064697266,-23.03630256652832,-23.796428680419922,103.5985336303711,100.8028169631958,100.67967224121094,94.55367095947267,94.55367095947267,83.41811220441546
1,370,396,3,0.9005581140518188,394.328369140625,67.73262023925781,-23.749849319458008,-25.358821868896484,123.668701171875,106.40503234863282,106.29580078125001,98.39138488769532,98.39138488769532,87.08692153930663
1,371,397,3,0.9005581140518188,385.18670654296875,63.51631164550781,-24.524051666259766,-26.875415802001953,122.59987735748291,110.96268310546876,110.84768371582031,102.30127349853515,102.30127349853515,90.84394029889789
1,372,398,3,0.9005581140518188,375.9727783203125,60.462181091308594,-25.196102142333984,-28.443830490112305,122.85606479644775,114.86752967834472,114.7855613708496,106.22754821777343,106.22754821777343,94.67567256382536
1,373,399,3,0.9005581140518188,366.28631591796875,58.22784423828125,-25.815357208251953,-30.139741897583008,129.99125576019287,120.54288654327392,120.44230499267579,110.61020462036133,110.61020462036133,98.58975559779576
1,374,400,3,0.9005581140518188,357.23358154296875,53.582855224609375,-26.708398818969727,-31.798879623413086,135.66338539123535,126.95585689544677,126.78831024169922,115.831932220459,115.831932220459,102.70227310180664
1,375,407,3,0.9005581140518188,299.92852783203125,43.80226516723633,-30.58251190185547,-43.496849060058594,126.74873788016184,127.57186423710414,126.86592240767045,119.94595654574307,119.94595654574307,106.83742442143428
1,376,408,3,0.9005581140518188,294.586669921875,44.52886199951172,-30.775114059448242,-44.705101013183594,88.09247303009033,120.67038337162562,123.66812688654119,122.51004517988724,122.51004517988724,110.83119216720779
1,377,409,3,0.9005581140518188,290.14117431640625,44.59292221069336,-31.009584426879883,-45.73612976074219,76.12946033477783,111.32506247929163,119.41108703613281,123.43515031294389,123.43515031294389,114.4088729422433
1,378,413,3,0.9005581140518188,276.06036376953125,49.984413146972656,-31.078210830688477,-49.06199264526367,59.878273487091064,97.30246602467129,101.00828116280692,119.54834554697013,119.54834554697013,116.872740377734
1,379,414,3,0.9005581140518188,274.1302490234375,50.917518615722656,-31.061574935913086,-49.53005599975586,33.72184109687805,76.91415716579982,93.8968996320452,112.97006342503933,112.97006342503933,117.83595683591487
1,380,415,3,0.9005581140518188,272.654541015625,52.431182861328125,-30.939844131469727,-49.880428314208984,26.705997705459595,56.905609130859375,57.54215097427368,99.10530913835996,112.97006342503933,118.17307952229744
1,381,416,3,0.9005581140518188,271.01287841796875,54.0202751159668,-30.81655502319336,-50.273712158203125,29.67521595954895,45.2221577167511,50.11888647079468,84.39546105521066,112.97006342503933,117.76424112295179
1,382,417,3,0.9005581140518188,269.4317626953125,55.4034423828125,-30.717243194580078,-50.65669631958008,28.486870765686035,35.693639802932736,44.36318778991699,69.3858812059675,112.97006342503933,116.76768496285123
1,383,418,3,0.9005581140518188,267.6658935546875,56.46202850341797,-30.672401428222656,-51.0933952331543,31.607648849487305,30.03951487541199,29.830174255371094,55.15025982448033,112.97006342503933,115.40483042644439
1,384,419,3,0.9005581140518188,266.63714599609375,57.32418441772461,-30.612342834472656,-51.34608840942383,18.700728178024292,27.035292291641234,26.93909797668457,41.7586994934082,112.97006342503933,113.90981801388659
1,385,420,3,0.9005581140518188,265.68182373046875,58.29161834716797,-30.533348083496094,-51.579524993896484,17.74369990825653,25.242832732200622,25.157457160949708,35.281760730743414,112.97006342503933,112.97006342503934
1,386,421,3,0.9005581140518188,264.7579345703125,59.33859634399414,-30.441287994384766,-51.80467224121094,17.513375401496887,22.81046462059021,22.698456001281738,29.79767463684082,112.97006342503933,112.97006342503934
1,387,422,3,0.9005581140518188,263.71710205078125,59.98924255371094,-30.410381317138672,-52.06611251831055,18.954776287078857,20.904045724868773,20.771060943603516,25.079249267578128,112.97006342503933,112.97006342503934
1,388,423,3,0.9005581140518188,262.70416259765625,60.412960052490234,-30.409236907958984,-52.324317932128906,18.590972185134888,18.30071039199829,18.125855255126954,22.738385467529298,112.97006342503933,112.97006342503934
1,389,424,3,0.9005581140518188,261.66387939453125,61.027305603027344,-30.383148193359375,-52.588260650634766,19.096482753753662,18.379861307144164,18.189212036132812,20.988408279418945,112.97006342503933,112.97006342503934
1,390,425,3,0.9005581140518188,261.13690185546875,61.896026611328125,-30.292327880859375,-52.715091705322266,11.231640815734863,17.077449488639832,16.716424369812014,19.300201721191407,112.97006342503933,112.97006342503934
1,391,426,3,0.9005581140518188,260.29718017578125,62.769439697265625,-30.218412399291992,-52.92442321777344,15.983867168426514,16.771547842025758,16.44071216583252,18.048652954101563,112.97006342503933,112.97006342503934
1,392,427,3,0.9005581140518188,259.520263671875,63.48548889160156,-30.16265296936035,-53.11992263793945,14.637288808822632,15.908050346374512,15.588523292541504,17.012145423889162,112.97006342503933,112.97006342503934
1,393,428,3,0.9005581140518188,258.4488220214844,64.47998046875,-30.084495544433594,-53.39043045043945,20.27321720123291,16.244499349594115,16.0484281539917,16.596660003662112,112.97006342503933,112.97006342503934
1,394,429,3,0.9005581140518188,257.5907897949219,65.43202209472656,-29.99987030029297,-53.605812072753906,16.66153371334076,15.757509541511535,15.657726860046386,16.090362968444822,112.97006342503933,112.97006342503934
1,395,430,3,0.9005581140518188,256.6170349121094,66.33255767822266,-29.928728103637695,-53.8535270690918,18.55644464492798,17.222470307350157,17.209295082092286,16.18893711090088,112.97006342503933,112.97006342503934
1,396,431,3,0.9005581140518188,255.42642211914062,67.83238983154297,-29.785297393798828,-54.15235137939453,23.865403175354004,18.798777508735657,18.74986324310303,16.65076732635498,112.97006342503933,112.97006342503934
1,397,432,3,0.9005581140518188,254.1838836669922,68.84565734863281,-29.712697982788086,-54.473148345947266,23.681474447250366,20.607614636421204,20.53542652130127,17.640147972106934,112.97006342503933,112.97006342503934
1,398,433,3,0.9005581140518188,252.87646484375,69.95047760009766,-29.630455017089844,-54.81190490722656,25.098989725112915,21.572769141197206,21.488073348999023,18.7280770111084,112.97006342503933,112.97006342503934
1,399,434,3,0.9005581140518188,251.50216674804688,71.23192596435547,-29.526517868041992,-55.168270111083984,26.727335214614868,23.585929441452027,23.50924015045166,20.298379669189455,112.97006342503933,112.97006342503934
1,400,435,3,0.9005581140518188,250.42620849609375,72.48278045654297,-29.40959358215332,-55.44523620605469,21.645731449127197,24.20378680229187,24.10887908935547,21.67829647064209,112.97006342503933,112.97006342503934
1,401,436,3,0.9005581140518188,249.49581909179688,73.96593475341797,-29.25098991394043,-55.68012619018555,20.406435012817383,23.511993169784546,23.306569862365723,22.589637794494628,112.97006342503933,112.97006342503934
1,402,437,3,0.9005581140518188,248.48028564453125,75.01516723632812,-29.158376693725586,-55.94538879394531,20.22949719429016,22.821597719192503,22.65319061279297,23.013190612792968,112.97006342503933,112.97006342503934
1,403,438,3,0.9005581140518188,247.6460723876953,75.99873352050781,-29.064653396606445,-56.16239929199219,17.019680500030518,21.205735874176025,21.08489742279053,22.93255542755127,112.97006342503933,112.97006342503934
1,404,439,3,0.9005581140518188,246.79315185546875,77.82659912109375,-28.851011276245117,-56.373497009277344,21.624610662460327,20.185190963745118,19.89536647796631,22.2097806930542,112.97006342503933,112.97006342503934
1,405,440,3,0.9005581140518188,245.82177734375,79.3230972290039,-28.69063377380371,-56.62295913696289,21.352862119674683,20.126617097854613,19.869570922851562,21.36191905975342,112.97006342503933,112.97006342503934
1,406,441,3,0.9005581140518188,244.7036895751953,81.13951110839844,-28.491819381713867,-56.909934997558594,25.136386156082153,21.07260732650757,20.811710357666016,20.862947158813476,112.97006342503933,112.97006342503934
1,407,442,3,0.9005581140518188,243.3729248046875,82.85575103759766,-28.318134307861328,-57.25945281982422,28.101149797439575,22.64693784713745,22.460176277160645,20.824344291687012,112.97006342503933,112.97006342503934
1,408,443,3,0.9005581140518188,242.4306182861328,84.40306091308594,-28.146778106689453,-57.50331497192383,21.459345817565918,23.534870910644532,23.39966697692871,21.28729820251465,112.97006342503933,112.97006342503934
1,409,444,3,0.9005581140518188,241.80117797851562,86.32286071777344,-27.90423583984375,-57.65399932861328,20.558808088302612,23.32171039581299,22.932061386108398,21.89463718414307,112.97006342503933,112.97006342503934
1,410,445,3,0.9005581140518188,240.984375,88.07232666015625,-27.69573974609375,-57.86069869995117,21.138499975204468,23.278837966918946,22.867514991760256,22.494225997924808,112.97006342503933,112.97006342503934
1,411,446,3,0.9005581140518188,240.254638671875,90.04320526123047,-27.45000648498535,-58.040008544921875,21.902307271957397,22.632022190093995,22.13313388824463,22.75851070404053,112.97006342503933,112.97006342503934
1,412,447,3,0.9005581140518188,238.62039184570312,92.06440734863281,-27.24390411376953,-58.47806167602539,34.856385469436646,23.983069324493407,23.392700958251954,22.945015640258788,112.97006342503933,112.97006342503934
1,413,448,3,0.9005581140518188,237.0695343017578,94.47712707519531,-26.975189208984375,-58.88917922973633,35.36258053779602,26.76371626853943,26.13209381103516,23.49150100708008,112.97006342503933,112.97006342503934
1,414,449,3,0.9005581140518188,236.16439819335938,96.959716796875,-26.661264419555664,-59.114471435546875,27.82083535194397,28.2161217212677,27.616319274902345,24.42835258483887,112.97006342503933,112.97006342503934
1,415,450,3,0.9005581140518188,234.76559448242188,99.49533081054688,-26.36380386352539,-59.483341217041016,34.11825442314148,30.812072610855104,30.229788208007815,25.900807228088382,112.97006342503933,112.97006342503934
1,416,451,3,0.9005581140518188,234.0475311279297,102.76905059814453,-25.922626495361328,-59.6441764831543,33.80976605415344,33.193564367294314,31.896063995361327,27.85339324951172,112.97006342503933,112.97006342503934
1,417,452,3,0.9005581140518188,233.449951171875,105.5428695678711,-25.547531127929688,-59.77756118774414,28.66359829902649,31.95500693321228,30.771489715576173,29.329151000976566,112.97006342503933,112.97006342503934
1,418,453,3,0.9005581140518188,232.547607421875,108.65695190429688,-25.136852264404297,-59.9954719543457,33.47359085083008,31.577208995819092,30.895858383178712,30.281903915405273,112.97006342503933,112.97006342503934
1,419,454,3,0.9005581140518188,231.76251220703125,112.40565490722656,-24.626506805419922,-60.1700325012207,38.83489751815796,33.78002142906189,33.0085189819336,31.36034385681153,112.97006342503933,112.97006342503934
1,420,455,3,0.9005581140518188,231.1622772216797,116.10285949707031,-24.113924026489258,-60.29128646850586,37.92450428009033,34.54127140045166,34.423935699462895,32.199173355102545,112.97006342503933,112.97006342503934
1,421,456,3,0.9005581140518188,231.104736328125,119.53840637207031,-23.61425018310547,-60.25666809082031,36.06275510787964,34.9918692111969,34.39082908630371,32.69812637329102,112.97006342503933,112.97006342503934
1,422,457,3,0.9005581140518188,230.52935791015625,123.70523834228516,-23.030969619750977,-60.363643646240234,42.696664810180664,37.798482513427736,37.208259201049806,33.98548027038574,112.97006342503933,112.97006342503934
1,423,458,3,0.9005581140518188,230.09768676757812,128.02969360351562,-22.41777801513672,-60.42595672607422,44.37717390060425,39.97919912338257,39.6423454284668,35.73477767944336,112.97006342503933,112.97006342503934
1,424,459,3,0.9005581140518188,229.79031372070312,132.0438995361328,-21.844392776489258,-60.45627975463867,41.34142827987671,40.480505275726316,40.27393569946289,37.18786102294922,112.97006342503933,112.97006342503934
1,425,460,3,0.9005581140518188,230.25601196289062,137.0372314453125,-21.097373962402344,-60.24404525756836,55.913947105407715,44.07839384078979,43.44364585876465,38.99180305480957,112.97006342503933,112.97006342503934
1,426,461,3,0.9005581140518188,230.33468627929688,141.54623413085938,-20.438146591186523,-60.15338897705078,47.91107654571533,46.448058128356934,45.76006507873535,41.2656502532959,112.97006342503933,112.97006342503934
1,427,462,3,0.9005581140518188,231.4064178466797,146.34780883789062,-19.701377868652344,-59.7679443359375,59.868149757385254,49.88235511779785,48.70743255615235,43.56548492431641,112.97006342503933,112.97006342503934
1,428,463,3,0.9005581140518188,232.321044921875,151.79611206054688,-18.881282806396484,-59.42094802856445,64.11487197875977,53.82989473342896,52.941968536376955,46.225409545898444,112.97006342503933,112.97006342503934
1,429,464,3,0.9005581140518188,233.525634765625,156.61141967773438,-18.14736557006836,-59.00151062011719,60.862884521484375,57.734185981750485,57.21053466796875,49.61272933959961,112.97006342503933,112.97006342503934
1,430,465,3,0.9005581140518188,235.72933959960938,161.82286071777344,-17.330896377563477,-58.29347229003906,77.81132125854492,62.11366081237793,61.07890319824219,53.139780807495114,112.97006342503933,112.97006342503934
1,431,466,3,0.9005581140518188,237.76223754882812,167.1861572265625,-16.50691032409668,-57.639381408691406,75.74687004089355,67.68081951141357,67.19548645019532,57.426865081787106,112.97006342503933,112.97006342503934
1,432,467,3,0.9005581140518188,239.68276977539062,172.94354248046875,-15.638927459716797,-57.0179443359375,76.86074638366699,71.07933883666992,70.64224090576172,61.81382675170899,112.97006342503933,112.97006342503934
1,433,468,3,0.9005581140518188,241.94305419921875,178.51998901367188,-14.79654598236084,-56.31122589111328,79.16914558410645,74.09019355773925,73.92608184814453,66.0106494140625,112.97006342503933,112.97006342503934
1,434,469,3,0.9005581140518188,244.68153381347656,183.05441284179688,-14.09770393371582,-55.49618148803711,77.30123805999756,77.3778642654419,77.1268798828125,69.99391845703124,112.97006342503933,112.97006342503934
1,435,470,3,0.9005581140518188,248.28953552246094,188.69265747070312,-13.237068176269531,-54.442962646484375,97.92963123321533,81.40152626037597,80.92985916137695,73.9641096496582,112.97006342503933,112.97006342503934
1,436,471,3,0.9005581140518188,251.62319946289062,193.2928009033203,-12.538005828857422,-53.493621826171875,84.88479995727539,83.22911224365234,82.64586868286133,77.05418609619142,112.97006342503933,112.97006342503934
1,437,472,3,0.9005581140518188,256.2023620605469,198.93814086914062,-11.686079978942871,-52.22180938720703,110.21609687805176,89.90018234252929,89.49795913696289,80.82532974243165,112.97006342503933,112.97006342503934
1,438,473,3,0.9005581140518188,260.36956787109375,203.82733154296875,-10.959181785583496,-51.09020233154297,96.83706665039062,93.43376655578614,93.30538787841797,84.70119094848633,112.97006342503933,112.97006342503934
1,439,474,3,0.9005581140518188,265.30072021484375,209.39773559570312,-10.144720077514648,-49.78065872192383,111.03540229797363,100.18059940338135,100.07045288085938,89.2899055480957,112.97006342503933,112.97006342503934
1,440,475,3,0.9005581140518188,270.30010986328125,213.5782928466797,-9.528508186340332,-48.49924850463867,102.3750171661377,101.06967658996582,100.88344116210938,93.28062194824219,112.97006342503933,112.97006342503934
1,441,476,3,0.9005581140518188,274.1182556152344,217.4586181640625,-8.9776029586792,-47.53080368041992,80.22047710418701,100.13681201934814,100.00659484863282,96.75276718139648,112.97006342503933,112.97006342503934
1,442,477,3,0.9005581140518188,278.5276794433594,221.5747833251953,-8.399317741394043,-46.43611145019531,89.13951301574707,95.9214952468872,95.81910781860351,98.01699691772461,112.97006342503933,112.97006342503934
1,443,478,3,0.9005581140518188,285.49249267578125,224.5735626220703,-7.950075626373291,-44.78680419921875,123.07646942138672,101.16937580108643,100.58123474121093,99.47216629028321,112.97006342503933,112.97006342503934
1,444,479,3,0.9005581140518188,293.00567626953125,228.46131896972656,-7.398133277893066,-43.05174255371094,131.09298706054688,105.18089275360107,104.65744400024414,100.38956451416016,112.97006342503933,112.97006342503934
1,445,480,3,0.9005581140518188,300.56298828125,231.05767822265625,-7.020435333251953,-41.37175369262695,123.97844696044922,109.50157871246338,108.80494766235351,101.97386581420899,101.97386581420899,111.39917805206358
1,446,481,3,0.9005581140518188,307.9024963378906,233.29360961914062,-6.698588848114014,-39.78959274291992,116.24863815307617,116.70721092224122,116.20386199951172,105.21331924438478,105.21331924438478,110.2910717405415
1,447,482,3,0.9005581140518188,314.9220275878906,235.71697998046875,-6.365156650543213,-38.31461715698242,108.87795352935791,120.65489902496338,120.56204223632812,110.16190612792971,110.16190612792971,109.88990641238297
1,448,483,3,0.9005581140518188,323.57354736328125,237.24557495117188,-6.137092113494873,-36.56324768066406,127.16326332092285,121.47225780487061,121.26287384033203,114.29823394775391,114.29823394775391,110.07964505848506
1,449,484,3,0.9005581140518188,330.44415283203125,238.5430145263672,-5.951415538787842,-35.210853576660156,98.28582000732422,114.91082439422607,114.8146339416504,116.32967193603515,116.32967193603515,110.55958913148447
1,450,485,3,0.9005581140518188,339.46295166015625,239.48098754882812,-5.801724433898926,-33.49267578125,124.17740249633789,114.9506155014038,114.8079460144043,117.53027160644531,117.53027160644531,111.2110474431139
1,451,486,3,0.9005581140518188,349.41192626953125,240.2181396484375,-5.675356388092041,-31.662567138671875,132.08157634735107,118.1172031402588,117.95309143066406,117.88011749267578,117.88011749267578,111.91248373849054
1,452,487,3,0.9005581140518188,356.4127502441406,240.42730712890625,-5.623241901397705,-30.41485595703125,89.91353416442871,114.32431926727295,114.25713958740235,116.61913696289064,116.61913696289064,114.00466533115933
1,453,488,3,0.9005581140518188,363.49688720703125,240.95339965820312,-5.537436008453369,-29.18002700805664,89.12207221984863,106.71608104705811,106.66846389770508,113.70025497436525,113.70025497436525,115.21708472115654
1,454,489,3,0.9005581140518188,372.910888671875,241.9920654296875,-5.390079498291016,-27.581893920898438,115.55368423461914,110.16965389251709,110.15400009155273,112.7681282043457,112.7681282043457,115.58940216064454
1,455,490,3,0.9005581140518188,382.15997314453125,242.95413208007812,-5.255949974060059,-26.060632705688477,109.9557294845581,107.32531929016113,107.30960540771484,111.26846008300781,111.26846008300781,115.15657732282365
1,456,491,3,0.9005581140518188,390.9344482421875,243.71932983398438,-5.147817611694336,-24.660837173461914,101.08553981781006,101.12611198425293,101.11068649291992,107.899979095459,107.899979095459,113.95233548845563
1,457,492,3,0.9005581140518188,399.210693359375,245.00546264648438,-4.990568161010742,-23.372896194458008,93.42036151885986,101.82747745513916,101.8126579284668,105.41108276367189,105.41108276367189,112.22102279663086
1,458,493,3,0.9005581140518188,410.26812744140625,245.90235900878906,-4.869905948638916,-21.710132598876953,120.03378009796143,108.00981903076172,107.99512481689453,105.67641494750978,105.67641494750978,110.47763671875
1,459,494,3,0.9005581140518188,419.3850402832031,246.92662048339844,-4.745177745819092,-20.38041877746582,96.1596565246582,104.13101348876953,104.11622314453125,104.46885955810546,104.46885955810546,108.74188280378071
1,460,495,3,0.9005581140518188,428.8982238769531,247.56045532226562,-4.661432266235352,-19.035173416137695,97.0451717376709,101.5489019393921,101.52820129394532,103.31257873535158,103.31257873535158,107.25792905535017
1,461,496,3,0.9005581140518188,438.82354736328125,248.90342712402344,-4.510734558105469,-17.66888999938965,98.96897220611572,101.12558841705322,101.10112838745117,103.31066711425781,103.31066711425781,105.90686318533764
1,462,497,3,0.9005581140518188,448.9622497558594,249.84349060058594,-4.402497291564941,-16.317371368408203,97.62089824676514,101.96569576263428,101.95185470581055,103.33850646972655,103.33850646972655,104.77401266915459
1,463,498,3,0.9005581140518188,459.052734375,250.642822265625,-4.31074333190918,-15.012871742248535,94.15601634979248,96.79014301300049,96.77610626220704,101.09470275878907,101.09470275878907,103.80183033534458
1,464,499,3,0.9005581140518188,469.2353515625,251.69036865234375,-4.198606014251709,-13.733739852905273,92.45072364807129,96.04835643768311,96.03524322509766,99.47850677490234,99.47850677490234,102.95431947980607
1,465,500,3,0.9005581140518188,479.22894287109375,252.9990234375,-4.066171169281006,-12.513062477111816,88.40451908111572,94.32022590637207,94.30874862670899,98.0346162414551,98.0346162414551,101.8626339503697
1,466,501,3,0.9005581140518188,490.23590087890625,253.98106384277344,-3.9657747745513916,-11.210419654846191,94.06842613220215,93.34011669158936,93.33246231079102,96.48088302612305,96.48088302612305,100.72149444580077
1,467,502,3,0.9005581140518188,500.24639892578125,255.10177612304688,-3.857006788253784,-10.059082984924316,83.26533794403076,90.46900463104248,90.46104125976562,94.18272033691406,94.18272033691406,99.4172289603097
1,468,503,3,0.9005581140518188,510.4378967285156,256.5505676269531,-3.722503900527954,-8.917908668518066,82.73329067230225,88.18445949554443,88.17528076171875,92.46255523681641,92.46255523681641,97.8674986921038
1,469,504,3,0.9005581140518188,522.509765625,257.544921875,-3.6298136711120605,-7.609647274017334,94.43094062805176,88.58050289154053,88.5664764404297,90.96880187988282,90.96880187988282,96.10039803641182
1,470,505,3,0.9005581140518188,533.0699462890625,259.05133056640625,-3.497361660003662,-6.496894836425781,80.68374824523926,87.03634872436524,87.01916198730468,89.51088455200195,89.51088455200195,94.44556686401367
1,471,506,3,0.9005581140518188,543.9068603515625,260.17108154296875,-3.400735855102539,-5.388559341430664,80.10284614562988,84.24323272705078,84.22871017456055,87.69013412475587,87.69013412475587,92.76151362827848
1,472,507,3,0.9005581140518188,556.1243286132812,261.10394287109375,-3.3220407962799072,-4.177211761474609,87.40088367462158,85.07034187316894,85.04855117797852,86.60763610839845,86.60763610839845,91.12908789498465
1,473,508,3,0.9005581140518188,565.84326171875,262.6192626953125,-3.1985714435577393,-3.2376153469085693,68.23253059387207,82.17018985748291,82.14342956542968,85.40126586914063,85.40126586914063,89.54628544398716
1,474,509,3,0.9005581140518188,576.6688232421875,263.6670837402344,-3.115699052810669,-2.22019100189209,73.49716186523438,77.98343410491944,77.96048126220704,83.28006683349611,83.28006683349611,87.98876351492746
1,475,510,3,0.9005581140518188,588.1732177734375,265.0081787109375,-3.0121400356292725,-1.1679812669754028,76.12513446807861,77.0717113494873,77.05380706787109,81.28699584960938,81.28699584960938,86.39225503104073
1,476,511,3,0.9005581140518188,598.1992797851562,265.81976318359375,-2.9520273208618164,-0.2761697769165039,64.35612916946411,73.92236795425416,73.9014175415039,79.22153732299805,79.22153732299805,84.71407438005721
1,477,512,3,0.9005581140518188,608.8800048828125,267.4029846191406,-2.8344290256500244,0.652431070804596,67.39326524734497,69.92084426879883,69.90041656494141,76.19191040039063,76.19191040039063,82.81136378696988
1,478,513,3,0.9005581140518188,619.3304443359375,268.3739929199219,-2.766068458557129,1.5364620685577393,63.84025239944458,69.04238862991333,69.02825317382813,73.56887512207031,73.56887512207031,80.7940410723005
1,479,514,3,0.9005581140518188,629.1299438476562,269.6318359375,-2.6774723529815674,2.3467185497283936,58.68617534637451,66.08019132614136,66.06557693481446,71.18989425659181,71.18989425659181,78.59150652204242
1,480,515,3,0.9005581140518188,639.1278076171875,270.47076416015625,-2.622058629989624,3.1531524658203125,58.20015907287598,62.49519624710083,62.47735290527344,68.27460342407227,68.27460342407227,76.14484045846122
1,481,516,3,0.9005581140518188,649.158203125,271.7902526855469,-2.532775402069092,3.9449081420898438,57.367717266082764,61.09751386642456,61.0826042175293,65.71084075927735,65.71084075927735,73.6349510192871
1,482,517,3,0.9005581140518188,658.83203125,272.646240234375,-2.4787395000457764,4.690364837646484,53.81370449066162,58.38160171508789,58.3713981628418,63.405037078857426,63.405037078857426,71.08038548060827
1,483,518,3,0.9005581140518188,667.6980590820312,273.4394836425781,-2.429619789123535,5.359386920928955,48.299245834350586,55.27340040206909,55.262899017333986,60.651966247558605,60.651966247558605,68.42758961268835
1,484,519,3,0.9005581140518188,677.053955078125,274.4800109863281,-2.3644113540649414,6.051578044891357,50.05841875076294,53.547849082946776,53.54010543823242,58.146871948242186,58.146871948242186,65.84972697666714
1,485,520,3,0.9005581140518188,685.65625,275.25628662109375,-2.3183107376098633,6.675011157989502,45.009737491607666,50.909764766693115,50.903036499023436,55.83200866699218,55.83200866699218,63.315888911655975
