track_id,obs_index,frame_idx,class_id,confidence,image_x,image_y,world_x_m,world_y_m,raw_speed_kmh,smoothed_speed_kmh,windowed_raw_speed_kmh,windowed_smoothed_speed_kmh,final_filtered_speed_kmh,final_display_speed_kmh
1,0,4,3,0.9176639318466187,400.55218505859375,300.572998046875,0.9239359498023987,-3.167597532272339,,,,,,
1,1,5,3,0.9176639318466187,400.60235595703125,300.6453857421875,0.9285295605659485,-3.1625587940216064,0.4909225031733513,0.4909225031733513,,,,
1,2,6,3,0.9176639318466187,400.64605712890625,300.5710144042969,0.9235119819641113,-3.158926248550415,0.44600197300314903,0.46846223808825016,,,,
1,3,7,3,0.9176639318466187,400.52069091796875,300.5245361328125,0.9208536148071289,-3.1707775592803955,0.8744977042078972,0.6038073934614658,,,,
1,4,8,3,0.9176639318466187,400.5379943847656,300.5162353515625,0.920254647731781,-3.169222831726074,0.11996028106659651,0.4828456153627485,,,,
1,5,9,3,0.9176639318466187,400.5767822265625,300.5595703125,0.9229776859283447,-3.1653964519500732,0.3381403908133507,0.4539045704528689,0.034569070860743525,0.034569070860743525,,
1,6,10,3,0.9176639318466187,400.634521484375,300.5856018066406,0.9245054125785828,-3.1599130630493164,0.4098406992852688,0.43768820967525246,0.06935010999441148,0.0519595904275775,,
1,7,11,3,0.9176639318466187,400.57769775390625,300.6002197265625,0.9256426692008972,-3.165087938308716,0.3814823739230633,0.4247842898592353,0.09388341084122657,0.06593419723212719,,
1,8,12,3,0.9176639318466187,400.6243896484375,300.63726806640625,0.9279278516769409,-3.1605656147003174,0.3648167699575424,0.32284810300916433,0.1788898766040802,0.09417311707511544,,
1,9,13,3,0.9176639318466187,400.639404296875,300.65789794921875,0.9292345643043518,-3.1590635776519775,0.14334353618323803,0.32752475403249265,0.1952511101961136,0.11438871569931508,0.11438871569931508,0.11438871569931508
1,10,14,3,0.9176639318466187,400.64312744140625,300.62664794921875,0.9271721839904785,-3.158891201019287,0.14900914952158928,0.28969850577414036,0.1114601880311966,0.1297669391334057,0.1297669391334057,0.12207782741636039
1,11,15,3,0.9176639318466187,400.6466369628906,300.61865234375,0.9266365170478821,-3.1586105823516846,0.04353981697931886,0.21643832931295037,0.035965603217482565,0.1230900377780199,0.1230900377780199,0.1224152308702469
1,12,16,3,0.9176639318466187,400.6188049316406,300.5955810546875,0.9252095818519592,-3.161311626434326,0.21994536370038986,0.18413092726841568,0.05473533980548382,0.11526042357087136,0.11526042357087136,0.12062652904540301
1,13,17,3,0.9176639318466187,400.580810546875,300.60882568359375,0.9261977076530457,-3.164752721786499,0.25777136720716953,0.1627218467183411,0.06523893401026726,0.09253023505210876,0.09253023505210876,0.11500727024674415
1,14,18,3,0.9176639318466187,400.60540771484375,300.62493896484375,0.9271782040596008,-3.162389039993286,0.18424636870622635,0.17090241322293878,0.05630255788564682,0.06474052459001542,0.06474052459001542,0.10662947930395604
1,15,19,3,0.9176639318466187,400.6175842285156,300.6036376953125,0.9257420897483826,-3.1613800525665283,0.1263693356886506,0.16637445045635105,0.04133465141057968,0.05071541726589203,0.05071541726589203,0.09864175615566118
1,16,20,3,0.9176639318466187,400.6070556640625,300.6114501953125,0.9262877702713013,-3.162310838699341,0.0776843000203371,0.1732033470645547,0.053519826382398605,0.054226261898875236,0.054226261898875236,0.09004711989845549
1,17,21,3,0.9176639318466187,400.61480712890625,300.63568115234375,0.9278537034988403,-3.1614606380462646,0.12829317525029182,0.15487290937453507,0.03813576847314835,0.050906347632408144,0.050906347632408144,0.0787813211125987
1,18,22,3,0.9176639318466187,400.6239013671875,300.6388244628906,0.9280315041542053,-3.160602331161499,0.06311011500656605,0.11594065893441438,0.06533943638205529,0.05092644810676574,0.05092644810676574,0.0684722368738481
1,19,23,3,0.9176639318466187,400.62591552734375,300.64788818359375,0.9286199808120728,-3.1603660583496094,0.04565785685554147,0.08822295656427741,0.03577226288616658,0.0468203891068697,0.0468203891068697,0.05869508909327643
1,20,24,3,0.9176639318466187,400.50518798828125,300.6091613769531,0.9264565706253052,-3.1717453002929688,0.833980992436409,0.2297452879138291,0.14961373955011367,0.0684762067347765,0.0684762067347765,0.055258799333657536
1,21,25,3,0.9176639318466187,400.50286865234375,300.59613037109375,0.9256085753440857,-3.1720316410064697,0.06444249395281076,0.22709692670032383,0.14032081067562105,0.085836403593421,0.085836403593421,0.05827249633414405
1,22,26,3,0.9176639318466187,400.5242919921875,300.6033630371094,0.9260161519050598,-3.1700100898742676,0.1484804693609476,0.23113438552245497,0.12592363804578782,0.10339397750794888,0.10339397750794888,0.06579800494015217
1,23,27,3,0.9176639318466187,400.509765625,300.597900390625,0.9257031083106995,-3.171383857727051,0.10144681110978127,0.23880172474309802,0.15883320271968843,0.12209273077547551,0.12209273077547551,0.0754932147796665
1,24,28,3,0.9176639318466187,400.5364990234375,300.59027099609375,0.9251186847686768,-3.1689531803131104,0.179996307939291,0.2656694149598479,0.1335383489727974,0.14164594799280167,0.14164594799280167,0.08845601483115129
1,25,29,3,0.9176639318466187,400.536376953125,300.5780029296875,0.9243139028549194,-3.169032096862793,0.05822221655398607,0.11051765978336334,0.049784233421087266,0.1216800467669964,0.1216800467669964,0.09856367178261281
1,26,30,3,0.9176639318466187,400.52337646484375,300.5817565917969,0.9246009588241577,-3.1702139377593994,0.08756659738719463,0.11514248047024012,0.029927538335323335,0.09960139229893686,0.09960139229893686,0.10610381509576526
1,27,31,3,0.9176639318466187,400.48974609375,300.5682373046875,0.9238188862800598,-3.1733992099761963,0.23615116998553276,0.13267662059515714,0.05816265642642975,0.08604919597506525,0.08604919597506525,0.10861424213009221
1,28,32,3,0.9176639318466187,400.48077392578125,300.58343505859375,0.92484450340271,-3.174145460128784,0.09132313169538975,0.13065188471227884,0.04164476506412029,0.06261150844395161,0.06261150844395161,0.10529639996588229
1,29,33,3,0.9176639318466187,400.47808837890625,300.58935546875,0.9252414703369141,-3.174361228942871,0.03253084933385253,0.10115879299119115,0.07789596989750862,0.05148303262889385,0.05148303262889385,0.09788055069744586
1,30,34,3,0.9176639318466187,400.533935546875,300.58831787109375,0.9249985218048096,-3.169201135635376,0.371938269585371,0.16390200359746815,0.010154575109481812,0.04355710096657276,0.04355710096657276,0.08666117501045977
1,31,35,3,0.9176639318466187,400.55023193359375,300.58404541015625,0.9246671199798584,-3.167717218399048,0.10947404243052006,0.16828349260613323,0.03596537858247757,0.04476466901600361,0.04476466901600361,0.07282099229948862
1,32,36,3,0.9176639318466187,400.5821838378906,300.57476806640625,0.9239582419395447,-3.1648130416870117,0.21523967944085598,0.16410119449719787,0.12365710437297821,0.0578635586053133,0.0578635586053133,0.06370435113353388
1,33,37,3,0.9176639318466187,400.60302734375,300.5771484375,0.9240491986274719,-3.162872314453125,0.13988574128597975,0.17381371641531587,0.16273676902055742,0.08208195939660072,0.08208195939660072,0.06120157500462873
1,34,38,3,0.9176639318466187,400.61480712890625,300.593017578125,0.9250538349151611,-3.1616954803466797,0.11140781454741955,0.18958910945802926,0.18240678906440735,0.10298412322998048,0.10298412322998048,0.06362085032675947
1,35,39,3,0.9176639318466187,400.6113586425781,300.5861511230469,0.9246140122413635,-3.1620521545410156,0.040771362371742725,0.12335572801530362,0.10309412330389023,0.12157203286886216,0.12157203286886216,0.07204378238746098
1,36,40,3,0.9176639318466187,400.5926513671875,300.58544921875,0.9246264696121216,-3.1637861728668213,0.12485254649072886,0.12643142882734537,0.05661007985472679,0.125700973123312,0.125700973123312,0.082646345315235
1,37,41,3,0.9176639318466187,400.5830078125,300.58612060546875,0.9247007369995117,-3.1646745204925537,0.06418415950611234,0.09622032484039664,0.010876405332237483,0.10314483331516384,0.10314483331516384,0.09115887850789087
1,38,42,3,0.9176639318466187,400.5878601074219,300.58203125,0.9244171380996704,-3.16424822807312,0.03686467045918107,0.0756161106750369,0.020509350299835204,0.0746993495710194,0.0746993495710194,0.0954352614443217
1,39,43,3,0.9176639318466187,400.5921630859375,300.5777587890625,0.9241232872009277,-3.1638736724853516,0.03427685843780637,0.06018991945311427,0.03410836793482304,0.04503966534510255,0.04503966534510255,0.09360327669286303
1,40,44,3,0.9176639318466187,400.6112060546875,300.576904296875,0.9240075945854187,-3.1621172428131104,0.1267369743436575,0.07738304184749722,0.008782569877803325,0.02617735465988517,0.02617735465988517,0.08561690458761793
1,41,45,3,0.9176639318466187,400.58697509765625,300.5733947753906,0.9238530993461609,-3.164377450942993,0.16311471909284592,0.08503547636792064,0.014018467348068954,0.0176590321585536,0.0176590321585536,0.07342760586312838
1,42,46,3,0.9176639318466187,400.58807373046875,300.57086181640625,0.9236834049224854,-3.164289951324463,0.013746605138294399,0.07494796549435705,0.01566133461892605,0.018616018015891314,0.018616018015891314,0.05871960374127542
1,43,47,3,0.9176639318466187,400.58367919921875,300.56878662109375,0.9235609769821167,-3.164707660675049,0.03134024399332702,0.07384308020118624,0.013991659507155418,0.017312479857355356,0.017312479857355356,0.04323553327471018
1,44,48,3,0.9176639318466187,400.5539855957031,300.5867614746094,0.9248336553573608,-3.1673550605773926,0.21149424277245998,0.10928655706811696,0.051164977625012396,0.020723801795393227,0.020723801795393227,0.03146110020045723
1,45,49,3,0.9176639318466187,400.543212890625,300.57415771484375,0.9240401387214661,-3.1684210300445557,0.09568037185817957,0.10307523657102138,0.0907757431268692,0.0371224364452064,0.0371224364452064,0.02609296975391252
1,46,50,3,0.9176639318466187,400.54949951171875,300.5840759277344,0.9246714115142822,-3.1677849292755127,0.06452459469437599,0.0833572116913274,0.05046279206871986,0.04441130138933659,0.04441130138933659,0.026003203474517376
1,47,51,3,0.9176639318466187,400.55059814453125,300.59197998046875,0.9251867532730103,-3.16763973236084,0.038549210876226425,0.0883177328389138,0.05287190861999989,0.05185341618955136,0.05185341618955136,0.029671212264469695
1,48,52,3,0.9176639318466187,400.568115234375,300.59161376953125,0.9251078367233276,-3.1660215854644775,0.11664504557847977,0.10537869315594435,0.029225875809788703,0.054900259450078016,0.054900259450078016,0.03499138759183032
1,49,53,3,0.9176639318466187,400.5671081542969,300.60009765625,0.9256678223609924,-3.1660680770874023,0.040457682218402624,0.07117138104513288,0.022084930166602134,0.049084249958395956,0.049084249958395956,0.03934399215504527
1,50,54,3,0.9176639318466187,400.5699462890625,300.6016540527344,0.9257610440254211,-3.165796995162964,0.02063973667100072,0.0561632540076971,0.04518726915121079,0.03996655516326427,0.03996655516326427,0.042580288627317976
1,51,55,3,0.9176639318466187,400.5772705078125,300.6014404296875,0.9257241487503052,-3.1651206016540527,0.04877273133024573,0.05301288133487105,0.041252662986516954,0.03812452934682369,0.03812452934682369,0.0450661068489509
1,52,56,3,0.9176639318466187,400.5650634765625,300.60009765625,0.9256742000579834,-3.16625714302063,0.0819099610671401,0.06168503137305379,0.021110408194363117,0.03177222926169634,0.03177222926169634,0.044301791537020886
1,53,57,3,0.9176639318466187,400.56201171875,300.59466552734375,0.9253272414207458,-3.166569232940674,0.03360020206309855,0.045076062669977546,0.008495465386658907,0.027626147177070376,0.027626147177070376,0.04190391236384001
1,54,58,3,0.9176639318466187,400.55474853515625,300.594482421875,0.9253379702568054,-3.1672420501708984,0.048449001275002956,0.046674326481297615,0.017559825628995895,0.026721126269549134,0.026721126269549134,0.038313585232411115
1,55,59,3,0.9176639318466187,400.5516357421875,300.5900573730469,0.9250572919845581,-3.1675543785095215,0.030233937548473477,0.04859316665679216,0.027260014414787294,0.023135675322264432,0.023135675322264432,0.03377578749986632
1,56,60,3,0.9176639318466187,400.55731201171875,300.6072692871094,0.9261691570281982,-3.1669344902038574,0.09165533166378736,0.05716968672350049,0.026894575171172618,0.020264057759195566,0.020264057759195566,0.02965861718569483
1,57,61,3,0.9176639318466187,400.5662841796875,300.6004333496094,0.9256924390792847,-3.166142463684082,0.06655877362936735,0.05409944923594594,0.0016721378196962178,0.016376403684262186,0.016376403684262186,0.02628859554583739
1,58,62,3,0.9176639318466187,400.5673522949219,300.60174560546875,0.9257752299308777,-3.166036367416382,0.009689483209513128,0.049317305465228854,0.010024710092693567,0.01668225262546912,0.01668225262546912,0.02322541315707245
1,59,63,3,0.9176639318466187,400.57000732421875,300.6007995605469,0.9257047772407532,-3.1657960414886475,0.018031671876087785,0.04323383958544582,0.02148202322423458,0.017466692144516856,0.017466692144516856,0.02118176499747538
1,60,64,3,0.9176639318466187,400.56829833984375,300.6124267578125,0.9264732599258423,-3.1658899784088135,0.055742593947798014,0.04833557086531073,0.03146719001233578,0.01830812726402655,0.01830812726402655,0.019850619295611976
1,61,65,3,0.9176639318466187,400.5711669921875,300.61700439453125,0.9267646670341492,-3.1655995845794678,0.02962051215581596,0.03592860696371645,0.021048668771982193,0.017138945984188466,0.017138945984188466,0.018481736397703313
1,62,66,3,0.9176639318466187,400.5565185546875,300.62054443359375,0.9270429015159607,-3.1669349670410156,0.09821234364062548,0.04225932096596807,0.022547891177237035,0.02131409665569663,0.02131409665569663,0.018221510873907915
1,63,67,3,0.9176639318466187,400.5575256347656,300.617919921875,0.9268674850463867,-3.166856050491333,0.013849244685843587,0.043091273261234166,0.019664841704070568,0.02324212297797203,0.02324212297797203,0.01864694876230455
1,64,68,3,0.9176639318466187,400.5635986328125,300.6151123046875,0.9266641736030579,-3.1663098335266113,0.041963616851717234,0.04787766225636005,0.015671696327626706,0.022080057598650456,0.022080057598650456,0.019461756464360016
1,65,69,3,0.9176639318466187,400.56878662109375,300.6129150390625,0.9265037775039673,-3.165842294692993,0.035588651429861784,0.04384687375277281,0.0008152307127602398,0.015949665738735345,0.015949665738735345,0.019357101194826618
1,66,70,3,0.9176639318466187,400.56536865234375,300.61505126953125,0.9266546368598938,-3.1661465167999268,0.02444923622533679,0.04281261856667697,0.008033619169145823,0.013346655818168074,0.013346655818168074,0.018768524576776795
1,67,71,3,0.9176639318466187,400.56085205078125,300.6143798828125,0.9266247153282166,-3.1665680408477783,0.030426096869632602,0.0292553692124784,0.008011299837380649,0.010439337550196796,0.010439337550196796,0.0176444117605154
1,68,72,3,0.9176639318466187,400.5565185546875,300.6043395996094,0.9259793758392334,-3.1670241355895996,0.05689756153151393,0.037865032581612466,0.013015803974121809,0.009109530004207046,0.009109530004207046,0.016497352334803768
1,69,73,3,0.9176639318466187,400.5564270019531,300.5970458984375,0.9255009889602661,-3.1670727729797363,0.03462141542695463,0.036396592296659945,0.02003140412271023,0.009981471563223751,0.009981471563223751,0.01487840589302193
1,70,74,3,0.9176639318466187,400.54034423828125,300.59423828125,0.9253670573234558,-3.1685757637023926,0.10864413343369961,0.051007688697427514,0.04262980297207832,0.018344386015087366,0.018344386015087366,0.014178729184038405
1,71,75,3,0.9176639318466187,400.5511474609375,300.58636474609375,0.9248164892196655,-3.1676199436187744,0.07941952999681234,0.06200174745172262,0.03392345644533634,0.02352235347032547,0.02352235347032547,0.01438477145142055
1,72,76,3,0.9176639318466187,400.5606689453125,300.58758544921875,0.924866795539856,-3.1667325496673584,0.0639949506148696,0.06871551820077001,0.02542464751750231,0.027005023006349806,0.027005023006349806,0.0159641082039369
1,73,77,3,0.9176639318466187,400.5621643066406,300.5917663574219,0.9251365065574646,-3.1665711402893066,0.022631033789366484,0.06186221265234053,0.01377917742356658,0.02715769769623876,0.02715769769623876,0.017937114186518426
1,74,78,3,0.9176639318466187,400.568603515625,300.6028747558594,0.9258453845977783,-3.165914297103882,0.06958162318915129,0.06885425420477986,0.01740360539406538,0.02663213795050979,0.02663213795050979,0.02025037138656314
1,75,79,3,0.9176639318466187,400.5767822265625,300.6016845703125,0.9257416725158691,-3.1651644706726074,0.05450147297233343,0.05802572211250663,0.049417930841445926,0.027989763524383305,0.027989763524383305,0.022947547603731182
1,76,80,3,0.9176639318466187,400.58197021484375,300.5979919433594,0.9254831075668335,-3.1647050380706787,0.03795801009982824,0.04973341813310981,0.04305829592049122,0.029816731419414284,0.029816731419414284,0.025781156154615542
1,77,81,3,0.9176639318466187,400.572998046875,300.596435546875,0.9254090189933777,-3.1655433177948,0.06059141177684069,0.04905271036550403,0.018820963427424432,0.028495994601398712,0.028495994601398712,0.02723138595266002
1,78,82,3,0.9176639318466187,400.55511474609375,300.595458984375,0.9254009127616882,-3.167202949523926,0.11949490942060947,0.06842548549175262,0.00986261833459139,0.02771268278360367,0.02771268278360367,0.02783000442598547
1,79,83,3,0.9176639318466187,400.5525207519531,300.59674072265625,0.9254931807518005,-3.167435646057129,0.01802317681722343,0.05811379621736705,0.022486835718154907,0.028729328848421574,0.028729328848421574,0.028076333831995728
1,80,84,3,0.9176639318466187,400.5234375,300.6138610839844,0.9267078638076782,-3.1700313091278076,0.20633900351822376,0.08848130232654512,0.07145018577575683,0.033135779835283756,0.033135779835283756,0.028930345566145016
1,81,85,3,0.9176639318466187,400.54791259765625,300.60906982421875,0.9263167381286621,-3.1677939891815186,0.16353005915880203,0.11359571213833988,0.046072257310152055,0.033738572113215924,0.033738572113215924,0.029945550446531605
1,82,86,3,0.9176639318466187,400.55511474609375,300.6156005859375,0.9267228245735168,-3.1670918464660645,0.058400415815413,0.11315751294605433,0.02924308553338051,0.03582299653440714,0.03582299653440714,0.031064583733677868
1,83,87,3,0.9176639318466187,400.55694580078125,300.6160888671875,0.9267491102218628,-3.1669199466705322,0.012520648073405027,0.09176266067661346,0.019837153516709807,0.03781790357083083,0.03781790357083083,0.03220760832673737
1,84,88,3,0.9176639318466187,400.550048828125,300.614990234375,0.926698625087738,-3.1675639152526855,0.0465080039575696,0.09745962610468269,0.017456394620239735,0.03681181535124779,0.03681181535124779,0.03339558271957295
1,85,89,3,0.9176639318466187,400.5554504394531,300.61492919921875,0.9266777038574219,-3.167064666748047,0.03597744181752205,0.06338731376454235,0.04272185973823071,0.03106615014374256,0.03106615014374256,0.03387464948530708
1,86,90,3,0.9176639318466187,400.544189453125,300.61322021484375,0.9266008138656616,-3.1681156158447266,0.07587058190256357,0.04585541831329465,0.006179307075217366,0.023087560096755624,0.023087560096755624,0.03306868252078338
1,87,91,3,0.9176639318466187,400.5453186035156,300.61798095703125,0.9269096851348877,-3.167984962463379,0.02414650283753872,0.039004635717719796,0.013139343168586493,0.01986681162379682,0.01986681162379682,0.0311731156334281
1,88,92,3,0.9176639318466187,400.5505065917969,300.61737060546875,0.9268534183502197,-3.167508363723755,0.03455342352390289,0.04341119080781937,0.008605307713150979,0.017620442463085053,0.017620442463085053,0.0288705256834094
1,89,93,3,0.9176639318466187,400.5601806640625,300.61236572265625,0.9264946579933167,-3.1666412353515625,0.0675658006221056,0.04762275014072657,0.01360735846683383,0.016850635232403877,0.016850635232403877,0.026160188354551795
1,90,94,3,0.9176639318466187,400.55322265625,300.615478515625,0.9267207384109497,-3.1672675609588623,0.04794335877522826,0.05001593353226781,0.0029866736847907306,0.008903598021715881,0.008903598021715881,0.0220295732761068
1,91,95,3,0.9176639318466187,400.5499267578125,300.615478515625,0.9267310500144958,-3.167572498321533,0.021968039916828275,0.03923542513512075,0.008042604569345713,0.009276257520541549,0.009276257520541549,0.01809592215743448
1,92,96,3,0.9176639318466187,400.53857421875,300.61187744140625,0.9265302419662476,-3.168642282485962,0.0783696798607707,0.05008006053976714,0.010929275024682284,0.008834243891760709,0.008834243891760709,0.014919935550008503
1,93,97,3,0.9176639318466187,400.5355224609375,300.61004638671875,0.9264196157455444,-3.1689345836639404,0.022502522449940443,0.047669880324974656,0.021466570347547533,0.011406496418640019,0.011406496418640019,0.013251212167420558
1,94,98,3,0.9176639318466187,400.52288818359375,300.60736083984375,0.9262829422950745,-3.1701180934906006,0.08577902242541313,0.051312524685636164,0.05015949457883835,0.01871692364104092,0.01871692364104092,0.013086942455598287
1,95,99,3,0.9176639318466187,400.5233154296875,300.611083984375,0.9265259504318237,-3.170058012008667,0.01802341779693961,0.045328536489978435,0.04028027504682541,0.026175643913447854,0.026175643913447854,0.014309114091364402
1,96,100,3,0.9176639318466187,400.5421142578125,300.61187744140625,0.9265191555023193,-3.1683149337768555,0.12550258822739124,0.06603544615209103,0.011117972619831563,0.026790717523545025,0.026790717523545025,0.015729125847241707
1,97,101,3,0.9176639318466187,400.53546142578125,300.6080322265625,0.9262876510620117,-3.1689512729644775,0.048754253424704075,0.0601123608648777,0.005656936392188072,0.025736249797046185,0.025736249797046185,0.018133790386574613
1,98,102,3,0.9176639318466187,400.54345703125,300.606689453125,0.9261744618415833,-3.1682193279266357,0.053326455876231194,0.06627714755013585,0.010887877643108368,0.023620511256158352,0.023620511256158352,0.020182969491662723
1,99,103,3,0.9176639318466187,400.5537414550781,300.6063232421875,0.9261182546615601,-3.1672699451446533,0.06847525388002396,0.06281639384105801,0.04108184315264225,0.02180498097091913,0.02180498097091913,0.022035931931542494
1,100,104,3,0.9176639318466187,400.5445861816406,300.60028076171875,0.9257503151893616,-3.1681501865386963,0.06869133515283465,0.07294997731223703,0.029656336829066276,0.019680193327367305,0.019680193327367305,0.023217888632789254
1,101,105,3,0.9176639318466187,400.53936767578125,300.5989074707031,0.9256765246391296,-3.168640375137329,0.03569122916087508,0.054987705498933795,0.013007423747330904,0.020058083552867177,0.020058083552867177,0.023409482905907292
1,102,106,3,0.9176639318466187,400.5193786621094,300.602783203125,0.9259935021400452,-3.1704678535461426,0.13354306295514107,0.0719454674050212,0.022245740331709386,0.02337584434077144,0.02337584434077144,0.023009511538382092
1,103,107,3,0.9176639318466187,400.52069091796875,300.6036071777344,0.9260434508323669,-3.170341968536377,0.00975112582091242,0.06323040139395744,0.030624188482761383,0.027323106508702046,0.027323106508702046,0.023085567107690236
1,104,108,3,0.9176639318466187,400.46728515625,300.6337890625,0.928191602230072,-3.1751155853271484,0.3768976405262947,0.12491487872321158,0.1168556660413742,0.04247787108644843,0.04247787108644843,0.025477227291890555
1,105,109,3,0.9176639318466187,401.00335693359375,300.6210021972656,0.9256740212440491,-3.1256158351898193,3.568588435649872,0.824894298822619,0.6124956250190735,0.15904572872444986,0.15904572872444986,0.04482368693021791
1,106,110,3,0.9176639318466187,402.35687255859375,300.7003479003906,0.926642894744873,-3.000178813934326,9.031734824180603,2.6241030178265645,2.425886392593384,0.6416215224936604,0.6416215224936604,0.13336890714775237
1,107,111,3,0.9176639318466187,403.72796630859375,300.719970703125,0.9236435890197754,-2.8736648559570312,9.111564874649048,4.419707380165346,4.274097061157227,1.491991786658764,1.491991786658764,0.34369913476652336
1,108,112,3,0.9176639318466187,405.3355712890625,300.63897705078125,0.9133281707763672,-2.726146936416626,10.647226095199585,6.54720237404108,6.3990284442901615,2.765672637820244,2.765672637820244,0.7359297853761486
1,109,113,3,0.9176639318466187,406.595703125,300.62677001953125,0.9086095690727234,-2.610448122024536,8.337239563465118,8.139270758628845,8.136099529266358,4.369521410465241,4.369521410465241,1.35680772339393
1,110,114,3,0.9176639318466187,408.24822998046875,300.622802734375,0.9032193422317505,-2.458935022354126,10.915843963623047,9.60872186422348,9.605647945404053,6.168151874542237,6.168151874542237,2.2340689759701493
1,111,115,3,0.9176639318466187,410.25482177734375,300.63458251953125,0.8977721333503723,-2.2752976417541504,13.22770643234253,10.447916185855865,10.446564674377441,7.772287530899048,7.772287530899048,3.338327498800521
1,112,116,3,0.9176639318466187,412.036865234375,300.6724853515625,0.8947346806526184,-2.1124682426452637,11.725756287574768,10.97075446844101,10.969132804870606,9.111294679641723,9.111294679641723,4.617220206074417
1,113,117,3,0.9176639318466187,413.77105712890625,300.58428955078125,0.883640706539154,-1.9549415111541748,11.370017051696777,11.115312659740448,11.113583278656007,10.054205646514893,10.054205646514893,5.961875080934592
1,114,118,3,0.9176639318466187,415.586181640625,300.76068115234375,0.889531672000885,-1.7892032861709595,11.940688133239746,11.836002373695374,11.829115962982177,10.792808933258057,10.792808933258057,7.290563244734492
1,115,119,3,0.9176639318466187,417.45025634765625,300.76153564453125,0.8838549852371216,-1.6202114820480347,12.174273133277893,12.087688207626343,12.080837631225586,11.287846870422364,11.287846870422364,8.508016706534795
1,116,120,3,0.9176639318466187,418.6402587890625,300.7430725097656,0.8790039420127869,-1.5126149654388428,7.754818797111511,10.99311068058014,10.985955619812012,11.395725059509278,11.395725059509278,9.511760084969657
1,117,121,3,0.9176639318466187,420.07568359375,300.7953796386719,0.8779992461204529,-1.3827241659164429,9.352417588233948,10.518442940711974,10.511077594757081,11.304114017486572,11.304114017486572,10.245468962533135
1,118,122,3,0.9176639318466187,422.02484130859375,300.890380859375,0.8781908750534058,-1.2066340446472168,12.678496241569519,10.780138778686524,10.775913333892822,11.236580028533936,11.236580028533936,10.74036789076669
1,119,123,3,0.9176639318466187,424.1622619628906,300.788818359375,0.8650897145271301,-1.014853835105896,13.840357303619385,11.160072612762452,11.156185340881349,11.10199390411377,11.10199390411377,11.024753494262695
1,120,124,3,0.9176639318466187,426.3831787109375,301.023193359375,0.8734750151634216,-0.814812183380127,14.415647149085999,11.608347415924072,11.598713779449463,11.005569133758545,11.005569133758545,11.16066256386893
1,121,125,3,0.9176639318466187,428.6310729980469,301.04150390625,0.8678150773048401,-0.613755464553833,14.481818318367004,12.953747320175172,12.944579315185548,11.397293872833252,11.397293872833252,11.247017555236814
1,122,126,3,0.9176639318466187,431.62335205078125,301.0495300292969,0.8592525124549866,-0.34704622626304626,19.21295928955078,14.925855660438538,14.916204643249513,12.27831928253174,12.27831928253174,11.388513614109584
1,123,127,3,0.9176639318466187,434.80316162109375,301.39398193359375,0.8717766404151917,-0.06362186372280121,20.426470041275024,16.475450420379637,16.459634399414064,13.415063495635987,13.415063495635987,11.676990533556259
1,124,128,3,0.9176639318466187,437.6624755859375,301.71917724609375,0.8839828968048096,0.1902225762605667,18.29791831970215,17.36696262359619,17.355233001708985,14.654873027801514,14.654873027801514,12.155670392172677
1,125,129,3,0.9176639318466187,440.7627258300781,302.25933837890625,0.9091599583625793,0.46485304832458496,19.856313943862915,18.455095982551576,18.434342765808108,16.021998825073243,16.021998825073243,12.83930164882115
1,126,130,3,0.9176639318466187,443.6694030761719,302.32244873046875,0.9043683409690857,0.7200342416763306,18.376286029815674,19.23398952484131,19.213783264160156,17.27583961486817,17.27583961486817,13.72127960750035
1,127,131,3,0.9176639318466187,446.59527587890625,302.3690185546875,0.898482084274292,0.9759235978126526,18.428906679153442,19.07717900276184,19.059138679504397,18.104426422119143,18.104426422119143,14.73540207726615
1,128,132,3,0.9176639318466187,450.02874755859375,302.5957946777344,0.9025472402572632,1.275410532951355,21.565046310424805,19.304894256591798,19.287158203125,18.66993118286133,18.66993118286133,15.77435026441302
1,129,133,3,0.9176639318466187,453.32843017578125,302.9619445800781,0.9158387184143066,1.5622657537460327,20.675735235214233,19.780457639694212,19.762746047973632,19.15143379211426,19.15143379211426,16.75622376578195
1,130,134,3,0.9176639318466187,457.39971923828125,303.1430969238281,0.9150382280349731,1.9139374494552612,25.320428609848022,20.873280572891236,20.866987037658692,19.637962646484375,19.637962646484375,17.645209358760294
1,131,135,3,0.9176639318466187,461.2646179199219,303.37371826171875,0.9179835915565491,2.246192693710327,23.923317432403564,21.982686853408815,21.97755718231201,20.190717430114745,20.190717430114745,18.436044273376467
1,132,136,3,0.9176639318466187,465.4491882324219,303.80963134765625,0.9328739643096924,2.604311227798462,25.806813955307007,23.458268308639525,23.454011535644533,21.069692001342776,21.069692001342776,19.15714329855783
1,133,137,3,0.9176639318466187,470.07049560546875,304.65435791015625,0.9719997048377991,2.99784255027771,28.4739511013031,24.840049266815186,24.82317581176758,22.176895523071288,22.176895523071288,19.857294142586845
1,134,138,3,0.9176639318466187,474.838623046875,305.437744140625,1.0065888166427612,3.401055335998535,29.137943744659424,26.532490968704224,26.510797691345214,23.526505851745608,23.526505851745608,20.63187691824777
1,135,139,3,0.9176639318466187,478.6952819824219,306.6679992675781,1.0715224742889404,3.7255141735076904,23.82426881790161,26.233259010314942,26.183847999572755,24.58987804412842,24.58987804412842,21.4775836127145
1,136,140,3,0.9176639318466187,483.433349609375,307.2460021972656,1.0929145812988281,4.121109962463379,28.52451181411743,27.153497886657714,27.116067123413085,25.617580032348634,25.617580032348634,22.401318789890837
1,137,141,3,0.9176639318466187,488.0400390625,307.87353515625,1.1176326274871826,4.503311634063721,27.57600975036621,27.507337045669555,27.47472610473633,26.421722946166994,26.421722946166994,23.37042740413121
1,138,142,3,0.9176639318466187,492.7390441894531,308.57037353515625,1.1461782455444336,4.890682697296143,27.966341972351074,27.405815219879152,27.372055435180666,26.931498870849612,26.931498870849612,24.333396181379047
1,139,143,3,0.9176639318466187,497.62738037109375,309.65850830078125,1.197949767112732,5.290811061859131,29.049390077590942,27.388104486465455,27.35164489746094,27.099668312072755,27.099668312072755,25.194821368626187
1,140,144,3,0.9176639318466187,503.3841247558594,310.22955322265625,1.2150853872299194,5.758936405181885,33.72759819030762,29.368770360946655,29.354167556762697,27.733732223510742,27.733732223510742,25.98865518297468
1,141,145,3,0.9176639318466187,508.968505859375,311.1702880859375,1.2551066875457764,6.20925760269165,32.55091953277588,30.174051904678343,30.15989456176758,28.342497711181643,28.342497711181643,26.67665402003697
1,142,146,3,0.9176639318466187,514.3621215820312,311.8538513183594,1.2798402309417725,6.641205310821533,31.151179790496826,30.889085912704466,30.87415351867676,29.022383193969727,29.022383193969727,27.30986904144287
1,143,147,3,0.9176639318466187,520.2564697265625,312.394775390625,1.2942367792129517,7.110077857971191,33.77473211288452,32.05076394081116,32.030327224731444,29.954037551879885,29.954037551879885,27.929362972804476
1,144,148,3,0.9176639318466187,525.4698486328125,312.89410400390625,1.3081361055374146,7.5218024253845215,29.66105604171753,32.173097133636475,32.165435028076175,30.916795578002926,30.916795578002926,28.571516205923896
1,145,149,3,0.9176639318466187,531.4793090820312,312.4053955078125,1.2602778673171997,7.995447158813477,34.2760648727417,32.28279047012329,32.21232948303223,31.48842796325684,31.48842796325684,29.22250607626779
1,146,150,3,0.9176639318466187,536.7686157226562,311.5983581542969,1.1958516836166382,8.410848617553711,30.26648211479187,31.82590298652649,31.7143913269043,31.799327316284177,31.799327316284177,29.89388593401228
1,147,151,3,0.9176639318466187,542.261962890625,311.0108642578125,1.144253134727478,8.839364051818848,31.075977087020874,31.810862445831297,31.713646316528322,31.96722587585449,31.96722587585449,30.498670741489956
1,148,152,3,0.9176639318466187,547.8316040039062,310.1646423339844,1.0772954225540161,9.272204399108887,31.535186290740967,31.36295328140259,31.290954208374025,31.81935127258301,31.81935127258301,30.995364107404438
1,149,153,3,0.9176639318466187,552.8096313476562,309.82666015625,1.0426334142684937,9.655742645263672,27.727294921875,30.976201057434082,30.965669631958008,31.579398193359378,31.579398193359378,31.3606519644601
1,150,154,3,0.9176639318466187,558.098876953125,309.42596435546875,1.003535270690918,10.061217308044434,29.32958436012268,29.98690495491028,29.975955963134766,31.132123489379882,31.132123489379882,31.528949955531534
1,151,155,3,0.9176639318466187,563.1875,308.3724670410156,0.926558792591095,10.451796531677246,28.66264772415161,29.666138076782225,29.64437484741211,30.718120193481447,30.718120193481447,31.500567757742747
1,152,156,3,0.9176639318466187,568.3603515625,307.17529296875,0.8411844372749329,10.847600936889648,29.153324604034424,29.281607580184936,29.246062088012696,30.22460334777832,30.22460334777832,31.32002138410296
1,153,157,3,0.9176639318466187,573.345703125,305.57928466796875,0.7331035137176514,11.229373931884766,28.567955017089844,28.68816132545471,28.615740394592287,29.689560585021972,29.689560585021972,31.01862613677979
1,154,158,3,0.9176639318466187,577.9370727539062,303.6964111328125,0.6094851493835449,11.581660270690918,26.880905628204346,28.51888346672058,28.425965309143066,29.181619720458986,29.181619720458986,30.62068240029472
1,155,159,3,0.9176639318466187,582.6278076171875,302.18255615234375,0.5077691674232483,11.938610076904297,26.723477125167847,27.997662019729614,27.961180114746096,28.77866455078125,28.77866455078125,30.186298582894466
1,156,160,3,0.9176639318466187,586.63427734375,300.2467041015625,0.3831636309623718,12.24575138092041,23.86474871635437,27.038082218170167,26.992040061950686,28.248197593688968,28.248197593688968,29.71041278294155
1,157,161,3,0.9176639318466187,590.6903076171875,299.1093444824219,0.3058943748474121,12.551807403564453,22.72747278213501,25.752911853790284,25.722669410705567,27.54351905822754,27.54351905822754,29.197755007062636
1,158,162,3,0.9176639318466187,594.273193359375,298.1825256347656,0.242435023188591,12.82096004486084,19.9103422164917,24.021389293670655,23.983250427246094,26.6170210647583,26.6170210647583,28.61188370295933
1,159,163,3,0.9176639318466187,598.8306884765625,296.7520446777344,0.14713060855865479,13.16362476348877,25.608330488204956,23.766874265670776,23.73329429626465,25.67848686218262,25.67848686218262,27.962438490731376
1,160,164,3,0.9176639318466187,603.2491455078125,295.79425048828125,0.08032699674367905,13.492301940917969,24.14861226081848,23.251901292800902,23.20440731048584,24.727132301330567,24.727132301330567,27.253520164489746
1,161,165,3,0.9176639318466187,607.3731689453125,294.5622863769531,-0.0017076373333111405,13.799983978271484,22.92698836326599,23.06434922218323,23.056934738159182,23.940111236572267,23.940111236572267,26.504733238220215
1,162,166,3,0.9176639318466187,611.9818725585938,293.0699462890625,-0.09989487379789352,14.143436431884766,25.719255924224854,23.662705850601196,23.652622032165528,23.526101760864258,23.526101760864258,25.754367125374934
1,163,167,3,0.9176639318466187,616.2403564453125,292.1765441894531,-0.16177737712860107,14.456730842590332,22.993020057678223,24.279241418838502,24.26361122131348,23.582173919677736,23.582173919677736,25.0877923148019
1,164,168,3,0.9176639318466187,621.68310546875,290.7617492675781,-0.2565765976905823,14.857306480407715,29.638100624084473,25.085195446014403,25.072287368774415,23.849972534179688,23.849972534179688,24.56014281136649
1,165,169,3,0.9176639318466187,626.4947509765625,289.1956481933594,-0.358560174703598,15.212163925170898,26.5839421749115,25.57226142883301,25.559685516357423,24.321028175354005,24.321028175354005,24.232143827165878
1,166,170,3,0.9176639318466187,631.6236572265625,287.99700927734375,-0.43928247690200806,15.585813522338867,27.523416996002197,26.49154715538025,26.476657676696778,25.004972763061524,25.004972763061524,24.135927527291436
1,167,171,3,0.9176639318466187,636.2352294921875,286.5821533203125,-0.5313281416893005,15.922883987426758,25.15768074989319,26.379232120513915,26.36642875671387,25.54773410797119,25.54773410797119,24.253156356811527
1,168,172,3,0.9176639318466187,640.390869140625,284.64520263671875,-0.6527987718582153,16.230571746826172,23.81740665435791,26.544109439849855,26.503878021240237,25.995787467956546,25.995787467956546,24.546824389866423
1,169,173,3,0.9176639318466187,644.8675537109375,282.16864013671875,-0.8062329888343811,16.564260482788086,26.4437313079834,25.90523557662964,25.82307586669922,26.145945167541505,26.145945167541505,24.921087733677457
1,170,174,3,0.9176639318466187,648.973876953125,279.23626708984375,-0.9855274558067322,16.874958038330078,25.827784538269043,25.754004049301148,25.589786338806153,26.151965332031256,26.151965332031256,25.288200792585105
1,171,175,3,0.9176639318466187,652.816650390625,276.2612609863281,-1.1667625904083252,17.16732406616211,24.766752004623413,25.20267105102539,25.067595863342287,25.87015296936035,25.87015296936035,25.576797997610917
1,172,176,3,0.9176639318466187,656.757080078125,272.3651123046875,-1.4023829698562622,17.473878860473633,27.838295459747314,25.738793992996214,25.61549777984619,25.71996677398682,25.71996677398682,25.776646368844172
1,173,177,3,0.9176639318466187,660.5184326171875,269.2256164550781,-1.5931395292282104,17.761823654174805,24.86870813369751,25.949054288864136,25.875856590270995,25.59436248779297,25.59436248779297,25.86084490094866
1,174,178,3,0.9176639318466187,663.34130859375,266.1044616699219,-1.781596302986145,17.984384536743164,20.997514486312866,24.85981092453003,24.808512496948243,25.391449813842776,25.391449813842776,25.83851857321603
1,175,179,3,0.9176639318466187,667.000244140625,262.6824645996094,-1.9890410900115967,18.267724990844727,25.283705949783325,24.750995206832886,24.719559288024904,25.217404403686523,25.217404403686523,25.72732099260603
1,176,180,3,0.9176639318466187,669.6522827148438,259.6676940917969,-2.171252965927124,18.47785186767578,20.025123596191406,23.802669525146484,23.777378654479982,24.959360961914065,24.959360961914065,25.557808963230677
1,177,181,3,0.9176639318466187,671.89111328125,256.41912841796875,-2.367196559906006,18.661664962768555,19.343915462493896,22.1037935256958,22.035769271850587,24.24341526031494,24.24341526031494,25.28515895298549
1,178,182,3,0.9176639318466187,674.10546875,252.86978149414062,-2.581458568572998,18.84680938720703,20.388419151306152,21.20773572921753,21.134023475646973,23.295048637390135,23.295048637390135,24.917286905561173
1,179,183,3,0.9176639318466187,675.930419921875,249.44772338867188,-2.7882323265075684,19.004236221313477,18.711495637893677,20.750531959533692,20.634820175170898,22.460310173034667,22.460310173034667,24.451621676853723
1,180,184,3,0.9176639318466187,678.1488037109375,245.32861328125,-3.037771701812744,19.19571304321289,22.64663529396057,20.22311782836914,20.165130615234375,21.549424438476564,21.549424438476564,23.873773384094243
1,181,185,3,0.9176639318466187,680.9337158203125,240.67312622070312,-3.3207504749298096,19.431957244873047,26.541383028030396,21.526369714736937,21.511795234680175,21.0963077545166,21.0963077545166,23.260181661333355
1,182,186,3,0.9176639318466187,682.7474365234375,236.96347045898438,-3.5466933250427246,19.592662811279297,19.963153839111328,21.650217390060426,21.638220405578615,21.016797981262208,21.016797981262208,22.660095029558455
1,183,187,3,0.9176639318466187,683.2970581054688,233.66998291015625,-3.7476143836975098,19.66234016418457,15.311508178710938,20.63483519554138,20.491609954833987,20.88831527709961,20.88831527709961,22.078517074584962
1,184,188,3,0.9176639318466187,684.56640625,229.06268310546875,-4.029903888702393,19.794919967651367,22.45485520362854,21.383507108688356,21.197509002685546,21.00085304260254,21.00085304260254,21.61529390062605
1,185,189,3,0.9176639318466187,685.9546508789062,224.53372192382812,-4.3086042404174805,19.93556785583496,22.47688579559326,21.349557209014893,21.175347518920898,21.202896423339844,21.202896423339844,21.316415012904574
1,186,190,3,0.9176639318466187,687.218994140625,220.01181030273438,-4.58808708190918,20.068138122558594,22.271816968917847,20.49564399719238,20.41993103027344,20.984523582458497,20.984523582458497,21.105588357107983
1,187,191,3,0.9176639318466187,688.356201171875,215.55126953125,-4.865026950836182,20.191835403442383,21.838290452957153,20.87067131996155,20.852728843688965,20.827425270080568,20.827425270080568,21.002445618765698
1,188,192,3,0.9176639318466187,688.6455078125,211.33209228515625,-5.12858772277832,20.254587173461914,19.506826400756836,21.70973496437073,21.63761787414551,21.05662685394287,21.05662685394287,20.996776918683732
1,189,193,3,0.9176639318466187,688.3756103515625,207.29318237304688,-5.382557392120361,20.276775360107422,18.355467796325684,20.889857482910156,20.677196502685547,20.95256435394287,20.95256435394287,20.987600686209543
1,190,194,3,0.9176639318466187,688.893798828125,203.64923095703125,-5.61223030090332,20.350200653076172,17.36094868183136,19.866670060157777,19.698869132995608,20.657268676757816,20.657268676757816,20.95459402901786
1,191,195,3,0.9176639318466187,689.2462768554688,199.6168212890625,-5.8677191734313965,20.41632652282715,19.001343727111816,19.21257541179657,19.096667289733887,20.392615928649903,20.392615928649903,20.867703012738907
1,192,196,3,0.9176639318466187,689.0650634765625,195.988037109375,-6.099267482757568,20.44110870361328,16.766692399978638,18.198255801200865,18.131920051574706,19.84845417022705,19.84845417022705,20.67421126229422
1,193,197,3,0.9176639318466187,689.0892333984375,191.70401000976562,-6.373782634735107,20.487289428710938,20.04281759262085,18.305454039573668,18.24122886657715,19.16917636871338,19.16917636871338,20.414875946044923
1,194,198,3,0.9176639318466187,689.2570190429688,187.24859619140625,-6.660690784454346,20.5456600189209,21.080564260482788,18.85047333240509,18.807987785339357,18.79533462524414,18.79533462524414,20.124577282496862
1,195,199,3,0.9176639318466187,689.6549072265625,182.89028930664062,-6.9425272941589355,20.61960792541504,20.97908878326416,19.57410135269165,19.54515838623047,18.764592475891114,18.764592475891114,19.79714379991804
1,196,200,3,0.9176639318466187,687.2694091796875,178.62628173828125,-7.224733829498291,20.495412826538086,22.199474573135376,20.213727521896363,19.574169158935547,18.860092849731444,18.860092849731444,19.498219299316407
1,197,201,3,0.9176639318466187,685.9006958007812,174.7401580810547,-7.482402801513672,20.438810348510742,18.994513750076294,20.659291791915894,19.917176055908204,19.217144050598144,19.217144050598144,19.292487209865023
1,198,202,3,0.9176639318466187,683.6453857421875,170.68408203125,-7.754954814910889,20.320072174072266,21.40512442588806,20.931753158569336,20.034111785888673,19.57572063446045,19.57572063446045,19.175787882123675
1,199,203,3,0.9176639318466187,682.00146484375,166.9671173095703,-8.005669593811035,20.240875244140625,18.930668592453003,20.501774024963378,19.858752822875978,19.785873641967772,19.785873641967772,19.166847806658065
1,200,204,3,0.9176639318466187,679.8126220703125,163.74700927734375,-8.226118087768555,20.116552352905273,18.22236156463623,19.950428581237794,19.852530097961427,19.847347984313963,19.847347984313963,19.263729466029577
1,201,205,3,0.9176639318466187,677.3458251953125,159.41586303710938,-8.523772239685059,19.982696533203125,23.498419046401978,20.210217475891113,20.110459899902345,19.954606132507326,19.954606132507326,19.42933968135289
1,202,206,3,0.9176639318466187,675.6458740234375,155.272705078125,-8.809098243713379,19.90176010131836,21.353995084762573,20.68211374282837,20.610337829589845,20.093238487243656,20.093238487243656,19.61914625440325
1,203,207,3,0.9176639318466187,673.126708984375,151.90237426757812,-9.046135902404785,19.752126693725586,20.182745218276978,20.437637901306154,20.31222381591797,20.148860893249513,20.148860893249513,19.80325597490583
1,204,208,3,0.9176639318466187,671.0896606445312,147.48751831054688,-9.355385780334473,19.647628784179688,23.502822160720825,21.352068614959716,21.230480003356934,20.423206329345703,20.423206329345703,19.975550586155485
1,205,209,3,0.9176639318466187,668.4408569335938,143.57310485839844,-9.634551048278809,19.491771697998047,23.020267009735107,22.31164970397949,22.187377166748046,20.89017574310303,20.89017574310303,20.16332988739014
1,206,210,3,0.9176639318466187,666.1114501953125,140.21237182617188,-9.876317024230957,19.352783203125,20.078654050827026,21.6276967048645,21.485302734375,21.165144309997558,21.165144309997558,20.360368554251533
1,207,211,3,0.9176639318466187,662.6830444335938,136.2959442138672,-10.16292667388916,19.13599395751953,25.87422752380371,22.531743192672728,22.397667503356935,21.52261024475098,21.52261024475098,20.599691734313968
1,208,212,3,0.9176639318466187,658.5086669921875,132.9537353515625,-10.414448738098145,18.855104446411133,27.147176027297974,23.924629354476927,23.560305976867678,22.17222667694092,22.17222667694092,20.916494669233053
1,209,213,3,0.9176639318466187,654.194580078125,128.89093017578125,-10.720416069030762,18.567890167236328,30.214964389801025,25.267057800292967,25.06238594055176,22.938607864379883,22.938607864379883,21.32297600882394
1,210,214,3,0.9176639318466187,649.9677734375,123.95263671875,-11.092461585998535,18.292654037475586,33.320741415023804,27.327152681350707,27.182785034179688,23.937689437866215,23.937689437866215,21.86423722948347
1,211,215,3,0.9176639318466187,644.5889282226562,122.27775573730469,-11.236949920654297,17.894168853759766,30.518770694732666,29.415176010131837,28.723859596252442,25.3854008102417,25.3854008102417,22.573122155325756
1,212,216,3,0.9176639318466187,639.6463623046875,118.7998275756836,-11.512481689453125,17.542646408081055,32.15795874595642,30.67192225456238,30.06827201843262,26.919521713256835,26.919521713256835,23.43445729391916
1,213,217,3,0.9176639318466187,634.1415405273438,115.74264526367188,-11.76271915435791,17.13924789428711,34.17908692359924,32.07830443382263,31.42367935180664,28.492196388244633,28.492196388244633,24.481179019383024
1,214,218,3,0.9176639318466187,628.7911376953125,112.12002563476562,-12.057031631469727,16.74851417541504,35.22063589096069,33.07943873405456,32.50915946960449,29.981551094055174,29.981551094055174,25.689599140712193
1,215,219,3,0.9176639318466187,623.2706298828125,108.72496032714844,-12.338658332824707,16.337574005126953,35.869112491607666,33.58911294937134,33.38609504699707,31.222213096618653,31.222213096618653,26.9824543435233
1,216,220,3,0.9176639318466187,617.928955078125,105.54884338378906,-12.606096267700195,15.934412956237793,34.83355665206909,34.45207014083862,34.425350189208984,32.36251121520996,32.36251121520996,28.32872625078474
1,217,221,3,0.9176639318466187,611.0479125976562,103.37091064453125,-12.809035301208496,15.393162727355957,41.61924505233765,36.34432740211487,36.1475326538086,33.57836334228516,33.57836334228516,29.705965379987447
1,218,222,3,0.9176639318466187,604.6109008789062,100.89425659179688,-13.03481674194336,14.88431167602539,40.08186721801758,37.52488346099854,37.281733703613284,34.749974212646485,34.749974212646485,31.043761580330987
1,219,223,3,0.9176639318466187,597.8606567382812,98.88494873046875,-13.228931427001953,14.339953422546387,41.611168384552,38.8029899597168,38.57080764770508,35.96230384826661,35.96230384826661,32.3355875996181
1,220,224,3,0.9176639318466187,591.0767822265625,94.95722961425781,-13.57541561126709,13.799581527709961,46.21777868270874,40.87272319793701,40.65539474487305,37.416163787841796,37.416163787841796,33.61044008527483
1,221,225,3,0.9176639318466187,585.174072265625,91.24994659423828,-13.903914451599121,13.324854850769043,41.56569957733154,42.2191517829895,41.968343353271486,38.9247624206543,38.9247624206543,34.88804170336043
1,222,226,3,0.9176639318466187,578.2184448242188,88.64527893066406,-14.155824661254883,12.746441841125488,45.423977851867676,42.98009834289551,42.76332778930664,40.24792144775391,40.24792144775391,36.17742861066546
1,223,227,3,0.9176639318466187,571.302490234375,86.02779388427734,-14.411791801452637,12.163983345031738,45.80790710449219,44.12530632019043,43.905236434936526,41.57262199401855,41.57262199401855,37.49315872192383
1,224,228,3,0.9176639318466187,563.55810546875,83.11753845214844,-14.700727462768555,11.502553939819336,51.96847343444824,46.19676733016968,46.028265380859374,43.064113540649416,43.064113540649416,38.84826589311872
1,225,229,3,0.9176639318466187,557.142822265625,76.8313980102539,-15.261713981628418,10.966377258300781,55.87270975112915,48.12775354385376,47.477760314941406,44.428586654663086,44.428586654663086,40.230924813406816
1,226,230,3,0.9176639318466187,549.18359375,73.8628921508789,-15.568324089050293,10.26584529876709,55.05786752700806,50.82618713378906,50.147983932495116,46.06451477050781,46.06451477050781,41.67409780229841
1,227,231,3,0.9176639318466187,541.35009765625,75.10578918457031,-15.525425910949707,9.54946231842041,51.67196702957153,52.07578496932983,50.08320579528809,47.5284903717041,47.5284903717041,43.11871588570731
1,228,232,3,0.9176639318466187,533.2396240234375,71.35443878173828,-15.905208587646484,8.818108558654785,59.33399534225464,54.781002616882326,52.7621395111084,49.29987098693848,49.29987098693848,44.60087425231933
1,229,233,3,0.9176639318466187,524.4112548828125,68.36761474609375,-16.23206901550293,8.004766464233398,63.11255407333374,57.00981874465943,54.98372611999512,51.09096313476562,51.09096313476562,46.14988020760672
1,230,234,3,0.9176639318466187,517.0010986328125,65.26866912841797,-16.561880111694336,7.3127336502075195,55.19563007354736,56.874402809143064,55.84442253112793,52.76429557800293,52.76429557800293,47.7486907196045
1,231,235,3,0.9176639318466187,508.86248779296875,61.55792999267578,-16.956832885742188,6.540940284729004,62.42249250411987,58.34732780456543,57.24407386779785,54.18351356506348,54.18351356506348,49.33717643737793
1,232,236,3,0.9176639318466187,500.3751220703125,59.973514556884766,-17.17374610900879,5.719431400299072,61.175780296325684,60.24809045791626,60.04316024780274,56.17550445556641,56.17550445556641,51.015307551792695
1,233,237,3,0.9176639318466187,491.40802001953125,55.1252555847168,-17.690383911132812,4.839296340942383,73.48065662384033,63.0774227142334,62.79753570556641,58.18258369445802,58.18258369445802,52.74646025521414
1,234,238,3,0.9176639318466187,482.53350830078125,50.7535285949707,-18.17349624633789,3.9503302574157715,72.84671115875244,65.02425413131714,64.73211135864258,60.13226074218751,60.13226074218751,54.54699887956891
1,235,286,3,0.9176639318466187,100.16748809814453,59.77253341674805,-22.355199813842773,-48.75681686401367,79.30915260314941,69.84695863723755,78.04806870680589,64.57298997732309,64.57298997732309,56.728873021052436
1,236,287,3,0.9176639318466187,95.46471405029297,63.86710739135742,-21.911636352539062,-49.40345001220703,56.45841836929321,68.65414381027222,77.7646742600661,68.67711005577675,68.67711005577675,59.24117972405403
1,237,288,3,0.9176639318466187,90.72248840332031,68.06262969970703,-21.455814361572266,-50.05143737792969,57.04205846786499,67.82739944458008,77.44848456749548,72.1581749197153,72.1581749197153,62.01173391572723
1,238,289,3,0.9176639318466187,87.7746810913086,74.05010223388672,-20.74279022216797,-50.2460823059082,53.216232776641846,63.77451467514038,76.38907505915715,74.87648279043344,74.87648279043344,64.96787237649436
1,239,290,3,0.9176639318466187,83.80770874023438,80.19535064697266,-20.03128433227539,-50.623207092285156,57.97961711883545,60.80109586715698,75.6071284367488,77.05148620605469,77.05148620605469,67.95015548370696
1,240,291,3,0.9176639318466187,79.17063903808594,85.96800994873047,-19.38036346435547,-51.14857482910156,60.22700786590576,56.98466691970825,54.96606216430664,72.43508489755484,72.43508489755484,69.98622708414938
1,241,292,3,0.9176639318466187,77.8994369506836,92.19603729248047,-18.628053665161133,-51.00487518310547,55.14559078216553,56.72210140228272,52.60728034973145,67.40360611548792,67.40360611548792,71.02499070890657
1,242,293,3,0.9176639318466187,72.89701843261719,97.70986938476562,-18.02126121520996,-51.61079025268555,61.741005420684814,57.66189079284668,54.316327285766604,62.77717465914212,62.77717465914212,70.76844566345217
1,243,294,3,0.9176639318466187,74.23007202148438,104.73316955566406,-17.15315818786621,-50.92803192138672,79.51883697509766,62.922411632537845,52.61523170471192,58.022405988253084,58.022405988253084,69.24634508237735
1,244,295,3,0.9176639318466187,72.02286529541016,111.81976318359375,-16.334318161010742,-50.91004943847656,58.97069549560547,63.120627307891844,53.39631156921387,53.5802426147461,53.5802426147461,66.59235475309603
1,245,296,3,0.9176639318466187,69.5931167602539,118.69586944580078,-15.551702499389648,-50.94610595703125,56.40810012817383,62.35684576034546,55.20975608825684,53.62898139953613,53.62898139953613,63.55699741153927
1,246,297,3,0.9176639318466187,69.56883239746094,126.2058334350586,-14.679791450500488,-50.502166748046875,70.44643020629883,65.41701364517212,57.313974380493164,54.57032020568848,54.57032020568848,60.34540226862981
1,247,298,3,0.9176639318466187,69.33580017089844,133.38185119628906,-13.86160945892334,-50.1226806640625,64.93711709976196,66.05623598098755,63.61666946411133,56.430388641357425,56.430388641357425,58.05901708917303
1,248,299,3,0.9176639318466187,69.70339965820312,140.25830078125,-13.084000587463379,-49.65808868408203,65.219491481781,63.19636688232422,61.38319702148438,58.18398170471191,58.18398170471191,56.74192788763361
1,249,300,3,0.9176639318466187,71.05025482177734,148.4105987548828,-12.170576095581055,-48.954776763916016,83.00297927856445,68.00282363891601,66.23975143432618,60.752669677734374,60.752669677734374,56.452712890289654
1,250,301,3,0.9176639318466187,72.2281265258789,155.80531311035156,-11.357671737670898,-48.33631896972656,73.54240322113037,71.42968425750732,71.13203887939453,63.93712623596192,63.93712623596192,57.29767292567662
1,251,302,3,0.9176639318466187,74.89443969726562,163.4319610595703,-10.525616645812988,-47.45893478393555,87.06102848052979,74.75260391235352,74.15430908203125,67.30519317626954,67.30519317626954,59.25838014875139
1,252,303,3,0.9176639318466187,77.50484466552734,170.56373596191406,-9.76225471496582,-46.63468933105469,80.8871841430664,77.94261732101441,77.50730895996094,70.08332107543946,70.08332107543946,61.60900010245187
1,253,304,3,0.9176639318466187,80.58966827392578,177.2989044189453,-9.051957130432129,-45.766685485839844,80.75413799285889,81.04954662322999,80.6919158935547,73.94506484985352,73.94506484985352,64.37682076590403
1,254,305,3,0.9176639318466187,84.35317993164062,183.95458984375,-8.360530853271484,-44.80677795410156,85.17611789703369,81.48417434692382,81.1045280456543,76.91802017211914,76.91802017211914,67.30362527029855
1,255,306,3,0.9176639318466187,89.70526123046875,190.49444580078125,-7.689218044281006,-43.613006591796875,98.6098051071167,86.49765472412109,86.1202262878418,79.91565765380861,79.91565765380861,70.4081504058838
1,256,307,3,0.9176639318466187,94.15983581542969,196.34979248046875,-7.101566791534424,-42.620399475097656,83.05326747894287,85.69610252380372,85.35634689331054,82.15606521606445,82.15606521606445,73.46577833993095
1,257,308,3,0.9176639318466187,98.95695495605469,202.35354614257812,-6.510089874267578,-41.58595275878906,85.79563522338867,86.67779273986817,86.479541015625,83.95051162719726,83.95051162719726,76.3248333958217
1,258,309,3,0.9176639318466187,103.9429931640625,208.17227172851562,-5.947371006011963,-40.550479888916016,84.85183238983154,87.4973316192627,87.41079711914062,85.29428787231446,85.29428787231446,78.89470406668526
1,259,310,3,0.9176639318466187,110.0792236328125,212.98428344726562,-5.48786735534668,-39.40152359008789,89.0952844619751,88.28116493225097,88.14514389038087,86.70241104125975,86.70241104125975,81.26885977608818
1,260,311,3,0.9176639318466187,116.10159301757812,217.2804718017578,-5.084615707397461,-38.31252670288086,83.61076354980469,85.28135662078857,85.04421157836914,86.48720809936523,86.48720809936523,83.06059452601842
1,261,312,3,0.9176639318466187,122.69056701660156,221.167236328125,-4.725389003753662,-37.175010681152344,85.88807487487793,85.84831809997559,85.55403900146484,86.5267465209961,86.5267465209961,84.43326971871512
1,262,313,3,0.9176639318466187,129.80960083007812,225.65707397460938,-4.318502426147461,-35.95792770385742,92.39728546142578,87.16864814758301,86.97137832641602,86.62511398315431,86.62511398315431,85.39176348005023
1,263,314,3,0.9176639318466187,137.2709503173828,230.33248901367188,-3.9032881259918213,-34.70903778076172,94.75946617126465,89.15017490386963,89.11810684204102,86.96657592773438,86.96657592773438,86.07897929600308
1,264,315,3,0.9176639318466187,145.4483642578125,233.82565307617188,-3.5995395183563232,-33.425392150878906,94.97478103637695,90.32607421875,90.25012435913087,87.38757202148437,87.38757202148437,86.56998792375838
1,265,316,3,0.9176639318466187,152.71133422851562,238.05499267578125,-3.2378249168395996,-32.26862716674805,87.26395797729492,91.05671310424805,91.00453491210938,88.57963668823241,88.57963668823241,87.0393234688895
1,266,317,3,0.9176639318466187,160.1175079345703,241.70423889160156,-2.932204246520996,-31.132505416870117,84.70875263214111,90.82084865570069,90.76271209716798,89.62137130737304,89.62137130737304,87.45631779261997
1,267,318,3,0.9176639318466187,168.24374389648438,245.3165283203125,-2.6359293460845947,-29.921133041381836,89.78956890106201,90.29930534362794,90.24325103759766,90.27574584960938,90.27574584960938,87.9975374712263
1,268,319,3,0.9176639318466187,176.5158233642578,250.0618896484375,-2.2518107891082764,-28.680343627929688,93.51980495452881,90.05137310028076,90.0115562438965,90.45443572998047,90.45443572998047,88.55863592965262
1,269,320,3,0.9176639318466187,185.08619689941406,254.8225555419922,-1.8748831748962402,-27.426156997680664,94.29137992858887,89.91469287872314,89.88791198730469,90.38199325561524,90.38199325561524,89.09533296857562
1,270,321,3,0.9176639318466187,193.14646911621094,259.0080261230469,-1.5510084629058838,-26.27826690673828,85.8747968673706,89.63686065673828,89.61586990356446,90.10426025390625,90.10426025390625,89.54357358660016
1,271,322,3,0.9176639318466187,201.581298828125,263.3415222167969,-1.222355842590332,-25.101566314697266,87.96492862701416,90.2880958557129,90.26836853027343,90.00539154052734,90.00539154052734,89.91754780360631
1,272,323,3,0.9176639318466187,210.54287719726562,268.11895751953125,-0.8667117953300476,-23.872541427612305,92.12018966674805,90.7542200088501,90.74924011230469,90.10658935546876,90.10658935546876,90.13568389892578
1,273,324,3,0.9176639318466187,219.7542266845703,272.27081298828125,-0.567291259765625,-22.653100967407227,90.40767860412598,90.13179473876953,90.11830215454101,90.12793853759766,90.12793853759766,90.20805064610072
1,274,325,3,0.9176639318466187,227.86019897460938,277.23577880859375,-0.2090636044740677,-21.57212257385254,81.99283790588379,87.67208633422851,87.64464111328125,89.67928436279297,89.67928436279297,90.12284186226982
1,275,326,3,0.9176639318466187,237.3380889892578,281.87115478515625,0.11337600648403168,-20.358604431152344,90.40498352050781,88.57812366485595,88.54838333129884,89.46578704833985,89.46578704833985,89.98160633632115
1,276,327,3,0.9176639318466187,246.6864776611328,286.75946044921875,0.4482071101665497,-19.180335998535156,88.1942253112793,88.62398300170898,88.59423751831055,89.13096084594727,89.13096084594727,89.8028874206543
1,277,328,3,0.9176639318466187,256.1478576660156,291.2572021484375,0.7472594380378723,-18.020801544189453,86.21837711334229,87.44362049102783,87.41139450073243,88.46339172363282,88.46339172363282,89.56847763061523
1,278,329,3,0.9176639318466187,265.51898193359375,295.5224914550781,1.023901104927063,-16.898509979248047,83.22368431091309,86.00682163238525,85.97561187744141,87.63485366821288,87.63485366821288,89.22982936314176
1,279,330,3,0.9176639318466187,274.273681640625,300.92437744140625,1.3780850172042847,-15.847243309020996,79.87159252166748,85.58257255554199,85.54773559570313,87.21547256469728,87.21547256469728,88.81681267874582
1,280,331,3,0.9176639318466187,282.8552551269531,304.9644470214844,1.6304709911346436,-14.85608959197998,73.64035320281982,82.22964649200439,82.19265518188477,85.94432693481447,85.94432693481447,88.21915387834824
1,281,332,3,0.9176639318466187,294.25244140625,310.178466796875,1.9483243227005005,-13.568840026855469,95.46564674377441,83.68393077850342,83.64310455322266,84.95410034179687,84.95410034179687,87.5441275896345
1,282,333,3,0.9176639318466187,304.7191467285156,314.69677734375,2.2154173851013184,-12.416144371032715,85.1929407119751,83.47884349822998,83.43016204833985,84.15785385131838,84.15785385131838,86.78585141863142
1,283,334,3,0.9176639318466187,315.73052978515625,320.16748046875,2.5386717319488525,-11.220460891723633,89.17985343933105,84.67007732391357,84.62346267700195,83.88742401123048,83.88742401123048,86.03677472795758
1,284,335,3,0.9176639318466187,325.35198974609375,323.84423828125,2.742060661315918,-10.209588050842285,74.24142551422119,83.54404392242432,83.52445220947266,83.48276733398438,83.48276733398438,85.32525695800781
1,285,336,3,0.9176639318466187,335.967041015625,326.85626220703125,2.8937668800354004,-9.125556945800781,78.81083679199219,84.5781406402588,84.50103378295898,83.94444305419923,83.94444305419923,84.79805544172015
1,286,337,3,0.9176639318466187,347.5487060546875,329.936767578125,3.0428414344787598,-7.966770172119141,84.12022018432617,82.30905532836914,82.19505844116212,83.65483383178712,83.65483383178712,84.28939276559014
1,287,338,3,0.9176639318466187,357.5157470703125,332.23663330078125,3.146282196044922,-6.9901041984558105,70.71325206756592,79.41311759948731,79.2764373779297,82.82408889770508,82.82408889770508,83.8436444745745
1,288,339,3,0.9176639318466187,367.7745361328125,334.06036376953125,3.216409683227539,-6.005002021789551,71.10685014724731,75.79851694107056,75.73406066894532,81.04620849609375,81.04620849609375,83.28537421090263
1,289,340,3,0.9176639318466187,378.8763427734375,334.38916015625,3.1870453357696533,-4.966999053955078,74.76610851287842,75.903453540802,75.7647331237793,79.49426467895509,79.49426467895509,82.6191471862793
1,290,341,3,0.9176639318466187,390.6406555175781,333.5403137207031,3.0810372829437256,-3.8901636600494385,77.90693664550781,75.72267351150512,75.43788299560548,77.68163452148438,77.68163452148438,81.7326058306013
1,291,342,3,0.9176639318466187,402.149169921875,331.6940002441406,2.9149999618530273,-2.8557662963867188,75.42996597290039,73.98462266921997,73.62147903442383,75.96691864013673,75.96691864013673,80.65891316005163
1,292,343,3,0.9176639318466187,413.344482421875,329.551025390625,2.7336201667785645,-1.862433671951294,72.70247268676758,74.3824667930603,74.07717819213867,74.92706680297852,74.92706680297852,79.3707165527344
1,293,344,3,0.9176639318466187,423.3917236328125,326.82525634765625,2.5224177837371826,-0.983001172542572,65.11952877044678,73.1850025177002,73.00404739379883,74.38106414794922,74.38106414794922,78.04589231218611
1,294,345,3,0.9176639318466187,432.875,323.59271240234375,2.283569097518921,-0.1618245393037796,61.57493591308594,70.5467679977417,70.40697555541992,73.30951263427735,73.30951263427735,76.68666713169644
1,295,346,3,0.9176639318466187,443.2433166503906,319.5601806640625,1.993280053138733,0.72813880443573,67.39994287490845,68.44536924362183,68.32330856323243,71.88659774780274,71.88659774780274,75.378151310512
1,296,347,3,0.9176639318466187,452.5086669921875,315.41986083984375,1.7021023035049438,1.517117977142334,60.55164098739624,65.46970424652099,65.3468719482422,70.23167633056642,70.23167633056642,74.05492440359933
1,297,348,3,0.9176639318466187,462.56634521484375,309.98907470703125,1.3293379545211792,2.367347240447998,66.84156274795532,64.29752225875855,64.17790603637695,68.25182189941407,68.25182189941407,72.70780831473215
1,298,349,3,0.9176639318466187,472.56201171875,304.5223388671875,0.9562243223190308,3.208397626876831,66.24702644348145,64.52302179336547,64.43220520019531,66.53745346069336,66.53745346069336,71.36074186052595
1,299,350,3,0.9176639318466187,481.7823181152344,297.6526184082031,0.4988166093826294,3.980226755142212,64.59736490249634,65.12750759124756,64.94692153930664,65.4454426574707,65.4454426574707,70.00622412545341
1,300,351,3,0.9176639318466187,491.2926330566406,291.744873046875,0.10211620479822159,4.77479887008667,63.94297456741333,64.43611392974853,64.32136001586915,64.64505294799805,64.64505294799805,68.61536538260324
1,301,352,3,0.9176639318466187,501.0342712402344,285.430908203125,-0.3194808065891266,5.586192607879639,65.83587598800659,65.4929609298706,65.42762832641601,64.66120422363282,64.66120422363282,67.37989275251117
1,302,353,3,0.9176639318466187,510.36566162109375,279.04974365234375,-0.7432658672332764,6.3615593910217285,63.62077045440674,64.8488024711609,64.79906616210938,64.78543624877929,64.78543624877929,66.36544110979354
1,303,354,3,0.9176639318466187,520.3528442382812,271.57598876953125,-1.2367284297943115,7.190526008605957,69.46007251739502,65.4914116859436,65.46283264160157,64.99156173706055,64.99156173706055,65.61685331072127
1,304,355,3,0.9176639318466187,530.469970703125,265.2747802734375,-1.6545499563217163,8.025790214538574,67.24357223510742,66.02065315246583,65.99470138549805,65.20111770629883,65.20111770629883,65.18103842599051
1,305,356,3,0.9176639318466187,540.8778076171875,257.85467529296875,-2.143003463745117,8.884844779968262,71.15121603012085,67.46230144500733,67.43912200927734,65.82467010498047,65.82467010498047,65.07921223231725
1,306,357,3,0.9176639318466187,551.062744140625,250.70928955078125,-2.612464427947998,9.723201751708984,69.18132448196411,68.13139114379882,68.11157455444337,66.36145935058593,66.36145935058593,65.21007175990515
1,307,358,3,0.9176639318466187,561.3613891601562,243.6394805908203,-3.07599139213562,10.568255424499512,69.39593553543091,69.28642416000366,69.26669082641602,67.25498428344727,67.25498428344727,65.58291909354075
1,308,359,3,0.9176639318466187,572.067626953125,236.98455810546875,-3.5115418434143066,11.441153526306152,70.23802900314331,69.44201545715332,69.42325286865234,68.04706832885742,68.04706832885742,66.06661396571567
1,309,360,3,0.9176639318466187,580.9375610351562,230.3584747314453,-3.9435017108917236,12.167685508728027,60.85759735107422,68.16482048034668,68.14502105712891,68.4771322631836,68.4771322631836,66.59399911063059
1,310,361,3,0.9176639318466187,589.5153198242188,223.62249755859375,-4.382036209106445,12.871092796325684,59.681631088256836,65.87090349197388,65.8372055053711,68.15674896240236,68.15674896240236,67.04616871425084
1,311,362,3,0.9176639318466187,597.5361938476562,218.09947204589844,-4.74087381362915,13.523456573486328,53.60702848434448,62.75604429244995,62.7219841003418,67.07883087158203,67.07883087158203,67.31441345214843
1,312,363,3,0.9176639318466187,605.0929565429688,213.40780639648438,-5.044703006744385,14.133553504943848,49.07265758514404,58.69138870239258,58.647395324707034,64.95497177124022,64.95497177124022,67.19017083304269
1,313,364,3,0.9176639318466187,611.2689208984375,207.99508666992188,-5.396249294281006,14.641783714294434,44.49359464645386,53.542501831054686,53.48617630004883,61.76755645751954,61.76755645751954,66.53389899117606
1,314,365,3,0.9176639318466187,616.451904296875,203.8074951171875,-5.667848587036133,15.065781593322754,36.25401163101196,48.621784687042236,48.56096420288086,57.85074508666993,57.85074508666993,65.1904362487793
1,315,366,3,0.9176639318466187,621.551513671875,198.70164489746094,-6.0002264976501465,15.490066528320312,38.806114196777344,44.446681308746335,44.331337738037114,53.54957153320313,53.54957153320313,63.119365277971546
1,316,367,3,0.9176639318466187,625.958251953125,194.21295166015625,-6.2927703857421875,15.857590675354004,33.82129955291748,40.48953552246094,40.36257476806641,49.07768966674805,49.07768966674805,60.3480163356236
1,317,368,3,0.9176639318466187,628.680908203125,189.7488555908203,-6.586430072784424,16.09804916381836,27.327418327331543,36.14048767089844,35.96013336181641,44.54023727416993,44.54023727416993,56.974228951590405
1,318,369,3,0.9176639318466187,630.8932495117188,186.71731567382812,-6.785740375518799,16.289188385009766,19.88279700279236,31.218328142166136,31.034011459350587,40.04980430603028,40.04980430603028,53.11293944222587
1,319,370,3,0.9176639318466187,632.2176513671875,183.60623168945312,-6.992225646972656,16.4141902923584,17.378963470458984,27.44331851005554,27.216307067871096,35.78087287902832,35.78087287902832,48.94521102905275
1,320,371,3,0.9176639318466187,633.6173095703125,179.93878173828125,-7.236643314361572,16.549755096435547,20.123685121536255,23.706832695007325,23.448870277404787,31.604379386901854,31.604379386901854,44.63618573325021
1,321,372,3,0.9176639318466187,634.5635375976562,177.49557495117188,-7.3998942375183105,16.641361236572266,13.478151798248291,19.638203144073486,19.53321418762207,27.438507270812988,27.438507270812988,40.291580330984935
1,322,373,3,0.9176639318466187,635.1221923828125,175.07041931152344,-7.563084125518799,16.70368194580078,12.577311515808105,16.688181781768797,16.548376464843752,23.556155891418456,23.556155891418456,36.006806667872844
1,323,374,3,0.9176639318466187,635.657470703125,172.50625610351562,-7.7362165451049805,16.76555633544922,13.237681031227112,15.359158587455749,15.309654235839844,20.41128444671631,20.41128444671631,31.91160592215402
1,324,375,3,0.9176639318466187,635.8872680664062,170.715576171875,-7.857741832733154,16.797950744628906,9.055354356765747,13.694436764717102,13.633616065979004,17.694746246337893,17.694746246337893,28.076535775320874
1,325,376,3,0.9176639318466187,636.2857055664062,168.56393432617188,-8.003825187683105,16.846254348754883,11.07808005809784,11.885315752029419,11.843768978118897,15.373725986480713,15.373725986480713,24.551381729670933
1,326,377,3,0.9176639318466187,637.114501953125,167.1192626953125,-8.100760459899902,16.921363830566406,8.829290807247162,10.955543553829193,10.868088626861573,13.640700874328612,13.640700874328612,21.38850001471383
1,327,378,3,0.9176639318466187,637.7249755859375,164.65826416015625,-8.268119812011719,16.988645553588867,12.987168073654175,11.037514865398407,10.950436305999757,12.521112842559814,12.521112842559814,18.662319079807823
1,328,379,3,0.9176639318466187,637.97802734375,162.6094970703125,-8.40844440460205,17.025394439697266,10.444088459014893,10.478796350955964,10.37805633544922,11.53479326248169,11.53479326248169,16.390359935760497
1,329,380,3,0.9176639318466187,638.364013671875,160.70565795898438,-8.538753509521484,17.071104049682617,9.942736387252808,10.656272757053376,10.56600580215454,10.921271209716796,10.921271209716796,14.585376409803118
1,330,381,3,0.9176639318466187,638.60546875,158.1070556640625,-8.717864036560059,17.111915588378906,13.226491928100586,11.085955131053925,10.97075242996216,10.746667900085452,10.746667900085452,13.204716903141568
1,331,382,3,0.9176639318466187,638.9273681640625,155.78594970703125,-8.878037452697754,17.156583786010742,11.972534537315369,11.714603877067566,11.694076824188233,10.911865539550783,10.911865539550783,12.235733945029125
1,332,383,3,0.9176639318466187,638.7474365234375,154.26553344726562,-8.984356880187988,17.15608024597168,7.655084609985352,10.648187184333802,10.591882038116456,10.840154685974122,10.840154685974122,11.58808090209961
1,333,384,3,0.9176639318466187,638.6758422851562,152.18975830078125,-9.129376411437988,17.168701171875,10.480873346328735,10.65554416179657,10.58453664779663,10.881450748443605,10.881450748443605,11.193902312687467
1,334,385,3,0.9176639318466187,639.079345703125,149.7139129638672,-9.301362991333008,17.221233367919922,12.947797536849976,11.256556391716003,11.192349243164063,11.006719436645508,11.006719436645508,10.977560397556848
1,335,386,3,0.9176639318466187,638.9964599609375,147.50259399414062,-9.456842422485352,17.23431396484375,11.234066605567932,10.858071327209473,10.78626708984375,10.969822368621825,10.969822368621825,10.896850269862583
1,336,387,3,0.9176639318466187,639.3894653320312,145.04379272460938,-9.628666877746582,17.28614616394043,12.921988248825073,11.047962069511414,10.968896770477295,10.824786357879638,10.824786357879638,10.883066719600132
1,337,388,3,0.9176639318466187,639.3846435546875,143.41278076171875,-9.74383544921875,17.300220489501953,8.353826880455017,11.187710523605347,11.13171329498291,10.93275260925293,10.93275260925293,10.909650249481203
1,338,389,3,0.9176639318466187,638.9859619140625,141.49203491210938,-9.881182670593262,17.28660774230957,9.93745243549347,11.079026341438293,10.958339595794678,11.00751319885254,11.00751319885254,10.923314200810024
1,339,390,3,0.9176639318466187,639.0999755859375,138.58287048339844,-10.087406158447266,17.32125473022461,15.056186556816101,11.500704145431518,11.41029052734375,11.051101455688476,11.051101455688476,10.95344945362636
1,340,391,3,0.9176639318466187,638.68896484375,136.63360595703125,-10.227864265441895,17.306928634643555,10.165450930595398,11.286981010437012,11.151844882965088,11.124217014312745,11.124217014312745,10.988130348750525
1,341,392,3,0.9176639318466187,638.4401245117188,134.10269165039062,-10.409806251525879,17.310291290283203,13.102059960365295,11.322995352745057,11.253779125213624,11.18119348526001,11.18119348526001,11.013055212838308
1,342,393,3,0.9176639318466187,638.5593872070312,131.91932678222656,-10.565999984741211,17.339069366455078,11.4352365732193,11.939277291297913,11.852378654479981,11.325326557159425,11.325326557159425,11.063841525486538
1,343,394,3,0.9176639318466187,637.5878295898438,130.11444091796875,-10.699800491333008,17.279911041259766,10.53325366973877,12.058437538146972,11.788490581512452,11.491356754302979,11.491356754302979,11.159065867832732
1,344,395,3,0.9176639318466187,636.743408203125,128.04014587402344,-10.853055953979492,17.23282814025879,11.543384313583374,11.355877089500428,11.098643589019776,11.429027366638184,11.429027366638184,11.22996226174491
1,345,396,3,0.9176639318466187,636.251220703125,125.9290542602539,-11.008086204528809,17.213350296020508,11.249931335449219,11.57277317047119,11.315717124938965,11.461801815032958,11.461801815032958,11.294860635484968
1,346,397,3,0.9176639318466187,635.79248046875,122.61089324951172,-11.251487731933594,17.207210540771484,17.530484676361084,12.45845811367035,12.210769844055177,11.65319995880127,11.65319995880127,11.380874707358222
1,347,398,3,0.9176639318466187,634.7591552734375,119.93942260742188,-11.45140552520752,17.150211334228516,14.967696189880371,13.164950037002564,13.036655902862549,11.890055408477783,11.890055408477783,11.490280192238943
1,348,399,3,0.9176639318466187,633.7716064453125,118.07332611083984,-11.592889785766602,17.08934783935547,11.089439749717712,13.276187252998351,13.14999017715454,12.162355327606203,12.162355327606203,11.630446169716972
1,349,400,3,0.9176639318466187,632.76904296875,115.95049285888672,-11.75393009185791,17.02934455871582,12.37360954284668,13.442232298851014,13.299393939971925,12.60250539779663,12.60250539779663,11.812900289808
1,350,401,3,0.9176639318466187,632.1209716796875,113.76214599609375,-11.918778419494629,16.997663497924805,12.086280584335327,13.609502148628234,13.47674674987793,13.034711322784426,13.034711322784426,12.033379513876781
1,351,402,3,0.9176639318466187,631.14697265625,110.89288330078125,-12.136524200439453,16.946094512939453,16.111371874809265,13.325679588317872,13.287627410888673,13.250082836151126,13.250082836151126,12.293530295235772
1,352,403,3,0.9176639318466187,630.8482666015625,107.73208618164062,-12.373719215393066,16.950468063354492,17.080944299697876,13.748329210281373,13.589205551147462,13.360592765808107,13.360592765808107,12.564786145346506
1,353,404,3,0.9176639318466187,629.6455688476562,105.21381378173828,-12.568656921386719,16.87718391418457,14.994555830955505,14.52935242652893,14.379357719421387,13.606466274261475,13.606466274261475,12.843824190412251
1,354,405,3,0.9176639318466187,627.47216796875,102.58213806152344,-12.778449058532715,16.72692108154297,18.579859256744385,15.770602369308472,15.38240261077881,14.02306800842285,14.02306800842285,13.14854027611869
1,355,406,3,0.9176639318466187,625.740966796875,99.34767150878906,-13.032859802246094,16.6164608001709,19.96962547302246,17.347271347045897,16.955917739868166,14.718902206420898,14.718902206420898,13.513761258806502
1,356,407,3,0.9176639318466187,623.5413208007812,95.59827423095703,-13.331090927124023,16.471893310546875,23.86249566078186,18.897496104240417,18.50753746032715,15.762884216308596,15.762884216308596,13.965243947165353
1,357,408,3,0.9176639318466187,620.7896728515625,93.44499969482422,-13.512384414672852,16.267654418945312,19.66283655166626,19.413874554634095,19.118909454345705,16.86882499694824,16.86882499694824,14.512974472045897
1,358,409,3,0.9176639318466187,618.1419677734375,90.956298828125,-13.720146179199219,16.0733642578125,20.480629205703735,20.51108922958374,20.221893882751466,18.037332229614258,18.037332229614258,15.196867242540634
1,359,410,3,0.9176639318466187,615.6766357421875,87.47544860839844,-14.005311965942383,15.900925636291504,23.993896007537842,21.59389657974243,21.29769744873047,19.22039119720459,19.22039119720459,16.0339813041687
1,360,411,3,0.9176639318466187,612.830322265625,84.20612335205078,-14.278777122497559,15.693896293640137,24.695510387420654,22.53907356262207,22.324344062805178,20.294076461791995,20.294076461791995,16.989354188101633
1,361,412,3,0.9176639318466187,610.0159912109375,81.4529037475586,-14.513681411743164,15.483580589294434,22.701444625854492,22.306863355636597,22.193208503723145,21.031210670471193,21.031210670471193,17.99051742553711
1,362,413,3,0.9176639318466187,607.1007080078125,78.21028900146484,-14.789895057678223,15.267123222351074,25.266539812088013,23.427604007720948,23.366618728637697,21.88075252532959,21.88075252532959,19.013638899666923
1,363,414,3,0.9176639318466187,603.8242797851562,73.88566589355469,-15.157567977905273,15.026954650878906,31.6197509765625,25.6554283618927,25.602676391601562,22.956909027099613,22.956909027099613,20.041356729779924
1,364,415,3,0.9176639318466187,599.28173828125,70.55377197265625,-15.458558082580566,14.669373512268066,33.65253496170044,27.58715615272522,27.4305627822876,24.183482093811037,24.183482093811037,21.08630774361747
1,365,416,3,0.9176639318466187,595.3843994140625,67.29100799560547,-15.752273559570312,14.362448692321777,30.587006092071533,28.765455293655396,28.59748764038086,25.438110809326172,25.438110809326172,22.143561826433455
1,366,417,3,0.9176639318466187,590.7385864257812,64.2431640625,-16.03726577758789,13.986489295959473,33.96737265586853,31.0186408996582,30.758721542358398,27.151213417053224,27.151213417053224,23.276536429268976
1,367,418,3,0.9176639318466187,585.9945068359375,62.14750289916992,-16.24753189086914,13.591353416442871,32.22707390785217,32.41074771881104,31.982622528076174,28.874414176940917,28.874414176940917,24.502298960004534
1,368,419,3,0.9176639318466187,580.659423828125,59.511295318603516,-16.50962257385254,13.14433765411377,37.30924415588379,33.54864635467529,33.37663650512695,30.429206199646,30.429206199646,25.844869749886648
1,369,420,3,0.9176639318466187,575.4269409179688,57.52436065673828,-16.719383239746094,12.697278022766113,35.555306911468506,33.92920074462891,33.70596885681152,31.684287414550784,31.684287414550784,27.24537473406111
1,370,421,3,0.9176639318466187,570.6712646484375,54.568790435791016,-17.008840560913086,12.2939453125,35.744415521621704,34.96068263053894,34.8517707824707,32.93514404296875,32.93514404296875,28.67083687918527
1,371,422,3,0.9176639318466187,564.581298828125,51.737709045410156,-17.302885055541992,11.765547752380371,43.53864240646362,36.87493658065796,36.80988807678223,34.14537734985352,34.14537734985352,30.093964772905622
1,372,423,3,0.9176639318466187,558.9871826171875,50.12204360961914,-17.491756439208984,11.269025802612305,38.24863529205322,38.07924885749817,37.93874015808105,35.3366008758545,35.3366008758545,31.508034782409677
1,373,424,3,0.9176639318466187,553.599853515625,49.3966178894043,-17.603818893432617,10.781970024108887,35.98425221443176,37.814250469207764,37.48994178771973,36.15926193237304,36.15926193237304,32.79489885602679
1,374,425,3,0.9176639318466187,547.9888916015625,48.8734245300293,-17.701414108276367,10.269207954406738,37.58164072036743,38.21951723098755,37.71565589904785,36.96119934082031,36.96119934082031,33.95015387943813
1,375,426,3,0.9176639318466187,542.3541870117188,50.38581848144531,-17.623031616210938,9.74139404296875,38.41936111450195,38.7545063495636,37.80582618713379,37.55201042175293,37.55201042175293,34.96769733973912
1,376,427,3,0.9176639318466187,537.1461181640625,50.23908233642578,-17.68474006652832,9.256827354431152,35.17056655883789,37.08089118003845,36.54166030883789,37.49836486816406,37.49836486816406,35.798279833112446
1,377,428,3,0.9176639318466187,531.37109375,49.873531341552734,-17.771484375,8.715953826904297,39.44054460525513,37.31927304267883,36.98424797058106,37.307466430664064,37.307466430664064,36.422897317068916
1,378,429,3,0.9176639318466187,526.3588256835938,49.41857147216797,-17.8595027923584,8.24313735961914,34.627633810043335,37.047949361801145,36.74412117004395,37.158302307128906,37.158302307128906,36.85331516810826
1,379,430,3,0.9176639318466187,522.387451171875,49.63628005981445,-17.878646850585938,7.8643479347229,27.30764937400818,34.993151092529295,34.72390365600586,36.559951858520506,36.559951858520506,37.0280795942034
1,380,431,3,0.9176639318466187,518.48974609375,48.56719970703125,-18.011232376098633,7.493745803833008,28.3395574092865,32.97719035148621,32.845330810546876,35.56785278320312,35.56785278320312,36.943592572893415
1,381,432,3,0.9176639318466187,514.4837646484375,47.98812484741211,-18.102176666259766,7.108963966369629,28.46759533882141,31.63659610748291,31.507944488525393,34.56110961914062,34.56110961914062,36.600722612653456
1,382,433,3,0.9176639318466187,510.9130859375,48.45970916748047,-18.095491409301758,6.7620439529418945,24.98287796974182,28.74506278038025,28.520523262023925,32.8683646774292,32.8683646774292,35.93163036346436
1,383,434,3,0.9176639318466187,508.0275573730469,47.866729736328125,-18.177248001098633,6.482168197631836,20.993227243423462,26.018181467056273,25.76744899749756,30.673030242919925,30.673030242919925,34.956582559858056
1,384,435,3,0.9176639318466187,505.23138427734375,47.18120574951172,-18.26683235168457,6.209762096405029,20.646612882614136,24.685974168777467,24.472978019714358,28.622845115661626,28.622845115661626,33.715922372000556
1,385,436,3,0.9176639318466187,502.6705322265625,47.14299774169922,-18.296152114868164,5.958362579345703,18.22344946861267,22.6627525806427,22.486977767944335,26.551174507141116,26.551174507141116,32.20061840057373
1,386,437,3,0.9176639318466187,500.37762451171875,46.85846710205078,-18.3450870513916,5.732726573944092,16.623462438583374,20.293926000595093,20.124148178100587,24.274415245056154,24.274415245056154,30.445541741507395
1,387,438,3,0.9176639318466187,498.2486572265625,46.921958923339844,-18.361051559448242,5.5221943855285645,15.201835870742798,18.33771758079529,18.25877437591553,22.222065467834472,22.222065467834472,28.539000696454735
1,388,439,3,0.9176639318466187,496.20672607421875,47.033477783203125,-18.371824264526367,5.319653511047363,14.60355520248413,17.05978317260742,16.973077011108398,20.46319107055664,20.46319107055664,26.5250123323713
1,389,440,3,0.9176639318466187,494.3541564941406,46.982879638671875,-18.3953857421875,5.135494232177734,13.36754822731018,15.60397024154663,15.57982521057129,18.684560508728026,18.684560508728026,24.49875459398542
1,390,441,3,0.9176639318466187,492.88616943359375,46.68329620361328,-18.43766975402832,4.989311695098877,10.956610321998596,14.150602412223815,14.102348613739014,17.007634677886962,17.007634677886962,22.546555227552144
1,391,442,3,0.9176639318466187,491.27276611328125,46.48926544189453,-18.47196388244629,4.828173637390137,11.86178183555603,13.198266291618348,13.15307149887085,15.613419342041013,15.613419342041013,20.68806583132062
1,392,443,3,0.9176639318466187,490.1162109375,46.05999755859375,-18.52304458618164,4.712452411651611,9.107542634010315,11.97940764427185,11.89132947921753,14.339930362701415,14.339930362701415,18.943602382114957
1,393,444,3,0.9176639318466187,488.6965026855469,45.78322219848633,-18.56307029724121,4.570011138916016,10.652976751327515,11.189291954040527,11.140601062774659,13.17343517303467,13.17343517303467,17.357748086111886
1,394,445,3,0.9176639318466187,486.98382568359375,45.48479080200195,-18.608245849609375,4.397704601287842,12.825375080108643,11.08085732460022,11.057502365112304,12.268970603942872,12.268970603942872,15.935877391270228
1,395,446,3,0.9176639318466187,485.27459716796875,45.0921745300293,-18.66214942932129,4.22521448135376,13.011584758758545,11.49185221195221,11.468003940582276,11.742101669311525,11.742101669311525,14.690007476806642
1,396,447,3,0.9176639318466187,483.34539794921875,44.788787841796875,-18.710357666015625,4.029932975769043,14.482366561889648,12.015969157218933,11.996329593658448,11.510753288269044,11.510753288269044,13.665177873883929
1,397,448,3,0.9176639318466187,481.9402160644531,44.450096130371094,-18.756399154663086,3.8872299194335938,10.796154141426086,12.353691458702087,12.349177837371826,11.602322959899903,11.602322959899903,12.892990485600064
1,398,449,3,0.9176639318466187,480.6290283203125,44.36325454711914,-18.778352737426758,3.7538797855377197,9.730452418327332,12.16918659210205,12.154290676116943,11.805060882568359,11.805060882568359,12.34893927710397
1,399,450,3,0.9176639318466187,479.25518798828125,44.58390426635742,-18.77267074584961,3.6140944957733154,10.072852492332458,11.618682074546815,11.529718780517578,11.899504165649414,11.899504165649414,12.000306963239398
1,400,451,3,0.9176639318466187,478.2179260253906,44.39243698120117,-18.801408767700195,3.5081095695495605,7.906464993953705,10.597658121585846,10.519222927093507,11.70974796295166,11.70974796295166,11.791208790370396
1,401,452,3,0.9176639318466187,476.92333984375,44.247398376464844,-18.82866859436035,3.375648260116577,9.737077474594116,9.64860030412674,9.574493980407714,11.225380840301515,11.225380840301515,11.64212453842163
1,402,453,3,0.9176639318466187,475.6184387207031,44.098838806152344,-18.85642433166504,3.241844415664673,9.838964939117432,9.457162463665009,9.404506301879882,10.636446533203125,10.636446533203125,11.484173804691862
1,403,454,3,0.9176639318466187,474.5265197753906,44.04096603393555,-18.8735408782959,3.129734516143799,8.165449440479279,9.144161868095399,9.091613960266114,10.02391119003296,10.02391119003296,11.271767790658135
1,404,455,3,0.9176639318466187,473.13702392578125,44.23887634277344,-18.87018585205078,2.9871408939361572,10.26958179473877,9.18350772857666,9.136683654785157,9.545304164886476,9.545304164886476,10.977907962799074
1,405,456,3,0.9176639318466187,471.60760498046875,44.83625030517578,-18.83128547668457,2.830437183380127,11.62511122226715,9.92723697423935,9.767961502075195,9.395051879882812,9.395051879882812,10.633620962415424
1,406,457,3,0.9176639318466187,470.3793640136719,45.320472717285156,-18.79959487915039,2.7044589519500732,9.353021621704102,9.850425803661347,9.674189758300782,9.414991035461426,9.414991035461426,10.278690515245712
1,407,458,3,0.9176639318466187,468.7877197265625,45.9343376159668,-18.75974464416504,2.5410003662109375,12.113719582557678,10.305376732349396,10.187725925445557,9.57163496017456,9.57163496017456,9.973245800563268
1,408,459,3,0.9176639318466187,467.11236572265625,46.17206573486328,-18.75565528869629,2.367987871170044,12.460379004478455,11.16436264514923,11.09972848892212,9.973257865905762,9.973257865905762,9.794371089935305
1,409,460,3,0.9176639318466187,465.37518310546875,47.20098876953125,-18.67872428894043,2.1897284984588623,13.978904128074646,11.906227111816406,11.809089088439942,10.507738952636718,10.507738952636718,9.77598429271153
1,410,461,3,0.9176639318466187,463.3885498046875,47.888389587402344,-18.63609504699707,1.9846633672714233,15.080341458320618,12.5972731590271,12.499271678924561,11.054000988006592,11.054000988006592,9.923139978136335
1,411,462,3,0.9176639318466187,461.52728271484375,47.884681701660156,-18.656307220458984,1.7907413244247437,14.03802216053009,13.534273266792297,13.318335914611817,11.7828302192688,11.7828302192688,10.242786557333812
1,412,463,3,0.9176639318466187,459.07806396484375,47.84641647338867,-18.686100006103516,1.5346697568893433,18.561519384384155,14.823833227157593,14.529913330078125,12.651267700195312,12.651267700195312,10.707960245949883
1,413,464,3,0.9176639318466187,457.15972900390625,48.360008239746094,-18.658782958984375,1.3348950147628784,14.517630100250244,15.23528344631195,14.941795921325683,13.419681186676025,13.419681186676025,11.280058838980539
1,414,465,3,0.9176639318466187,454.7817077636719,48.652462005615234,-18.656991958618164,1.085716962814331,17.941283226013184,16.027759265899657,15.90084571838379,14.238032512664796,14.238032512664796,11.946687060764859
1,415,466,3,0.9176639318466187,451.5816345214844,50.02192687988281,-18.56329345703125,0.7523022890090942,24.935789108276367,17.998848795890808,17.776938056945802,15.293565788269044,15.293565788269044,12.7067310496739
1,416,467,3,0.9176639318466187,448.37078857421875,51.17887878417969,-18.489355087280273,0.41620999574661255,24.777302742004395,20.14670491218567,19.93871955871582,16.617642517089845,16.617642517089845,13.579574416024345
1,417,468,3,0.9176639318466187,445.8052978515625,52.14110565185547,-18.426589965820312,0.14713582396507263,19.89342713356018,20.413086462020875,20.3269437789917,17.77704860687256,17.77704860687256,14.540009790148057
1,418,469,3,0.9176639318466187,442.77008056640625,53.81796646118164,-18.301767349243164,-0.16982877254486084,24.527310132980347,22.415022468566896,22.269561767578125,19.24260177612305,19.24260177612305,15.605691441127233
1,419,470,3,0.9176639318466187,440.133544921875,55.605316162109375,-18.162248611450195,-0.4441998600959778,22.16208243370056,23.25918231010437,23.15409164428711,20.69325096130371,20.69325096130371,16.754546192714148
1,420,471,3,0.9176639318466187,437.0364074707031,57.56886291503906,-18.010906219482422,-0.7674164175987244,25.69638204574585,23.411300897598267,23.284744834899904,21.79481231689453,21.79481231689453,17.950993497031078
1,421,472,3,0.9176639318466187,433.6231689453125,60.08588409423828,-17.810958862304688,-1.1224101781845093,29.33498740196228,24.322837829589844,24.21416244506836,22.64990089416504,22.64990089416504,19.15268898010254
1,422,473,3,0.9176639318466187,430.245361328125,63.11808395385742,-17.56254005432129,-1.4712554216384888,30.83457612991333,26.511067628860474,26.418299674987793,23.868172073364256,23.868172073364256,20.377632735116144
1,423,474,3,0.9176639318466187,426.9076232910156,64.81798553466797,-17.437578201293945,-1.822857141494751,26.86663842201233,26.97893328666687,26.86024875640869,24.786309471130373,24.786309471130373,21.544585157121933
1,424,475,3,0.9176639318466187,423.76861572265625,67.03129577636719,-17.26267433166504,-2.1507174968719482,26.754929780960083,27.897502756118776,27.77907657623291,25.711306457519534,25.711306457519534,22.678050564357214
1,425,476,3,0.9176639318466187,419.9850158691406,69.9551010131836,-17.02789306640625,-2.544764518737793,33.02558469772339,29.363343286514283,29.247534942626952,26.903864479064943,26.903864479064943,23.77251666477748
1,426,477,3,0.9176639318466187,416.60394287109375,73.06533813476562,-16.77190589904785,-2.893983840942383,31.175547122955322,29.73145523071289,29.574755859375,27.97598316192627,27.97598316192627,24.812906979152135
1,427,478,3,0.9176639318466187,413.4458312988281,76.30363464355469,-16.502113342285156,-3.217909336090088,30.35256814956665,29.635053634643555,29.424328994750976,28.57718902587891,28.57718902587891,25.781817937578474
1,428,479,3,0.9176639318466187,410.32232666015625,80.49072265625,-16.145009994506836,-3.531325101852417,34.2096426486969,31.10365447998047,30.849609375,29.375061149597173,29.375061149597173,26.742555116925924
1,429,480,3,0.9176639318466187,407.2183837890625,84.25344848632812,-15.827433586120605,-3.844822645187378,32.129711866378784,32.17861089706421,31.97289276123047,30.213824386596677,30.213824386596677,27.64907687595913
1,430,481,3,0.9176639318466187,403.8386535644531,88.36034393310547,-15.481385231018066,-4.185469150543213,34.961875677108765,32.565869092941284,32.46744232177735,30.857805862426762,30.857805862426762,28.516433503287182
1,431,482,3,0.9176639318466187,400.6330261230469,93.14427947998047,-15.073199272155762,-4.501197338104248,37.15507507324219,33.761774682998656,33.67488441467285,31.677831573486326,31.677831573486326,29.368794234139582
1,432,483,3,0.9176639318466187,398.20379638671875,97.83151245117188,-14.669032096862793,-4.731490135192871,33.4924521446228,34.389751482009885,34.2317813873291,32.63932205200196,32.63932205200196,30.18814531598772
1,433,484,3,0.9176639318466187,396.40936279296875,103.03092193603516,-14.21603012084961,-4.8872551918029785,34.49044632911682,34.44591221809387,33.953202438354495,33.26004066467285,33.26004066467285,30.943010673522952
1,434,485,3,0.9176639318466187,394.0780944824219,108.04458618164062,-13.786092758178711,-5.102189540863037,34.608184576034546,34.941606760025024,34.5241138458252,33.77028488159179,33.77028488159179,31.684881510053362
1,435,486,3,0.9176639318466187,391.71185302734375,113.75006103515625,-13.297500610351562,-5.314199447631836,38.34772253036499,35.61877613067627,35.3999439239502,34.356785202026366,34.356785202026366,32.39655637468611
1,436,487,3,0.9176639318466187,390.14178466796875,119.165771484375,-12.832148551940918,-5.440662860870361,34.720543384552,35.13186979293823,34.99201126098633,34.620210571289064,34.620210571289064,33.026040115356444
1,437,488,3,0.9176639318466187,388.57257080078125,124.99481964111328,-12.334043502807617,-5.562735080718994,36.92486000061035,35.818351364135744,35.690916824340825,34.9120376586914,34.9120376586914,33.605216086251396
1,438,489,3,0.9176639318466187,387.24200439453125,130.90744018554688,-11.83108139038086,-5.6573944091796875,36.84904146194458,36.290070390701295,36.08944244384766,35.339285659790036,35.339285659790036,34.128280955723355
1,439,490,3,0.9176639318466187,386.15130615234375,137.13978576660156,-11.30355453491211,-5.722775936126709,38.27254343032837,37.02294216156006,36.84859428405762,35.80418174743652,35.80418174743652,34.58040376935686
1,440,491,3,0.9176639318466187,385.9420166015625,143.73219299316406,-10.74599838256836,-5.690077781677246,40.213016510009766,37.396000957489015,37.13818016052246,36.15182899475098,36.15182899475098,34.99351638793945
1,441,492,3,0.9176639318466187,386.6930847167969,150.4807891845703,-10.177061080932617,-5.5541911125183105,42.115681171417236,38.87502851486206,38.26819267272949,36.80706527709961,36.80706527709961,35.42734215872628
1,442,493,3,0.9176639318466187,387.1522216796875,157.1861572265625,-9.61963939666748,-5.451128959655762,40.8145866394043,39.65297384262085,39.12044334411621,37.49297058105469,37.49297058105469,35.87536864144462
1,443,494,3,0.9176639318466187,388.283935546875,164.69802856445312,-9.000590324401855,-5.2723069190979,46.3938775062561,41.56194105148315,41.13455657958985,38.50199340820313,38.50199340820313,36.42990904671806
1,444,495,3,0.9176639318466187,390.16259765625,171.26922607421875,-8.463223457336426,-5.025391578674316,42.579360008239746,42.42330436706543,42.11557388305664,39.55538932800293,39.55538932800293,37.093244999476845
1,445,496,3,0.9176639318466187,392.627685546875,177.97389221191406,-7.920685291290283,-4.720249176025391,44.81730079650879,43.34416122436524,43.01471214294434,40.73069572448731,40.73069572448731,37.86344643729074
1,446,497,3,0.9176639318466187,395.0164794921875,184.53964233398438,-7.396772861480713,-4.428126335144043,43.189199924468994,43.558864974975585,43.195258712768556,41.71610893249512,41.71610893249512,38.708007463727675
1,447,498,3,0.9176639318466187,398.0843505859375,191.73870849609375,-6.829615116119385,-4.066980361938477,48.41133213043213,45.07821407318115,44.84878349304199,42.861776962280274,42.861776962280274,39.666571459089006
1,448,499,3,0.9176639318466187,401.88934326171875,198.49185180664062,-6.304074764251709,-3.64041805267334,48.73437738418579,45.54631404876709,45.386866378784184,43.71223892211914,43.71223892211914,40.65302483694894
1,449,500,3,0.9176639318466187,405.2873229980469,205.2609100341797,-5.785945415496826,-3.260667085647583,46.252299785614014,46.280902004241945,46.17456207275391,44.5240365600586,44.5240365600586,41.6574628339495
1,450,501,3,0.9176639318466187,409.544921875,211.03097534179688,-5.349199295043945,-2.807884931564331,45.29474687576294,46.37639122009277,46.14672546386719,45.150439224243165,45.150439224243165,42.607240807669506
1,451,502,3,0.9176639318466187,414.41925048828125,216.9388427734375,-4.908240795135498,-2.301093339920044,48.36782455444336,47.41211614608765,47.14117012023926,45.93962150573731,45.93962150573731,43.51927397591727
1,452,503,3,0.9176639318466187,419.3886413574219,223.4244384765625,-4.432004451751709,-1.7902019023895264,50.28730344772339,47.787310409545896,47.61210594177246,46.4922859954834,46.4922859954834,44.34235830034528
1,453,504,3,0.9176639318466187,425.71484375,230.2403564453125,-3.939877986907959,-1.157776117324829,57.69670629501343,49.579776191711424,49.36688346862793,47.28828941345215,47.28828941345215,45.13838408333915
1,454,505,3,0.9176639318466187,431.0608215332031,236.86886596679688,-3.4695680141448975,-0.6290397047996521,50.95004081726074,50.51932439804077,50.48440933227539,48.15025886535644,48.15025886535644,45.89388149806432
1,455,506,3,0.9176639318466187,436.1748046875,243.16824340820312,-3.0298445224761963,-0.1315753012895584,47.80429029464722,51.02123308181763,50.997230529785156,49.12035987854004,49.12035987854004,46.66647020612444
1,456,507,3,0.9176639318466187,442.34686279296875,249.40272521972656,-2.6024537086486816,0.4544529616832733,52.22318458557129,51.792305088043214,51.73928146362305,50.039982147216804,50.039982147216804,47.45446243286133
1,457,508,3,0.9176639318466187,447.71221923828125,256.0972595214844,-2.149967908859253,0.9591602087020874,48.804784297943115,51.495801258087155,51.4519100189209,50.807942962646486,50.807942962646486,48.26267725263323
1,458,509,3,0.9176639318466187,454.6702880859375,262.79412841796875,-1.707022786140442,1.597395420074463,55.93545627593994,51.14355125427246,51.0674674987793,51.14805976867676,51.14805976867676,49.00673986162458
1,459,510,3,0.9176639318466187,461.2301940917969,268.4476623535156,-1.3404788970947266,2.187464714050293,50.01467514038086,50.956478118896484,50.84182548522949,51.21954299926758,51.21954299926758,49.6820622907366
1,460,511,3,0.9176639318466187,467.06158447265625,274.989990234375,-0.9202261567115784,2.705989122390747,48.055885791778564,51.00679721832275,50.9162956237793,51.203356018066415,51.203356018066415,50.24135751996721
1,461,512,3,0.9176639318466187,474.5458984375,281.6297607421875,-0.5040658116340637,3.3578131198883057,55.680908203125,51.6983419418335,51.584834289550784,51.17246658325196,51.17246658325196,50.67310147966658
1,462,513,3,0.9176639318466187,482.01092529296875,287.50604248046875,-0.14405781030654907,3.995903730392456,52.75027942657471,52.48744096755981,52.40786476135254,51.36365753173828,51.36365753173828,50.99357257298062
1,463,514,3,0.9176639318466187,489.6850280761719,292.5048828125,0.15404511988162994,4.640692234039307,51.14623689651489,51.5295970916748,51.36831092834473,51.42382621765137,51.42382621765137,51.191264583042695
1,464,515,3,0.9176639318466187,496.54241943359375,297.063720703125,0.42215365171432495,5.208143711090088,45.18729114532471,50.564120292663574,50.361671447753906,51.32779541015625,51.32779541015625,51.26552921840123
1,465,516,3,0.9176639318466187,505.09503173828125,301.3516845703125,0.6649901866912842,5.905904769897461,53.19431161880493,51.59180545806885,51.4230640411377,51.42914909362793,51.42914909362793,51.305684836251395
1,466,517,3,0.9176639318466187,513.5022583007812,304.38946533203125,0.8279879093170166,6.58275032043457,50.12607479095459,50.480838775634766,50.24462585449219,51.16110740661621,51.16110740661621,51.29733689444406
1,467,518,3,0.9176639318466187,522.499267578125,306.95062255859375,0.9580922722816467,7.298020362854004,52.34446334838867,50.39967555999756,50.12919044494629,50.70537254333497,50.70537254333497,51.22619639805386
1,468,519,3,0.9176639318466187,530.8604736328125,309.06134033203125,1.0611686706542969,7.954535007476807,47.84811544418335,49.74005126953125,49.47490310668945,50.326690979003914,50.326690979003914,51.1053713117327
1,469,520,3,0.9176639318466187,540.4896240234375,309.811279296875,1.0777809619903564,8.705199241638184,54.0610556602478,51.514804172515866,51.234957504272465,50.501348190307624,50.501348190307624,50.98218426295689
1,470,521,3,0.9176639318466187,549.76123046875,311.1938171386719,1.1328767538070679,9.417388916015625,51.43086862564087,51.16211557388306,51.01226806640625,50.41918899536133,50.41918899536133,50.8386646597726
1,471,522,3,0.9176639318466187,559.223876953125,312.23004150390625,1.1662710905075073,10.136595726013184,51.83868455886841,51.50463752746582,51.406694412231445,50.65160270690918,50.65160270690918,50.742065702165874
1,472,523,3,0.9176639318466187,569.15283203125,312.500244140625,1.1529027223587036,10.885335922241211,53.91788578033447,51.81932201385498,51.7334587097168,50.97245635986328,50.97245635986328,50.67682388305665
1,473,524,3,0.9176639318466187,579.4483642578125,312.9430236816406,1.1486990451812744,11.651910781860352,55.194218158721924,53.28854255676269,53.25712852478028,51.72890144348145,51.72890144348145,50.757937316894534
1,474,525,3,0.9176639318466187,590.23974609375,313.4095458984375,1.1444873809814453,12.445505142211914,57.13960075378418,53.90425157546997,53.86897087097168,52.25570411682129,52.25570411682129,50.97941325596401
1,475,526,3,0.9176639318466187,600.4348754882812,313.8369445800781,1.139786958694458,13.18619441986084,53.33070087432861,54.28421802520752,54.27088851928711,52.90742820739746,52.90742820739746,51.34809000287738
1,476,527,3,0.9176639318466187,611.0228271484375,314.0155029296875,1.1197476387023926,13.947792053222656,54.85400676727295,54.88728246688843,54.88531608581543,53.60315254211425,53.60315254211425,51.79120491027832
1,477,528,3,0.9176639318466187,621.8546142578125,314.4769287109375,1.1153857707977295,14.71585464477539,55.30139923095703,55.16398515701294,55.162116622924806,54.28888412475586,54.28888412475586,52.344018500191815
1,478,529,3,0.9176639318466187,631.7064208984375,315.41845703125,1.1410399675369263,15.402660369873047,49.48449468612671,54.0220404624939,54.010907363891604,54.43963989257812,54.43963989257812,52.885166669573096
1,479,530,3,0.9176639318466187,642.8825073242188,316.277099609375,1.157991886138916,16.173492431640625,55.513328075408936,53.69678592681885,53.68336715698242,54.40251914978027,54.40251914978027,53.37517563956124
1,480,531,3,0.9176639318466187,653.962646484375,317.8527526855469,1.2150543928146362,16.922269821166992,54.0682954788208,53.84430484771728,53.810403442382814,54.31042213439942,54.31042213439942,53.74396430969238
1,481,532,3,0.9176639318466187,664.291015625,320.1371154785156,1.3127521276474,17.60448455810547,49.6205792427063,52.797619342803955,52.729668045043944,53.879292526245116,53.879292526245116,53.97590551103865
1,482,533,3,0.9176639318466187,674.0093994140625,322.8120422363281,1.4323478937149048,18.233516693115234,46.10162830352783,50.95766515731812,50.859551239013676,53.01877944946288,53.01877944946288,53.99181283133371
1,483,534,3,0.9176639318466187,685.9385986328125,326.0816345214844,1.5762064456939697,18.994245529174805,55.743234157562256,52.209413051605225,52.09707183837891,52.63601234436036,52.63601234436036,53.8536499459403
1,484,535,3,0.9176639318466187,694.793212890625,330.47442626953125,1.7875584363937378,19.53325653076172,41.6856050491333,49.443868446350095,49.22266387939453,51.74387168884277,51.74387168884277,53.49007674080985
1,485,536,3,0.9176639318466187,705.0042114257812,335.1747741699219,2.0080440044403076,20.148624420166016,47.064627170562744,48.04313478469849,47.842245483398436,50.5502400970459,50.5502400970459,52.934448198590964
1,486,537,3,0.9176639318466187,714.998046875,340.16107177734375,2.2408015727996826,20.737716674804688,45.60538101196289,47.240095138549805,47.056105041503905,49.415527496337894,49.415527496337894,52.22202081952777
1,487,538,3,0.9176639318466187,724.4749145507812,346.106689453125,2.521641731262207,21.27577781677246,43.699965476989746,46.759762573242185,46.53208808898926,48.55003486633301,48.55003486633301,51.39910835266114
2,0,591,3,0.9100384712219238,739.3118896484375,172.02444458007812,-7.55384635925293,24.170164108276367,,,,,,
2,1,592,3,0.9100384712219238,729.8706665039062,168.79739379882812,-7.78058385848999,23.5715274810791,46.089882373809814,46.089882373809814,,,,
2,2,593,3,0.9100384712219238,719.98681640625,164.95248413085938,-8.0520601272583,22.940845489501953,49.43727493286133,47.76357865333557,,,,
2,3,594,3,0.9100384712219238,710.6019287109375,161.53359985351562,-8.298636436462402,22.32972526550293,47.447277545928955,47.6581449508667,,,,
2,4,595,3,0.9100384712219238,700.3185424804688,157.75827026367188,-8.575117111206055,21.649639129638672,52.85794115066528,48.958094000816345,,,,
2,5,596,3,0.9100384712219238,690.39208984375,154.4103240966797,-8.826473236083984,20.978918075561523,51.571635246276855,49.48080224990845,49.47323455810547,49.47323455810547,,
2,6,597,3,0.9100384712219238,680.064208984375,152.06138610839844,-9.015006065368652,20.257539749145508,53.683778285980225,50.99958143234253,50.92454223632813,50.1988883972168,,
2,7,598,3,0.9100384712219238,668.7952270507812,149.18052673339844,-9.245911598205566,19.460962295532227,59.71456861495972,53.055040168762204,52.97726211547852,51.125012969970705,,
2,8,599,3,0.9100384712219238,657.6231689453125,146.76097106933594,-9.4484281539917,18.65332794189453,59.949942111968994,55.555573081970216,55.468827438354495,52.21096658706665,,
2,9,600,3,0.9100384712219238,647.59716796875,143.1622772216797,-9.733359336853027,17.930208206176758,55.96062612533569,56.176110076904294,56.09662399291992,52.988098068237306,52.988098068237306,52.988098068237306
2,10,601,3,0.9100384712219238,636.7918701171875,140.13754272460938,-9.985172271728516,17.129459381103516,60.437490463256836,57.94928112030029,57.888919830322266,54.67123512268067,54.67123512268067,53.82966659545899
2,11,602,3,0.9100384712219238,625.56640625,136.53419494628906,-10.284624099731445,16.286550521850586,64.40546894073486,60.09361925125122,60.03381500244141,56.49308967590332,56.49308967590332,54.71747428894043
2,12,603,3,0.9100384712219238,615.482666015625,132.94082641601562,-10.584429740905762,15.518508911132812,59.36274003982544,60.02325353622437,59.95411605834961,57.88846046447755,57.88846046447755,55.510220832824714
2,13,604,3,0.9100384712219238,604.0062255859375,128.286865234375,-10.973793029785156,14.631900787353516,69.72030687332153,61.977326488494874,61.9344223022461,59.181579437255856,59.181579437255856,56.24449255371094
2,14,605,3,0.9100384712219238,592.3834228515625,125.82637023925781,-11.207918167114258,13.699809074401855,69.19531917572021,64.62426509857178,64.51232299804688,60.86471923828126,60.86471923828126,57.01453033447266
2,15,606,3,0.9100384712219238,580.7962036132812,122.71503448486328,-11.495400428771973,12.757476806640625,70.93502569198608,66.72377214431762,66.60683898925781,62.608303070068374,62.608303070068374,57.813640725272045
2,16,607,3,0.9100384712219238,568.6435546875,120.03500366210938,-11.758246421813965,11.746313095092773,75.22328567504883,68.88733549118042,68.73691635131836,64.34892333984376,64.34892333984376,59.436615764072975
2,17,608,3,0.9100384712219238,556.5225830078125,115.49410247802734,-12.170638084411621,10.726519584655762,79.20149517059326,72.85508651733399,72.68679656982422,66.89545944213867,66.89545944213867,61.18293352399553
2,18,609,3,0.9100384712219238,545.4940185546875,111.54251861572266,-12.53981876373291,9.777753829956055,73.30048942565918,73.57112302780152,73.44731140136719,69.1980372619629,69.1980372619629,62.997926036289755
2,19,610,3,0.9100384712219238,533.4302368164062,107.63632202148438,-12.919078826904297,8.716141700744629,81.16730117797852,75.96551942825317,75.87721939086914,71.47101654052734,71.47101654052734,64.93829119001116
2,20,611,3,0.9100384712219238,521.894775390625,104.4166030883789,-13.247807502746582,7.677721977233887,78.42310523986816,77.46313533782958,77.37885131835938,73.62541900634764,73.62541900634764,67.00169684273855
2,21,612,3,0.9100384712219238,509.4801025390625,100.95951843261719,-13.608515739440918,6.536182880401611,86.19642162322998,79.65776252746582,79.6164436340332,75.80132446289062,75.80132446289062,69.13549758911132
2,22,613,3,0.9100384712219238,496.7042236328125,97.70352172851562,-13.963000297546387,5.3344502449035645,90.21058559417725,81.85958061218261,81.82314376831054,77.6285939025879,77.6285939025879,71.2812534223284
2,23,614,3,0.9100384712219238,484.4837341308594,92.86282348632812,-14.45598030090332,4.158746719360352,91.79104614257812,85.55769195556641,85.48909606933594,80.03695083618166,80.03695083618166,73.52240020751954
2,24,615,3,0.9100384712219238,471.7518310546875,89.261474609375,-14.858255386352539,2.9044370651245117,94.84118556976318,88.29246883392334,88.22432098388673,82.50637115478517,82.50637115478517,75.75253045218332
2,25,616,3,0.9100384712219238,459.01220703125,85.29049682617188,-15.30261516571045,1.6184053421020508,97.96586894989014,92.20102157592774,92.13474655151367,85.45755020141601,85.45755020141601,78.07531801496233
2,26,617,3,0.9100384712219238,445.8790283203125,79.01019287109375,-15.967552185058594,0.25144660472869873,109.44751739501953,96.85124073028564,96.66569366455079,88.86740020751954,88.86740020751954,80.5605156816755
2,27,618,3,0.9100384712219238,433.4256896972656,76.6751480102539,-16.286951065063477,-1.065437912940979,97.5646619796753,98.32205600738526,98.04624938964844,92.1120213317871,92.1120213317871,83.20145887102399
2,28,619,3,0.9100384712219238,419.7794494628906,72.68434143066406,-16.777236938476562,-2.55080246925354,112.62163066864014,102.48817291259766,102.2362289428711,95.46144790649414,95.46144790649414,86.01004793439594
2,29,620,3,0.9100384712219238,406.94940185546875,69.3680191040039,-17.20948028564453,-3.981131076812744,107.58337783813477,105.03661136627197,104.77354202270509,98.77129211425782,98.77129211425782,89.03043339320593
2,30,621,3,0.9100384712219238,392.8779296875,65.40119171142578,-17.727611541748047,-5.594271659851074,121.99023914337158,109.84148540496827,109.57568664550782,102.25948013305664,102.25948013305664,92.20508043561664
2,31,622,3,0.9100384712219238,380.2553405761719,60.334716796875,-18.351945877075195,-7.096014022827148,117.09740924835205,111.37146377563477,111.23523330688477,105.17338806152343,105.17338806152343,95.4432257080078
2,32,623,3,0.9100384712219238,367.221923828125,57.42079544067383,-18.78512954711914,-8.664722442626953,117.17420196533203,115.29337177276611,115.19101867675782,108.60234191894531,108.60234191894531,98.7496245247977
2,33,624,3,0.9100384712219238,354.3310546875,52.140052795410156,-19.467041015625,-10.288267135620117,126.78749656677246,118.12654495239258,117.95999908447266,111.74709594726565,111.74709594726565,102.0181524876186
