track_id,obs_index,frame_idx,class_id,confidence,image_x,image_y,world_x_m,world_y_m,raw_speed_kmh,smoothed_speed_kmh,windowed_raw_speed_kmh,windowed_smoothed_speed_kmh,final_filtered_speed_kmh,final_display_speed_kmh
1,0,0,3,0.9141390323638916,763.903076171875,208.38333129882812,0.7910272479057312,-13.447440147399902,,,,,,
1,1,1,3,0.9141390323638916,750.6214599609375,208.18377685546875,0.8053677678108215,-13.15009593963623,32.118382749262146,32.118382749262146,,,,
1,2,2,3,0.9141390323638916,737.84716796875,208.4749755859375,0.8047904372215271,-12.858128547668457,31.50103844843663,31.80971059884939,,,,
1,3,3,3,0.9141390323638916,724.59033203125,209.10772705078125,0.7940414547920227,-12.54873275756836,33.40150223864423,32.34030781211433,,,,
1,4,4,3,0.9141390323638916,711.9149169921875,209.32171630859375,0.7956612706184387,-12.24661922454834,32.59613535382769,32.40426469754267,,,,
1,5,5,3,0.9141390323638916,698.5274658203125,209.40342712402344,0.8019298315048218,-11.92064094543457,35.17698527096987,32.95880881222811,32.94675800350163,32.94675800350163,,
1,6,6,3,0.9141390323638916,685.9495849609375,210.18441772460938,0.7856520414352417,-11.607714653015137,33.80792362468464,33.296716987312614,33.28487260953768,33.11581530651965,,
1,7,7,3,0.9141390323638916,673.16259765625,210.28802490234375,0.7908416986465454,-11.282754898071289,35.065065611611594,34.0095224199476,33.995409230966786,33.40901328133536,,
1,8,8,3,0.9141390323638916,660.5911254882812,210.40716552734375,0.7954955697059631,-10.956338882446289,35.22129075510518,34.373480123239794,34.361361790370275,33.64710040859409,,
1,9,9,3,0.9141390323638916,649.0911865234375,210.82778930664062,0.7896607518196106,-10.651533126831055,32.89216119688112,34.43268529185048,34.41968464351201,33.801617255577675,33.801617255577675,33.801617255577675
1,10,10,3,0.9141390323638916,635.418701171875,210.7034912109375,0.8032122850418091,-10.281166076660156,39.98642129736108,35.39457249712872,35.37729017503493,34.28772368988433,34.28772368988433,34.044670472731
1,11,11,3,0.9141390323638916,622.1626586914062,210.53512573242188,0.8182646632194519,-9.913524627685547,39.698842403057455,36.57275625280329,36.564719593608295,34.94369308669845,34.94369308669845,34.34434467738682
1,12,12,3,0.9141390323638916,609.992431640625,211.1934814453125,0.8049127459526062,-9.568320274353027,37.272674220425266,37.01427797456602,36.996038095815315,35.543818859668164,35.543818859668164,34.644213222957156
1,13,13,3,0.9141390323638916,596.0526123046875,211.29959106445312,0.8114426732063293,-9.16357135772705,43.67489867157988,38.704999557860965,38.686623987737114,36.40887129914153,36.40887129914153,34.99714483819403
1,14,14,3,0.9141390323638916,583.5814208984375,211.24658203125,0.8225489258766174,-8.792702674865723,40.03174285907726,40.1329158903002,40.116906237530785,37.548315617945285,37.548315617945285,35.42233996815258
1,15,15,3,0.9141390323638916,570.9105224609375,211.7083740234375,0.8160300254821777,-8.40711498260498,41.60781423528711,40.4571944778854,40.44001119120138,38.560859821178575,38.560859821178575,35.87069994715629
1,16,16,3,0.9141390323638916,557.5364990234375,212.251953125,0.8069888949394226,-7.990182876586914,44.99425933315799,41.5162778639055,41.50339168506664,39.54859423947025,39.54859423947025,36.69169665914095
1,17,17,3,0.9141390323638916,544.77392578125,212.6334228515625,0.8030751347541809,-7.58243465423584,43.99484092300826,42.8607112044221,42.85229512385198,40.71984564507758,40.71984564507758,37.61057122416855
1,18,18,3,0.9141390323638916,531.27734375,212.72438049316406,0.810196042060852,-7.140340805053711,47.70462377207143,43.66665622452041,43.658132105321435,41.714147268594445,41.714147268594445,38.5777789644394
1,19,19,3,0.9141390323638916,518.3413696289062,212.9934539794922,0.8104977607727051,-6.705697059631348,46.89463952204564,45.03923555711408,45.035038127765795,42.697773646641444,42.697773646641444,39.59977250543558
1,20,20,3,0.9141390323638916,506.2459411621094,213.33346557617188,0.8074914813041687,-6.2892656326293945,44.930838085673784,45.703840327191415,45.700216531515366,43.74981471470424,43.74981471470424,40.64847870765883
1,21,21,3,0.9141390323638916,492.55621337890625,213.30950927734375,0.8194447159767151,-5.805798053741455,52.17827831234012,47.14064412302785,47.13634315666024,44.87640500902297,44.87640500902297,41.695348620669925
1,22,22,3,0.9141390323638916,479.32000732421875,213.9261016845703,0.8068238496780396,-5.32559871673584,51.82760936039668,48.70719781050553,48.69902417376325,46.04575081900522,46.04575081900522,42.764618763216596
1,23,23,3,0.9141390323638916,466.24407958984375,213.63877868652344,0.8288006782531738,-4.838402271270752,52.618101641133826,49.68989338431801,49.67382070901511,47.24888853974395,47.24888853974395,43.86466080611284
1,24,24,3,0.9141390323638916,454.0787353515625,213.77264404296875,0.8340211510658264,-4.373240947723389,50.190396480388806,50.34904477598664,50.33327821013216,48.30853655621722,48.30853655621722,44.94875950770422
1,25,25,3,0.9141390323638916,440.28057861328125,214.09201049804688,0.833426296710968,-3.8312015533447266,58.48180497442926,53.05923815373774,53.04409602543453,49.77731245500105,49.77731245500105,46.100640248619435
1,26,26,3,0.9141390323638916,427.20721435546875,214.1880340576172,0.8411957025527954,-3.302877902984619,57.00811306079784,54.02520510342928,54.01110349001585,51.15226452167218,51.15226452167218,47.308424659338115
1,27,27,3,0.9141390323638916,414.319580078125,214.18338012695312,0.8531405329704285,-2.7674002647399902,57.78818411546034,55.21732005444202,55.21092905507578,52.45464549793469,52.45464549793469,48.55197191408532
1,28,28,3,0.9141390323638916,401.0408630371094,214.9221954345703,0.834881067276001,-2.1997921466827393,61.27211478325751,56.94812268286675,56.937195990349984,53.90732055420166,53.90732055420166,49.842102706253705
1,29,29,3,0.9141390323638916,388.28961181640625,215.21673583984375,0.8343367576599121,-1.6389011144638062,60.515741487363954,59.01319168426178,59.002735088397934,55.641211929854805,55.641211929854805,51.21288286494651
1,30,30,3,0.9141390323638916,375.1265869140625,214.7970733642578,0.8647351264953613,-1.0429073572158813,64.38660478734828,60.19415164684558,60.170781862485654,57.06654909726503,57.06654909726503,52.61540580173523
1,31,31,3,0.9141390323638916,362.320068359375,215.385986328125,0.8518816232681274,-0.4457530677318573,64.44315786485548,61.68116060765711,61.65267570869072,58.59486354100002,58.59486354100002,54.08488108527563
1,32,32,3,0.9141390323638916,350.4463195800781,215.9022674560547,0.8409311771392822,0.12382480502128601,61.46431421781038,62.41638662812712,62.38862970373133,60.03040367073113,60.03040367073113,55.54960840180849
1,33,33,3,0.9141390323638916,336.1905517578125,215.6910400390625,0.8645899295806885,0.8288333415985107,76.10767061536485,65.38349779454859,65.35610099891564,61.714184672444254,61.714184672444254,57.058454137633085
1,34,34,3,0.9141390323638916,323.3825378417969,216.23489379882812,0.8531824350357056,1.4828635454177856,70.57543043847326,67.39543558477044,67.36397833733649,63.38643332223197,63.38643332223197,58.6201381125327
1,35,35,3,0.9141390323638916,310.900634765625,216.25445556640625,0.8652839064598083,2.139925241470337,70.903790699733,68.6988727672474,68.68050620034263,65.08837818980336,65.08837818980336,60.21743206047581
1,36,36,3,0.9141390323638916,296.71923828125,216.55654907226562,0.8663424253463745,2.9111852645874023,83.21294679746522,72.45283055376935,72.43810514589171,67.24546407724355,67.24546407724355,61.87518236724562
1,37,37,3,0.9141390323638916,284.594970703125,216.9195556640625,0.8622825145721436,3.592452049255371,73.5046149014712,74.86089069050152,74.8489202676596,69.73752219002921,69.73752219002921,63.68532138049763
1,38,38,3,0.9141390323638916,272.0865173339844,216.93447875976562,0.8753858208656311,4.317500114440918,78.23973578530234,75.287303724489,75.28028249978782,71.72235849020365,71.72235849020365,65.56067780181245
1,39,39,3,0.9141390323638916,257.6026916503906,217.16323852539062,0.8806520104408264,5.186649799346924,93.77610862076462,79.92743936094728,79.92406058144736,74.23437493902581,74.23437493902581,67.58981655442598
1,40,40,3,0.9141390323638916,245.75039672851562,217.619873046875,0.8715999126434326,5.922736167907715,79.42391632796524,81.63146448659373,81.6272021054507,76.82371412004743,76.82371412004743,69.74832076122642
1,41,41,3,0.9141390323638916,232.64956665039062,217.90792846679688,0.8723157644271851,6.763774871826172,90.74147073896256,83.13716927489318,83.1329004628794,78.96267318344496,78.96267318344496,71.97349788425686
1,42,42,3,0.9141390323638916,218.9923553466797,217.84793090820312,0.8918225765228271,7.672801971435547,98.09942869516041,88.05613203363103,88.04982592175891,81.60285431426483,81.60285431426483,74.33270875917992
1,43,43,3,0.9141390323638916,206.46597290039062,218.31153869628906,0.8829305171966553,8.537116050720215,93.25760680359679,91.05970623728993,91.05279562356588,84.75735693902045,84.75735693902045,76.83440773943377
1,44,44,3,0.9141390323638916,193.3837432861328,218.32879638671875,0.8984689116477966,9.47274112701416,100.9604845132742,92.49658141579184,92.48787787529852,87.27012039779069,87.27012039779069,79.33906462625683
1,45,45,3,0.9141390323638916,179.9173126220703,218.56121826171875,0.903285801410675,10.473012924194336,107.92269311346611,98.19633677289201,98.19016699548011,90.58271337579657,90.58271337579657,82.0334010384844
1,46,46,3,0.9141390323638916,167.1932830810547,219.07643127441406,0.8914645910263062,11.454800605773926,105.93482092782095,101.23500681066369,101.2257746525935,94.20128821373939,94.20128821373939,84.88581722058633
1,47,47,3,0.9141390323638916,153.70335388183594,218.7740936279297,0.9269096851348877,12.536921501159668,116.8149153550307,104.97810414263775,104.96274850942515,97.58387273127263,97.58387273127263,87.85155416504708
1,48,48,3,0.9141390323638916,141.30892944335938,219.0032196044922,0.9312644004821777,13.570798873901367,111.54819940115426,108.63622266214925,108.62394098516229,101.09810180359192,101.09810180359192,91.01375825363951
1,49,49,3,0.9141390323638916,127.90957641601562,219.66439819335938,0.9115851521492004,14.73383903503418,125.5008224007133,113.54429023963705,113.52653846397743,105.30583392132772,105.30583392132772,94.39989819750564
1,50,50,3,0.9141390323638916,114.10845947265625,219.1866912841797,0.9608341455459595,15.984127044677734,135.00081337653432,118.95991429225072,118.92762617631394,109.45332575749447,109.45332575749447,97.92789374300192
1,51,51,3,0.9141390323638916,101.89537048339844,219.63302612304688,0.9524118900299072,17.13774299621582,124.4693750387186,122.66682511443022,122.63597494119651,113.73536581521508,113.73536581521508,101.70864308834825
1,52,52,3,0.9141390323638916,89.04723358154297,220.58053588867188,0.9129189848899841,18.402286529541016,136.50078825898223,126.60399969522055,126.56567942250622,118.05595199783129,118.05595199783129,105.63339146292465
2,0,100,3,0.9207860827445984,854.8599853515625,144.57843017578125,2.507913589477539,-15.328001976013184,,,,,,
2,1,101,3,0.9207860827445984,849.99609375,142.86293029785156,2.5646471977233887,-15.23381519317627,11.863154309851067,11.863154309851067,,,,
2,2,102,3,0.9207860827445984,845.614013671875,141.3629150390625,2.614838123321533,-15.148378372192383,10.690893386151048,11.277023848001058,,,,
2,3,103,3,0.9207860827445984,840.1671142578125,141.31097412109375,2.626858949661255,-15.041406631469727,11.614049707616601,11.389365801206239,,,,
2,4,104,3,0.9207860827445984,831.4840698242188,141.59071350097656,2.635993003845215,-14.8690824508667,18.61851877504057,13.196654044664822,,,,
2,5,105,3,0.9207860827445984,821.2568969726562,141.3787078857422,2.6623029708862305,-14.663225173950195,22.391039591569164,15.03553115404569,14.726609164303714,14.726609164303714,,
2,6,106,3,0.9207860827445984,811.1444091796875,140.8505401611328,2.6978466510772705,-14.456537246704102,22.627332291522105,17.1883667503799,17.016923915851603,15.871766540077658,,
2,7,107,3,0.9207860827445984,800.458740234375,141.29820251464844,2.70694637298584,-14.234663009643555,23.95860453347464,19.841908979844618,19.81646073805345,17.186664606069588,,
2,8,108,3,0.9207860827445984,789.3251342773438,141.50128173828125,2.7242603302001953,-13.999600410461426,25.430103520175198,22.605119742356337,22.578568606228977,18.534640606109434,,
2,9,109,3,0.9207860827445984,780.387939453125,142.0931854248047,2.7257919311523438,-13.80797004699707,20.67606462227119,23.016628911802464,22.978975198842907,19.423507524656127,19.423507524656127,19.423507524656127
2,10,110,3,0.9207860827445984,770.9849853515625,141.6871795654297,2.757830858230591,-13.603462219238281,22.333912558846183,23.00520350525786,22.960729532308513,21.07033159825709,21.07033159825709,20.246919561456608
2,11,111,3,0.9207860827445984,760.715087890625,142.60693359375,2.7527518272399902,-13.376635551452637,24.47894236424586,23.375525519802615,23.332673090916654,22.3334814332701,22.3334814332701,20.94244018539444
2,12,112,3,0.9207860827445984,749.3296508789062,142.04769897460938,2.7944912910461426,-13.120840072631836,27.963316762125814,24.176467965532847,24.108665687340007,23.191922423127416,23.191922423127416,21.504810744827683
2,13,113,3,0.9207860827445984,739.9652099609375,141.7238311767578,2.825270175933838,-12.906950950622559,23.314657328012103,23.753378727100234,23.67818319833243,23.411845341548105,23.411845341548105,21.886217664171767
2,14,114,3,0.9207860827445984,729.7763061523438,141.13751220703125,2.8664321899414062,-12.670555114746094,25.889002419375515,24.795966286521097,24.7305308903133,23.762156479842183,23.762156479842183,22.198874133450172
2,15,115,3,0.9207860827445984,719.739501953125,141.36932373046875,2.882728338241577,-12.433852195739746,25.598828668718212,25.4489495084955,25.381828902603743,24.24637635390123,24.24637635390123,22.491374450657467
2,16,116,3,0.9207860827445984,709.403076171875,140.90167236328125,2.921724557876587,-12.186002731323242,27.069969134373622,25.967154862521056,25.94941498397233,24.769724732512366,24.769724732512366,23.255119766065498
2,17,117,3,0.9207860827445984,699.9647216796875,139.94937133789062,2.974353075027466,-11.95598316192627,25.45859710081712,25.466210930259315,25.433646286879625,25.034720852420286,25.034720852420286,23.821461088088814
2,18,118,3,0.9207860827445984,690.906982421875,140.46298217773438,2.980630874633789,-11.731834411621094,24.193363470750135,25.64195215880692,25.577810975340576,25.414646407821913,25.414646407821913,24.261627513024788
2,19,119,3,0.9207860827445984,679.4896240234375,140.60906982421875,3.004638433456421,-11.444419860839844,31.11775211997323,26.68770209892646,26.625610755516455,25.793662380862543,25.793662380862543,24.633304649844092
2,20,120,3,0.9207860827445984,669.55029296875,140.52609252929688,3.032663345336914,-11.189675331115723,27.650744288594094,27.09808522290164,27.041616068257916,26.12561981399338,26.12561981399338,25.020986717336275
2,21,121,3,0.9207860827445984,660.2201538085938,140.3764190673828,3.0617270469665527,-10.946599960327148,26.412714849580656,26.966634365943047,26.91444174035803,26.31862516527052,26.31862516527052,25.38619652954032
2,22,122,3,0.9207860827445984,650.6408081054688,141.3338623046875,3.055804491043091,-10.69295883178711,27.373335816405273,27.34958210906068,27.310686273412866,26.69403316257717,26.69403316257717,25.735861787922598
2,23,123,3,0.9207860827445984,639.1212158203125,141.65814208984375,3.0758056640625,-10.382333755493164,33.58339941823161,29.22758929855697,29.19242336795285,27.416955641099623,27.416955641099623,26.114037632006493
2,24,124,3,0.9207860827445984,629.46923828125,141.42767333984375,3.1095643043518066,-10.11722469329834,28.834146695894432,28.77086821374121,28.728137649856247,27.837461019967584,27.837461019967584,26.514429084513246
2,25,125,3,0.9207860827445984,619.3526611328125,141.2781982421875,3.1424806118011475,-9.834482192993164,30.71171337074333,29.38306203017106,29.33878484186712,28.296894774689424,28.296894774689424,26.926178851208608
2,26,126,3,0.9207860827445984,610.2504272460938,142.73486328125,3.1188201904296875,-9.575716018676758,28.035291067727435,29.707577273800418,29.607155368282843,28.835437500274384,28.835437500274384,27.36071815398173
2,27,127,3,0.9207860827445984,598.8467407226562,142.68472290039062,3.152665376663208,-9.245516777038574,35.81254822867257,31.395419756253876,31.30336955829815,29.63397415725144,29.63397415725144,27.861911631590022
2,28,128,3,0.9207860827445984,589.681396484375,142.81234741210938,3.1745941638946533,-8.975156784057617,29.265503783326043,30.53184062927276,30.439392360416687,29.883367955744212,29.883367955744212,28.37116060165769
2,29,129,3,0.9207860827445984,579.3800048828125,141.68856811523438,3.243734359741211,-8.66584587097168,34.195775871391184,31.60416646437211,31.451997271069995,30.428139879986958,30.428139879986958,28.904604418430516
2,30,130,3,0.9207860827445984,569.6021728515625,141.6930694580078,3.2730090618133545,-8.36678409576416,32.42062724434531,31.94594923909251,31.795606413087647,30.919504194231063,30.919504194231063,29.404968497449293
2,31,131,3,0.9207860827445984,558.8339233398438,141.22161865234375,3.3227500915527344,-8.031087875366211,36.6144102889222,33.66177308333147,33.61986952942687,31.72204702645987,31.72204702645987,29.95990935551962
2,32,132,3,0.9207860827445984,549.669677734375,140.84002685546875,3.365178108215332,-7.740011215209961,31.736742723714574,32.846611982339866,32.808489137358,32.02307094227184,32.02307094227184,30.492220236602822
2,33,133,3,0.9207860827445984,540.0404663085938,141.41448974609375,3.3753774166107178,-7.42868185043335,33.60800071434303,33.71511136854326,33.65056793411057,32.66530605701062,32.66530605701062,31.039344316136575
2,34,134,3,0.9207860827445984,529.7069091796875,141.6623992919922,3.399959087371826,-7.0881524085998535,36.83604060353099,34.243164314971224,34.21063246903243,33.21703309660311,33.21703309660311,31.55120987890109
2,35,135,3,0.9207860827445984,519.5775756835938,140.796142578125,3.4653398990631104,-6.747705936431885,37.40270321185772,35.2395795084737,35.18278977492235,33.89446976897004,33.89446976897004,32.12422442364765
2,36,136,3,0.9207860827445984,508.9158935546875,140.96630859375,3.4953465461730957,-6.382040977478027,39.584974189857384,35.83369228866074,35.77820094791683,34.32613605266804,34.32613605266804,32.68108101974494
2,37,137,3,0.9207860827445984,499.36553955078125,141.38397216796875,3.5128118991851807,-6.047919273376465,36.09831361742048,36.70600646740192,36.65138458038543,35.09471514127352,35.09471514127352,33.27753972646529
2,38,138,3,0.9207860827445984,489.03314208984375,141.3242950439453,3.551478147506714,-5.679228782653809,39.996955063674115,37.983797337268136,37.941208895627085,35.95284333357682,35.95284333357682,33.881939198910565
2,39,139,3,0.9207860827445984,479.33416748046875,141.94497680664062,3.562602996826172,-5.326119422912598,38.11661668352552,38.23991255326704,38.183521533703114,36.747421146510966,36.747421146510966,34.55684637094473
2,40,140,3,0.9207860827445984,468.65057373046875,141.98822021484375,3.599900722503662,-4.9290452003479,43.02975693187275,39.36532329727005,39.351100140399154,37.58108321960633,37.58108321960633,35.259100251315544
2,41,141,3,0.9207860827445984,459.72772216796875,143.09320068359375,3.5899322032928467,-4.590693473815918,36.52132021916377,38.752592503131325,38.708298594563395,38.16710274893564,38.16710274893564,35.96625305879162
2,42,142,3,0.9207860827445984,448.73614501953125,143.07894897460938,3.6317386627197266,-4.165220260620117,46.126272652175395,40.758184310082314,40.70664538251056,38.97815490936066,38.97815490936066,36.692493793133146
2,43,143,3,0.9207860827445984,439.4275207519531,141.94577026367188,3.712631940841675,-3.7971723079681396,40.65729295099889,40.89025188754726,40.76041775149899,39.54199668053504,39.54199668053504,37.43761673997128
2,44,144,3,0.9207860827445984,429.755615234375,142.63714599609375,3.723054885864258,-3.407020330429077,42.10933855363538,41.68879626156924,41.55561550037487,40.21641547386939,40.21641547386939,38.16928821605641
2,45,145,3,0.9207860827445984,419.8293762207031,142.5089874267578,3.768106698989868,-2.9981513023376465,44.380728538696104,41.95899058293391,41.823438116601416,40.71088306910985,40.71088306910985,38.84900817827541
2,46,146,3,0.9207860827445984,408.73779296875,141.30316162109375,3.863416910171509,-2.530806064605713,51.46075712217318,44.94687796353579,44.8391589489612,41.937055139989404,41.937055139989404,39.59038446305805
2,47,147,3,0.9207860827445984,399.13323974609375,141.820556640625,3.8827624320983887,-2.116884231567383,44.70764828490448,44.6631530900816,44.53053374390502,42.7018328122683,42.7018328122683,40.321920119152615
2,48,148,3,0.9207860827445984,389.384521484375,141.98324584960938,3.9180898666381836,-1.6876887083053589,46.46341105202933,45.824376710287694,45.73472201169192,43.696693664306885,43.696693664306885,41.111861678491366
2,49,149,3,0.9207860827445984,379.1904296875,141.63507080078125,3.9779443740844727,-1.2287966012954712,49.93021631097936,47.38855226175649,47.32333744441594,44.85023805311509,44.85023805311509,41.95073069902771
2,50,150,3,0.9207860827445984,369.36993408203125,140.88534545898438,4.054770469665527,-0.776637613773346,49.48356018199787,48.40911859041684,48.33421888170423,46.15239420613567,46.15239420613567,42.89507320268494
2,51,151,3,0.9207860827445984,359.2555236816406,141.0743865966797,4.093820095062256,-0.3002415895462036,51.57175716701206,48.43131859938462,48.38815588098425,46.86219359254027,46.86219359254027,43.84447007678079
2,52,152,3,0.9207860827445984,349.96533203125,141.60061645507812,4.114964008331299,0.14722979068756104,48.3324986237746,49.15628866715865,49.11226678442407,47.77854020064408,47.77854020064408,44.85413538128568
2,53,153,3,0.9207860827445984,339.07244873046875,141.1964569091797,4.185915470123291,0.6843975782394409,58.4595412998409,51.555514716720964,51.51110505247926,48.93381680880155,48.93381680880155,45.853672762544555
2,54,154,3,0.9207860827445984,329.536376953125,140.81134033203125,4.250957012176514,1.1661263704299927,52.446333083001285,52.05873807112535,52.01336120392059,49.87182156070248,49.87182156070248,46.877956869463716
2,55,155,3,0.9207860827445984,319.80047607421875,141.21435546875,4.28255033493042,1.6694000959396362,54.40615059493424,53.04325615371262,53.0099918315937,50.80697615068038,50.80697615068038,47.89371151037422
2,56,156,3,0.9207860827445984,310.1810302734375,141.6489715576172,4.312821388244629,2.178417205810547,55.015957915223204,53.73209630335485,53.69390722040411,51.86812641856435,51.86812641856435,48.896266991152686
2,57,157,3,0.9207860827445984,299.20831298828125,142.00831604003906,4.354619979858398,2.773855209350586,64.40115784788942,56.9458281481778,56.91386479121464,53.428446019922454,53.428446019922454,49.93570296455079
2,58,158,3,0.9207860827445984,290.2822570800781,141.3607177734375,4.433976650238037,3.2703044414520264,54.24294152578988,56.10250819336761,56.05594547359379,54.33741410414537,54.33741410414537,51.0035916090658
2,59,159,3,0.9207860827445984,280.4671630859375,141.38995361328125,4.4877705574035645,3.8291757106781006,60.57648106173916,57.72853778911518,57.691161568229134,55.472974177007075,55.472974177007075,52.102796462831954
2,60,160,3,0.9207860827445984,270.15899658203125,141.29473876953125,4.551844596862793,4.431301116943359,65.33136401143108,59.91358047241456,59.88008592512224,56.846992995712775,56.846992995712775,53.23325020381926
2,61,161,3,0.9207860827445984,259.6475830078125,141.2313995361328,4.6172919273376465,5.06195068359375,68.40752602576256,62.591894094522424,62.56799955110808,58.621811461853575,58.621811461853575,54.48324876112656
2,62,162,3,0.9207860827445984,250.46694946289062,141.100341796875,4.679712295532227,5.627058982849121,61.3415424640362,61.97997101775178,61.96598773236041,59.632236050082724,59.632236050082724,55.744000175326896
2,63,163,3,0.9207860827445984,241.18218994140625,141.41995239257812,4.721582889556885,6.212662696838379,63.34331176140448,63.8000450648747,63.79403734540605,61.17985442444518,61.17985442444518,57.074247033309874
2,64,164,3,0.9207860827445984,230.89144897460938,141.20712280273438,4.798229217529297,6.878911018371582,72.35704530607332,66.15615791374152,66.14857977563209,62.87133806592577,62.87133806592577,58.42323161131036
2,65,165,3,0.9207860827445984,220.77711486816406,140.7914276123047,4.886382579803467,7.552072525024414,73.24892347985572,67.73966980742645,67.72713218178306,64.44074731725794,64.44074731725794,59.8665649274693
2,66,166,3,0.9207860827445984,210.9315643310547,141.06491088867188,4.938920974731445,8.225537300109863,72.88230596841512,68.63462579595696,68.61709266990334,65.65056594101699,65.65056594101699,61.32050660804214
2,67,167,3,0.9207860827445984,201.54412841796875,141.60650634765625,4.975411415100098,8.885071754455566,71.26739213278482,70.6197957297067,70.5917352682108,67.37571544818708,67.37571544818708,62.824609815538466
2,68,168,3,0.9207860827445984,190.75393676757812,141.47988891601562,5.059091567993164,9.665051460266113,84.63657438219128,74.87844825386405,74.85224374167093,69.58735672744004,69.58735672744004,64.39111628205082
2,69,169,3,0.9207860827445984,181.6480255126953,140.9196319580078,5.156598091125488,10.342269897460938,73.81999123465646,75.17103743958069,75.13284063958503,71.38420890023063,71.38420890023063,66.06996954635767
2,70,170,3,0.9207860827445984,171.80751037597656,141.6387481689453,5.191256523132324,11.09451961517334,81.24790420303573,76.77083358421667,76.7229840472028,73.18337927331459,73.18337927331459,67.78475881048186
2,71,171,3,0.9207860827445984,162.4868621826172,141.7257080078125,5.258519649505615,11.82738971710205,79.40323464758508,78.07501932005067,78.02765852921492,75.06549244517689,75.06549244517689,69.52678086466061
2,72,172,3,0.9207860827445984,151.4287109375,142.1728057861328,5.321072578430176,12.723748207092285,96.94521601026231,83.21058409554617,83.16772491424591,77.58069037438392,77.58069037438392,71.40391558710716
2,73,173,3,0.9207860827445984,142.79693603515625,141.52073669433594,5.429521560668945,13.444597244262695,78.64917003429615,82.01310322596714,81.94740287788385,78.9997222016265,78.9997222016265,73.31093791005138
2,74,174,3,0.9207860827445984,133.0796356201172,141.86863708496094,5.491307735443115,14.279326438903809,90.30707184965912,85.31051934896769,85.2619251171192,81.02553909713333,81.02553909713333,75.2609127170437
2,75,175,3,0.9207860827445984,123.64574432373047,141.936767578125,5.569245338439941,15.114280700683594,90.47657674128239,87.156253856617,87.12274130288657,83.10549054827008,83.10549054827008,77.19207469144798
2,76,176,3,0.9207860827445984,113.0882797241211,141.4034423828125,5.696372032165527,16.078754425048828,104.95916136971243,92.26743920104248,92.22299802553404,85.94455844753391,85.94455844753391,79.27212462677703
2,77,177,3,0.9207860827445984,103.72933959960938,141.02029418945312,5.807197093963623,16.961572647094727,95.99670758852353,92.07773751669473,92.04523846819684,87.7200611583241,87.7200611583241,81.34879346749268
2,78,178,3,0.9207860827445984,94.26018524169922,141.8262939453125,5.847914695739746,17.88271141052246,99.48065111806223,96.24403373344794,96.19212117228474,90.56900481720427,90.56900481720427,83.56358094921087
2,79,179,3,0.9207860827445984,84.43008422851562,142.00047302246094,5.933834552764893,18.870113372802734,106.93543869536835,99.56970710258977,99.52111029839303,93.42084185345904,93.42084185345904,85.82645973193588
4,0,353,3,0.918220579624176,857.328369140625,215.3729248046875,0.5433882474899292,-15.375544548034668,,,,,,
4,1,354,3,0.918220579624176,849.6510009765625,214.2855224609375,0.5767367482185364,-15.227107048034668,16.414434283406106,16.414434283406106,,,,
4,2,355,3,0.918220579624176,843.605224609375,214.17942810058594,0.582283616065979,-15.109028816223145,12.753758367363151,14.584096325384628,,,,
4,3,356,3,0.918220579624176,837.9942626953125,214.44512939453125,0.5772491693496704,-14.998493194580078,11.938284565280606,13.70215907201662,,,,
4,4,357,3,0.918220579624176,826.90771484375,213.6768798828125,0.603797435760498,-14.77735710144043,24.030162440194232,16.28415991406102,,,,
4,5,358,3,0.918220579624176,813.7061157226562,213.76275634765625,0.6073723435401917,-14.509194374084473,28.935211045401434,18.814370140329103,18.74538377805666,18.74538377805666,,
4,6,359,3,0.918220579624176,802.283203125,214.12615966796875,0.6021836400032043,-14.272802352905273,25.51097654319786,20.633678592287456,20.59970864287385,19.672546210465256,,
4,7,360,3,0.918220579624176,789.027587890625,213.83175659179688,0.6169179081916809,-13.99326229095459,30.20203149282968,24.12333321738076,24.088076611498852,21.144389677476454,,
4,8,361,3,0.918220579624176,776.5877685546875,213.65713500976562,0.6280304789543152,-13.725679397583008,28.89496665615421,27.51466963555548,27.487162228945373,22.730082815343685,,
4,9,362,3,0.918220579624176,765.00341796875,213.75624084472656,0.6308027505874634,-13.471795082092285,27.39374740021331,28.1873866275593,28.17799466235059,23.819665184745066,23.819665184745066,23.819665184745066
4,10,363,3,0.918220579624176,751.9912109375,213.6783447265625,0.6396540999412537,-13.181051254272461,31.38349820802976,28.677044060084967,28.667697754058686,25.80412797994547,25.80412797994547,24.81189658234527
4,11,364,3,0.918220579624176,739.680908203125,213.619140625,0.6477589011192322,-12.900407791137695,30.291838603062583,29.63321647205791,29.63043254810375,27.61027276099145,27.61027276099145,25.744688641893998
4,12,365,3,0.918220579624176,727.3154296875,213.80267333984375,0.648626983165741,-12.612874984741211,31.02266204940689,29.797342583373354,29.794435186700508,28.75154447603178,28.75154447603178,26.496402600428443
4,13,366,3,0.918220579624176,715.6444702148438,213.7645263671875,0.6559919118881226,-12.336161613464355,29.86576126052902,29.991501504248312,29.989671278428606,29.25204628592843,29.25204628592843,27.047531337528437
4,14,367,3,0.918220579624176,703.285400390625,213.15725708007812,0.6816359162330627,-12.03731918334961,32.361234937395366,30.984999011684728,30.97315463390979,29.81107828024027,29.81107828024027,27.50812249464708
4,15,368,3,0.918220579624176,691.4932250976562,214.267822265625,0.6533394455909729,-11.746443748474121,31.531311772562763,31.014561724591328,30.95797520655614,30.269133770739757,30.269133770739757,27.902552676946033
4,16,369,3,0.918220579624176,679.6783447265625,214.2760772705078,0.6595760583877563,-11.44921588897705,32.075598166062754,31.371313637191356,31.315469884729527,30.606141238064914,30.606141238064914,28.872049255991723
4,17,370,3,0.918220579624176,666.9022216796875,213.76101684570312,0.6833194494247437,-11.121078491210938,35.49599504613734,32.26598023653745,32.199315900926464,31.087117380910104,31.087117380910104,29.6267620275581
4,18,371,3,0.918220579624176,655.464599609375,214.30404663085938,0.672394335269928,-10.821205139160156,32.37543430004443,32.76791484444053,32.69228330263486,31.627639785751352,31.627639785751352,30.2006716025238
4,19,372,3,0.918220579624176,643.2628173828125,214.28836059570312,0.6800357699394226,-10.49472713470459,35.23404638726751,33.34247713441496,33.28671955562138,32.09035277009367,32.09035277009367,30.677644215961216
4,20,373,3,0.918220579624176,630.1461181640625,213.83029174804688,0.703086256980896,-10.13596248626709,38.78768447872166,34.79375167564674,34.76821983253563,32.85240169528957,32.85240169528957,31.19198070301281
4,21,374,3,0.918220579624176,618.692626953125,214.25314331054688,0.6960471272468567,-9.815858840942383,34.545007523718645,35.28763354717792,35.25405154004321,33.64011802635231,33.64011802635231,31.738986381028813
4,22,375,3,0.918220579624176,606.7408447265625,214.01849365234375,0.7114666104316711,-9.474814414978027,36.83359044176953,35.555152626304356,35.52897383759429,34.30604961368588,34.30604961368588,32.31568864430683
4,23,376,3,0.918220579624176,593.2386474609375,213.86083984375,0.725601315498352,-9.080623626708984,42.55740947418518,37.59154766113251,37.57654508272489,35.28290196970388,35.28290196970388,32.98379732025525
4,24,377,3,0.918220579624176,581.322509765625,214.09698486328125,0.7253443598747253,-8.724618911743164,38.41010876349755,38.2267601363785,38.208650804304334,36.26728821944047,36.26728821944047,33.72382172575959
4,25,378,3,0.918220579624176,569.6685791015625,213.85504150390625,0.7416746020317078,-8.368833541870117,38.426848320098784,38.15459290465394,38.14094402454236,36.94183305784182,36.94183305784182,34.48299219320109
4,26,379,3,0.918220579624176,556.7890014648438,213.92337036132812,0.7482201457023621,-7.966570854187012,43.40671528350342,39.926934456610894,39.92059490421078,37.87514173067534,37.87514173067534,35.30939061614133
4,27,380,3,0.918220579624176,545.1800537109375,214.86050415039062,0.7228326201438904,-7.595561981201172,40.12253710797259,40.58472378985151,40.552042104623894,38.87975538408126,38.87975538408126,36.17044114311157
4,28,381,3,0.918220579624176,532.935791015625,214.27047729492188,0.7527610659599304,-7.195282459259033,43.30754804087209,40.73475150318889,40.686907753958685,39.501827918328004,39.501827918328004,37.00782827053666
4,29,382,3,0.918220579624176,519.849609375,214.52886962890625,0.7528423070907593,-6.756936550140381,47.294064120693754,42.51154257462813,42.463626156558284,40.352822988778804,40.352822988778804,37.87165303840708
4,30,383,3,0.918220579624176,508.22235107421875,214.94210815429688,0.7460850477218628,-6.3579888343811035,43.04948362794432,43.43606963619723,43.39096286556461,41.40282675698325,41.40282675698325,38.745928008018424
4,31,384,3,0.918220579624176,497.02313232421875,214.59295654296875,0.7675307989120483,-5.964999675750732,42.463515545581124,43.24742968861277,43.1927582838914,42.05725943291937,42.05725943291937,39.573066752801125
4,32,385,3,0.918220579624176,483.59912109375,214.048583984375,0.7986730337142944,-5.48224401473999,52.19378957262525,45.6616801815433,45.631421648419945,43.07313534167859,43.07313534167859,40.448967079063515
4,33,386,3,0.918220579624176,471.74951171875,214.33880615234375,0.7971354722976685,-5.045114517211914,47.16311551474191,46.432793676317274,46.40710813539488,44.21717541796583,44.21717541796583,41.35497189153359
4,34,387,3,0.918220579624176,460.34356689453125,214.854248046875,0.7864041328430176,-4.614246368408203,46.501690810257855,46.274319014230095,46.24154150902808,44.97275848845978,44.97275848845978,42.225400906444804
4,35,388,3,0.918220579624176,446.94927978515625,214.4766387939453,0.812381386756897,-4.095127105712891,56.078955129190874,48.880213314479406,48.84993355948251,46.064552627243366,46.064552627243366,43.16293300771842
4,36,389,3,0.918220579624176,435.0701904296875,214.2550811767578,0.8314947485923767,-3.622393846511841,51.045859848464524,50.596682175056074,50.56857605437775,47.53971618134064,47.53971618134064,44.189632035227255
4,37,390,3,0.918220579624176,423.17230224609375,214.18807983398438,0.8448388576507568,-3.13682222366333,52.40912728019051,50.639749716569135,50.620305978811224,48.53749304741889,48.53749304741889,45.208870076718064
4,38,391,3,0.918220579624176,410.0895080566406,214.4455108642578,0.8462787866592407,-2.588365077972412,59.17440332494653,53.04200727861006,53.023378332178076,49.86074708677553,49.86074708677553,46.323654027268944
4,39,392,3,0.918220579624176,397.95697021484375,214.82943725585938,0.8415932059288025,-2.0655879974365234,56.405784843208544,55.0228260852002,55.008917397909705,51.614222264551856,51.614222264551856,47.54380930196512
4,40,393,3,0.918220579624176,386.3338623046875,214.66372680664062,0.8595348000526428,-1.5514585971832275,55.50427322502021,54.90788970436606,54.89778166169768,52.82379188499489,52.82379188499489,48.77332594011214
4,41,394,3,0.918220579624176,373.635009765625,214.98336791992188,0.8582107424736023,-0.9742493033409119,62.27648817933165,57.15401537053949,57.14568482055054,54.13921363822944,54.13921363822944,50.08281953293637
4,42,395,3,0.918220579624176,361.5912170410156,215.38381958007812,0.8526898622512817,-0.41123852133750916,60.747342867093835,58.821658487920146,58.81403790606366,55.77796002367993,55.77796002367993,51.47044916099874
4,43,396,3,0.918220579624176,350.33251953125,215.23886108398438,0.8702583312988281,0.12935997545719147,58.35710395942557,58.65819861481596,58.64650086089447,56.90258452942321,56.90258452942321,52.80800178215339
4,44,397,3,0.918220579624176,337.28607177734375,214.90072631835938,0.8988111019134521,0.7738116979598999,69.5994686294388,61.29693537206201,61.28220610566191,58.157242270973654,58.157242270973654,54.18225167123264
4,45,398,3,0.918220579624176,325.20208740234375,215.39968872070312,0.8892101049423218,1.388724446296692,66.35231619233733,63.466543965525446,63.447742671756956,59.867234472985515,59.867234472985515,55.611749869262646
4,46,399,3,0.918220579624176,313.70574951171875,215.709716796875,0.887389063835144,1.990521788597107,64.92947960471535,63.99714225060218,63.97817632654211,61.23373277418382,61.23373277418382,56.98596565635292
4,47,400,3,0.918220579624176,300.46954345703125,215.59292602539062,0.9073778390884399,2.704591989517212,77.07271923671117,67.26221752452565,67.24505867515055,62.9199369280012,62.9199369280012,58.42827209106811
4,48,401,3,0.918220579624176,288.3361511230469,215.78768920898438,0.9119582772254944,3.3800206184387207,72.87509053141682,70.1658148389239,70.14989328908396,65.2206154136391,65.2206154136391,60.01132948755521
4,49,402,3,0.918220579624176,276.96820068359375,216.01852416992188,0.9140494465827942,4.03178596496582,70.32069721660176,70.31006055635649,70.30270621254967,67.02471543501665,67.02471543501665,61.61800883203188
4,50,403,3,0.918220579624176,264.198486328125,215.75257873535156,0.942183256149292,4.78680419921875,81.51703614455003,73.34300454679904,73.33410550783445,69.00198800223215,69.00198800223215,63.346495042433155
4,51,404,3,0.918220579624176,252.04171752929688,215.76129150390625,0.9568200707435608,5.529155254364014,80.10938927367494,76.37898648059094,76.37282056170149,71.48091684926402,71.48091684926402,65.24987712504607
4,52,405,3,0.918220579624176,240.10464477539062,216.28536987304688,0.9456070065498352,6.281566619873047,81.18826430756133,77.20209549476098,77.18987040943676,73.46987919612127,73.46987919612127,67.19311208549404
4,53,406,3,0.918220579624176,227.80459594726562,215.54351806640625,0.9995248913764954,7.082395076751709,86.5986780686812,79.94681300221384,79.91374032004373,75.42264860231322,75.42264860231322,69.22010006094108
4,54,407,3,0.918220579624176,215.80064392089844,215.8265380859375,1.0013210773468018,7.890188217163086,87.15472330937494,83.31361822076849,83.27952431632089,78.01801222306746,78.01801222306746,71.37696796023626
4,55,408,3,0.918220579624176,204.01258850097656,216.27691650390625,0.9939888119697571,8.709959983825684,88.45044087458561,84.70029916677561,84.6628920777099,80.28376953704256,80.28376953704256,73.52884712072247
4,56,409,3,0.918220579624176,191.6944580078125,215.17593383789062,1.0709669589996338,9.596107482910156,95.96837960280381,87.87209723260136,87.7929717987091,82.56779978444408,82.56779978444408,75.74928774206924
4,57,410,3,0.918220579624176,179.41880798339844,215.7862548828125,1.0565314292907715,10.510793685913086,98.69971189584645,91.3743867502584,91.29142723121605,85.38811114879994,85.38811114879994,78.09016247729322
4,58,411,3,0.918220579624176,167.7373504638672,216.35752868652344,1.0428391695022583,11.412063598632812,97.25113253255229,93.50487764303261,93.43208404449555,88.0917798936903,88.0917798936903,80.46314291221127
4,59,412,3,0.918220579624176,155.39097595214844,215.62759399414062,1.1038391590118408,12.399137496948242,106.7006540346098,97.41406378807959,97.32115571196383,90.9001061728189,90.9001061728189,82.95317533745379
4,60,413,3,0.918220579624176,143.4066619873047,216.23995971679688,1.088612675666809,13.393051147460938,107.24802403064159,101.17358041929079,101.07434565251643,94.18239688778019,94.18239688778019,85.63313937823477
4,61,414,3,0.918220579624176,131.55511474609375,216.6628875732422,1.0837891101837158,14.412586212158203,110.00102192729146,103.98010888418833,103.93237896137067,97.4102783203125,97.4102783203125,88.40346310641264
4,62,415,3,0.918220579624176,119.17002868652344,215.94686889648438,1.1483463048934937,15.519192695617676,119.59710297408279,108.15958709983559,108.09150604339509,100.77029408274831,100.77029408274831,91.33010947008486
4,63,416,3,0.918220579624176,106.92434692382812,216.72802734375,1.123196005821228,16.657169342041016,122.80867983411243,113.27109656014761,113.19438656131466,104.72275458611213,104.72275458611213,94.49510301318034
4,64,417,3,0.918220579624176,94.93798065185547,216.98471069335938,1.1294327974319458,17.815814971923828,125.01053281359142,116.93307231594392,116.88465686230273,108.63545481617993,108.63545481617993,97.81615210852033
4,65,418,3,0.918220579624176,82.85026550292969,216.18453979492188,1.2037303447723389,19.0318660736084,131.4469727126511,121.77286205234584,121.70207874400991,112.76100143447862,112.76100143447862,101.34032661434723
5,0,376,3,0.9069209694862366,42.21953582763672,294.32025146484375,-4.075292587280273,23.51104736328125,,,,,,
5,1,377,3,0.9069209694862366,47.82429122924805,293.4569091796875,-3.97548508644104,22.854236602783203,71.67820258812233,71.67820258812233,,,,
5,2,378,3,0.9069209694862366,53.09906768798828,293.28076171875,-3.92624568939209,22.248079299926758,65.61500399739116,68.64660329275674,,,,
5,3,379,3,0.9069209694862366,59.007667541503906,293.194091796875,-3.8795535564422607,21.58247947692871,71.98945030227645,69.76088562926331,,,,
5,4,380,3,0.9069209694862366,64.63682556152344,293.222900390625,-3.843318462371826,20.96113395690918,67.15217503634365,69.10870798103339,,,,
5,5,381,3,0.9069209694862366,72.97837829589844,293.27618408203125,-3.7916035652160645,20.062538146972656,97.11182057917057,74.70933050066083,74.66475556304049,74.66475556304049,,
5,6,382,3,0.9069209694862366,85.50984191894531,293.218017578125,-3.7078425884246826,18.760055541992188,140.81788325047754,88.53726663313186,88.53452836836016,81.59964196570033,,
5,7,383,3,0.9069209694862366,96.81602478027344,293.6142578125,-3.6632940769195557,17.631242752075195,121.88479521653274,99.79122487696019,99.78549625728276,87.66159339622781,,
5,8,384,3,0.9069209694862366,107.35042572021484,293.72808837890625,-3.6075732707977295,16.61681365966797,109.6138706454983,107.31610894560454,107.31183756124247,92.57415443748147,,
5,9,385,3,0.9069209694862366,119.37762451171875,293.4650573730469,-3.522566080093384,15.500284194946289,120.81336070012141,118.04834607836013,118.03961038351297,97.66724562668777,97.66724562668777,97.66724562668777
5,10,386,3,0.9069209694862366,131.910888671875,293.4732360839844,-3.45405650138855,14.381431579589844,120.94145078401823,122.81427211932964,122.80550298395454,107.2953951108706,107.2953951108706,102.4813203687792
5,11,387,3,0.9069209694862366,141.36032104492188,293.3231201171875,-3.395054817199707,13.566431045532227,88.16224783212392,112.28314503565892,112.27328007990545,112.04314545317963,112.04314545317963,105.66859539691268
5,12,388,3,0.9069209694862366,152.48617553710938,293.54364013671875,-3.3504858016967773,12.636734008789062,100.42216918327948,107.99061982900825,107.98478445687614,113.68300309309832,113.68300309309832,107.67219732095909
5,13,389,3,0.9069209694862366,164.19845581054688,293.4755859375,-3.288280487060547,11.691286087036133,102.22691589302116,106.51322887851283,106.50819479287802,113.52227453942541,113.52227453942541,108.84221276465234
5,14,390,3,0.9069209694862366,175.08096313476562,293.8758544921875,-3.258043050765991,10.841876983642578,91.70258366740072,100.6910734719687,100.68300916002943,110.05095429472871,110.05095429472871,109.04366968633174
5,15,391,3,0.9069209694862366,185.46469116210938,293.22479248046875,-3.173769474029541,10.056254386901855,85.24875469379253,93.55253425392357,93.52626286067448,104.19510627007271,104.19510627007271,108.35101776972331
5,16,392,3,0.9069209694862366,197.30279541015625,293.646484375,-3.143099784851074,9.188814163208008,93.64843654346751,94.64977199619227,94.61839963625242,100.6641301813421,100.6641301813421,108.77914413467394
5,17,393,3,0.9069209694862366,208.99005126953125,293.29150390625,-3.073151111602783,8.360526084899902,89.68384973295441,92.50210810612725,92.46766950700668,97.56070719136821,97.56070719136821,107.38847443188789
5,18,394,3,0.9069209694862366,218.3853759765625,293.6419372558594,-3.051637887954712,7.713995933532715,69.79410536401159,86.01554600032534,85.97542251144851,93.45415273508232,93.45415273508232,104.73290404358825
5,19,395,3,0.9069209694862366,229.42413330078125,294.0837707519531,-3.0286049842834473,6.975423336029053,79.7248939415077,83.62000805514677,83.57873472657712,90.03329784839185,90.03329784839185,101.35437472291589
5,20,396,3,0.9069209694862366,242.08453369140625,294.40350341796875,-2.9935991764068604,6.155114650726318,88.5853862667179,84.28733436973182,84.27016651713765,88.18207857968449,88.18207857968449,97.73434672866719
5,21,397,3,0.9069209694862366,251.97476196289062,294.4287414550781,-2.9558959007263184,5.533309459686279,67.21108824342161,78.99986470972264,78.98338881882279,85.05507641619855,85.05507641619855,94.1635070317343
5,22,398,3,0.9069209694862366,262.33221435546875,294.4339294433594,-2.916407346725464,4.899245262145996,68.54306305800523,74.77170737473281,74.76551959088276,81.51464643297378,81.51464643297378,90.92344134072017
5,23,399,3,0.9069209694862366,275.9800720214844,294.55767822265625,-2.8716037273406982,4.08933162689209,87.51689065824617,78.31626443357972,78.31095639285031,79.98175320925412,79.98175320925412,87.96881605899333
5,24,400,3,0.9069209694862366,285.7926940917969,294.427978515625,-2.8299295902252197,3.5242249965667725,61.136114728319775,74.59850859094215,74.59471051866834,78.18494836767236,78.18494836767236,85.20085051275107
5,25,401,3,0.9069209694862366,295.624755859375,293.9635925292969,-2.773463249206543,2.9718403816223145,59.90851937712251,68.86313521302307,68.85408311933428,75.1017316881117,75.1017316881117,82.57907607746957
5,26,402,3,0.9069209694862366,308.4049072265625,293.6617431640625,-2.716071128845215,2.2737133502960205,75.57649355191927,70.53621627472259,70.52706128710157,73.41046618176745,73.41046618176745,80.20438583938035
5,27,403,3,0.9069209694862366,319.9599609375,293.4910888671875,-2.6703743934631348,1.6610605716705322,66.28402034481326,70.0844077320842,70.07630869344278,72.47262400227946,72.47262400227946,77.96017804260819
5,28,404,3,0.9069209694862366,328.9420166015625,294.4312744140625,-2.6841788291931152,1.1965148448944092,50.14293986957866,62.60961757435069,62.553296008191026,69.32109192534759,69.32109192534759,75.71246597248664
5,29,405,3,0.9069209694862366,342.07940673828125,295.1879577636719,-2.6763436794281006,0.5347379446029663,71.40550794420423,64.66349621752758,64.59348718603174,67.32084725882028,67.32084725882028,73.684780376179
5,30,406,3,0.9069209694862366,355.11346435546875,296.7100524902344,-2.702587842941284,-0.10192513465881348,68.74925606734269,66.43164355557163,66.3446390188181,66.81895843871703,66.81895843871703,71.80438112324512
5,31,407,3,0.9069209694862366,364.3123779296875,296.2592468261719,-2.654552936553955,-0.5398040413856506,47.52708993829808,60.82176283284739,60.72577629889642,64.85870144107601,64.85870144107601,69.90063156230278
5,32,408,3,0.9069209694862366,374.91448974609375,295.9305114746094,-2.60860276222229,-1.033158540725708,53.4594331707035,58.256845398025426,58.15227558086444,62.473894818560346,62.473894818560346,68.0966548666526
5,33,409,3,0.9069209694862366,386.35296630859375,295.65814208984375,-2.563727855682373,-1.5523146390914917,56.221707598431834,59.47259894379606,59.37231465891286,61.8376985487047,61.8376985487047,66.44340234764361
5,34,410,3,0.9069209694862366,398.50103759765625,295.98876953125,-2.5431580543518066,-2.0893309116363525,57.982306380371945,56.78795863102961,56.6961515199888,60.25823141549613,60.25823141549613,64.6984891209603
5,35,411,3,0.9069209694862366,408.11163330078125,296.8553771972656,-2.5522360801696777,-2.5040853023529053,44.75944251804561,51.98999592117019,51.93625763579682,57.37655513889187,57.37655513889187,62.99212672289519
5,36,412,3,0.9069209694862366,420.81353759765625,297.0528869628906,-2.5253713130950928,-3.0390799045562744,57.79442849097313,54.04346363170521,54.00242438683143,56.031884756478874,56.031884756478874,61.37941779398928
5,37,413,3,0.9069209694862366,432.66778564453125,298.05963134765625,-2.5340018272399902,-3.5253376960754395,52.47164177489685,53.84590535254388,53.80137993262841,55.16170562683167,55.16170562683167,59.71409596371995
5,38,414,3,0.9069209694862366,444.3480224609375,297.59686279296875,-2.484555244445801,-3.992617607116699,50.697293791261224,52.741022591109754,52.68559298672519,53.82436129239413,53.82436129239413,58.13776165676539
5,39,415,3,0.9069209694862366,453.1651611328125,297.18133544921875,-2.4454219341278076,-4.337833881378174,37.484658228886595,48.64149296081268,48.56495852475162,52.19812269334669,52.19812269334669,56.6697942103063
5,40,416,3,0.9069209694862366,464.3885498046875,297.4219970703125,-2.4265520572662354,-4.768205165863037,46.47827600980257,48.98525965916407,48.93135352806374,51.59714187180007,51.59714187180007,55.20685754217707
5,41,417,3,0.9069209694862366,474.74066162109375,296.2588195800781,-2.356250524520874,-5.15645170211792,42.569920733258435,45.94035810762113,45.83505388501879,49.96366777143755,49.96366777143755,53.736205593025836
5,42,418,3,0.9069209694862366,483.7083740234375,295.0864562988281,-2.2902579307556152,-5.486225605010986,36.285423017762874,42.70311435619434,42.63850468379277,47.73109272167042,47.73109272167042,52.35828239056564
5,43,419,3,0.9069209694862366,497.5427551269531,295.45941162109375,-2.272768259048462,-5.98342752456665,53.67734001113937,43.29912360016997,43.200938351504455,45.83416179462627,45.83416179462627,50.90146482458669
5,44,420,3,0.9069209694862366,510.61846923828125,295.37884521484375,-2.2406036853790283,-6.440948009490967,49.48468558438174,45.69912907126899,45.59658690766021,45.240487471208,45.240487471208,49.48414794521187
5,45,421,3,0.9069209694862366,520.208740234375,295.9735107421875,-2.2415668964385986,-6.769115447998047,35.406831022980924,43.484840073904664,43.360609155553924,44.12633859670603,44.12633859670603,48.09871613154214
5,46,422,3,0.9069209694862366,531.4853515625,296.41961669921875,-2.2334718704223633,-7.147241115570068,40.80612580854814,43.13208108896261,43.03971384907817,43.5672705895179,43.5672705895179,46.86573725956661
5,47,423,3,0.9069209694862366,544.7061767578125,297.228515625,-2.2344675064086914,-7.5802435874938965,46.717671604899614,45.21853080638995,45.201638838151595,44.07989742038967,44.07989742038967,45.791845195079404
5,48,424,3,0.9069209694862366,553.8226318359375,296.80584716796875,-2.2002365589141846,-7.872540473937988,31.752048196135224,40.83347244338913,40.79411036961086,43.59853182401095,43.59853182401095,44.882540059732754
5,49,425,3,0.9069209694862366,563.0540161132812,297.46966552734375,-2.204700469970703,-8.1634521484375,31.39076830742957,37.21468898799869,37.17699508209686,41.91461345889827,41.91461345889827,44.05161445076529
5,50,426,3,0.9069209694862366,577.2324829101562,298.61224365234375,-2.215693712234497,-8.600624084472656,47.18231166397537,39.56978511619758,39.525008892322276,41.147493406251954,41.147493406251954,43.38209039528325
5,51,427,3,0.9069209694862366,588.943359375,296.78204345703125,-2.128971576690674,-8.953189849853516,39.1729097147207,39.243141897432096,39.034709015807195,40.34649243959776,40.34649243959776,42.68294824791036
5,52,428,3,0.9069209694862366,598.6448974609375,294.38726806640625,-2.028508424758911,-9.239611625671387,32.74846017420232,36.44929961129263,36.08129817646343,38.522424307260124,38.522424307260124,41.882389063703805
5,53,429,3,0.9069209694862366,610.100830078125,295.13348388671875,-2.032952308654785,-9.571428298950195,35.803612533744634,37.25961247881452,36.83660652015831,37.73092353736961,37.73092353736961,41.04862519911119
5,54,430,3,0.9069209694862366,621.2820434570312,295.9485778808594,-2.040107011795044,-9.888795852661133,34.25015531457983,37.83148988024457,37.39922025225141,37.77536857140053,37.77536857140053,40.14797822068417
5,55,431,3,0.9069209694862366,629.7335815429688,295.5421142578125,-2.0114479064941406,-10.124545097351074,25.622740253940087,33.51957559823752,33.17784234122201,36.50593526118047,36.50593526118047,39.13475014027982
5,56,432,3,0.9069209694862366,640.4635620117188,294.917236328125,-1.9720882177352905,-10.418850898742676,32.035980786715115,32.0921898126364,31.807315742576513,35.06045660653434,35.06045660653434,38.1555848756564
5,57,433,3,0.9069209694862366,654.8018798828125,294.89788818359375,-1.9471416473388672,-10.803648948669434,41.60383031084821,33.863263839965576,33.795097896030974,34.60321655044784,34.60321655044784,37.2206881819701
5,58,434,3,0.9069209694862366,665.432373046875,294.154541015625,-1.905556321144104,-11.082868576049805,30.45787403990815,32.79411614119828,32.730143125002435,33.781923871416666,33.781923871416666,36.282892672229934
5,59,435,3,0.9069209694862366,675.8807983398438,294.0126953125,-1.8842097520828247,-11.352420806884766,29.173609855529907,31.7788070493883,31.761368457134907,32.65435351239337,32.65435351239337,35.444596844391825
5,60,436,3,0.9069209694862366,689.7611083984375,294.2854919433594,-1.870983600616455,-11.703235626220703,37.87704102404705,34.22966720340969,34.2002273201347,32.858830508175906,32.858830508175906,34.748583554507015
5,61,437,3,0.9069209694862366,699.7105712890625,293.9189758300781,-1.844098448753357,-11.949739456176758,26.753533315229845,33.173177709112636,33.14940760304759,33.12724888027012,33.12724888027012,34.084566455774095
5,62,438,3,0.9069209694862366,710.2674560546875,294.14581298828125,-1.8351566791534424,-12.206890106201172,27.761294172479435,30.404670481438878,30.37599683641554,32.44342866834704,32.44342866834704,33.504208371083614
5,63,439,3,0.9069209694862366,720.208740234375,294.2781066894531,-1.8243741989135742,-12.4450044631958,25.716986272718522,29.456492928000955,29.44489678183755,31.786379399714054,31.786379399714054,33.036483055823574
5,64,440,3,0.9069209694862366,732.8995361328125,294.09429931640625,-1.800117015838623,-12.743431091308594,32.304067711730106,30.082584499240994,30.070605073179998,31.448226722923074,31.448226722923074,32.58577022332003
5,65,441,3,0.9069209694862366,742.309814453125,294.2709045410156,-1.7919079065322876,-12.960803985595703,23.469538419515814,27.201083978334747,27.189935099233043,30.046168278742744,30.046168278742744,32.05209085293804
5,66,442,3,0.9069209694862366,753.552734375,294.16351318359375,-1.7727206945419312,-13.21625804901123,27.639114058815633,27.3782001270519,27.37283935318222,28.89085462876967,28.89085462876967,31.514448155277513
5,67,443,3,0.9069209694862366,765.9572143554688,294.28509521484375,-1.7590672969818115,-13.492873191833496,29.880922038357458,27.80212570022751,27.79801765998284,28.37525879348313,28.37525879348313,30.87393791032141
5,68,444,3,0.9069209694862366,776.8834228515625,293.93487548828125,-1.7338056564331055,-13.732099533081055,25.954139101636276,27.849556266011056,27.842154012217033,28.05471023955903,28.05471023955903,30.149289533076963
5,69,445,3,0.9069209694862366,789.7293701171875,293.97491455078125,-1.7178093194961548,-14.00820541381836,29.839600478257097,27.356662819316455,27.349562173361306,27.510501659595285,27.510501659595285,29.444585674683857
5,70,446,3,0.9069209694862366,800.927734375,294.6116943359375,-1.7215021848678589,-14.244477272033691,25.494982967605363,27.761751728934364,27.741274228700988,27.620769485488882,27.620769485488882,28.849498544080262
5,71,447,3,0.9069209694862366,811.1778564453125,294.02716064453125,-1.6913765668869019,-14.457225799560547,23.18286949342543,26.870502815856327,26.83559154773449,27.513319924399333,27.513319924399333,28.28736900143401
6,0,376,3,0.8733003735542297,39.319061279296875,374.22747802734375,-9.615595817565918,23.856229782104492,,,,,,
6,1,377,3,0.8733003735542297,44.997100830078125,374.172119140625,-9.513080596923828,23.18388557434082,73.37901356456044,73.37901356456044,,,,
6,2,378,3,0.8733003735542297,49.795745849609375,374.35430908203125,-9.443587303161621,22.6263427734375,60.61994088636888,66.99947722546466,,,,
6,3,379,3,0.8733003735542297,54.365684509277344,374.5694580078125,-9.381307601928711,22.104217529296875,56.73253095590628,63.57716180227853,,,,
6,4,380,3,0.8733003735542297,60.31581497192383,373.9111633300781,-9.239302635192871,21.436988830566406,73.60104580859205,66.08313280385691,,,,
6,5,381,3,0.8733003735542297,71.24244689941406,373.27459716796875,-9.02347469329834,20.247407913208008,130.44171185641142,78.95484861436782,78.91391998047119,78.91391998047119,,
6,6,382,3,0.8733003735542297,81.27748107910156,373.2613525390625,-8.868961334228516,19.19375991821289,114.89614930662599,87.25827576278093,87.21525323736323,83.06458660891721,,
6,7,383,3,0.8733003735542297,91.79950714111328,373.5503234863281,-8.731588363647461,18.126842498779297,116.06223337895625,98.3467342612984,98.30018118783073,88.14311813522171,,
6,8,384,3,0.8733003735542297,102.15652465820312,373.7308349609375,-8.594557762145996,17.112592697143555,110.423761647898,109.08498039969675,109.04107298646178,93.36760684803173,,
6,9,385,3,0.8733003735542297,112.53404235839844,373.50994873046875,-8.437371253967285,16.130292892456055,107.33071216693766,115.83091367136588,115.81023842185647,97.85613316279668,97.85613316279668,97.85613316279668
6,10,386,3,0.8733003735542297,122.52764892578125,373.846435546875,-8.323814392089844,15.21489429473877,99.52131994477995,109.64683528903956,109.6381664752484,104.00098246175212,104.00098246175212,100.92855781227439
6,11,387,3,0.8733003735542297,133.70953369140625,373.79931640625,-8.175994873046875,14.224451065063477,108.0445838379455,108.27652219530349,108.26742379934518,108.2114165741485,108.2114165741485,103.35617739956577
6,12,388,3,0.8733003735542297,143.46990966796875,373.5063781738281,-8.036504745483398,13.387709617614746,91.52365755010675,103.36880702953356,103.35708869682564,109.22279807594751,109.22279807594751,104.8228325686612
6,13,389,3,0.8733003735542297,153.3779296875,373.6601867675781,-7.924901485443115,12.563570976257324,89.72964396367182,99.22998349268833,99.21860213760849,107.25830390617685,107.25830390617685,105.30992683616432
6,14,390,3,0.8733003735542297,163.36099243164062,374.2415771484375,-7.839793682098389,11.757793426513672,87.42062695376522,95.24796645005385,95.2287047059386,103.14199716299326,103.14199716299326,104.94860522396914
6,15,391,3,0.8733003735542297,173.89353942871094,374.24786376953125,-7.719048500061035,10.93324089050293,89.91150255803461,93.32600297270479,93.30839524855027,99.87604291765363,99.87604291765363,104.22395346592407
6,16,392,3,0.8733003735542297,184.18185424804688,373.9168701171875,-7.586239814758301,10.152036666870117,85.49509562931576,88.81610533097884,88.79295676857322,95.98114951149924,95.98114951149924,103.95609865859585
6,17,393,3,0.8733003735542297,194.33554077148438,373.7625732421875,-7.468261241912842,9.403493881225586,81.75881759270086,86.86313733949767,86.84309617384568,92.67835100690324,92.67835100690324,102.33857987933173
6,18,394,3,0.8733003735542297,204.421630859375,374.086669921875,-7.379725456237793,8.681059837341309,78.52808316866238,84.62282518049577,84.60037372448109,89.75470532427775,89.75470532427775,99.70190684363592
6,19,395,3,0.8733003735542297,214.92799377441406,374.0180969238281,-7.268889904022217,7.949958324432373,79.7813762794365,83.09497504563004,83.08544063663388,87.32605251041682,87.32605251041682,96.57380033427441
6,20,396,3,0.8733003735542297,225.3456573486328,373.86553955078125,-7.157766819000244,7.245712757110596,76.92261628218583,80.49719779046026,80.48751289908822,84.76187604052441,84.76187604052441,93.36002492489548
6,21,397,3,0.8733003735542297,234.9662628173828,374.1491394042969,-7.07951021194458,6.612890243530273,68.79663229226827,77.15750512305077,77.14800801310506,82.43288628943078,82.43288628943078,90.40158051438655
6,22,398,3,0.8733003735542297,245.74537658691406,374.17083740234375,-6.979356288909912,5.923052787780762,75.20834549323662,75.84741070315792,75.83977854573405,80.23222276380845,80.23222276380845,87.59532049240866
6,23,399,3,0.8733003735542297,255.99050903320312,373.6131286621094,-6.858169078826904,5.2854323387146,70.02573246722454,74.14694056287036,74.13155920617469,78.13845986014718,78.13845986014718,85.04636482792979
6,24,400,3,0.8733003735542297,265.6709899902344,373.2796325683594,-6.756062984466553,4.698470115661621,64.27964011391441,71.04659332976594,71.02929171505984,75.72723007583237,75.72723007583237,82.6247761234911
6,25,401,3,0.8733003735542297,276.19219970703125,373.779541015625,-6.689516067504883,4.076965808868408,67.43870248327721,69.14981056998421,69.11907615242424,73.45354272649959,73.45354272649959,80.29603860952281
6,26,402,3,0.8733003735542297,286.8016662597656,373.6710205078125,-6.595059871673584,3.466909646987915,66.6045220819982,68.7113885279302,68.68546568787657,71.76103426145387,71.76103426145387,78.07246457395668
6,27,403,3,0.8733003735542297,296.99395751953125,373.50445556640625,-6.5037360191345215,2.895986318588257,62.381189186256236,66.14595726653411,66.12068523060192,69.81721559842745,69.81721559842745,75.93751308222853
6,28,404,3,0.8733003735542297,307.285888671875,373.3407287597656,-6.41404390335083,2.3339664936065674,61.40482866323435,64.42177650573608,64.40498550216873,67.87190085762624,67.87190085762624,73.85737230625645
6,29,405,3,0.8733003735542297,317.86578369140625,373.92535400390625,-6.358633995056152,1.770822525024414,61.05219829570759,63.776288142094714,63.75344568913752,66.41673165244178,66.41673165244178,71.88373071891837
6,30,406,3,0.8733003735542297,327.644287109375,373.6475830078125,-6.271661758422852,1.2630152702331543,55.58615107159991,61.405777859759255,61.38642222493083,64.87020086694311,64.87020086694311,69.98826514846063
6,31,407,3,0.8733003735542297,337.9866943359375,373.15338134765625,-6.17290735244751,0.7386981844902039,57.56433836587301,59.59774111653422,59.571100591303235,63.04732784762846,63.04732784762846,68.1768505444315
6,32,408,3,0.8733003735542297,348.7474365234375,373.4644470214844,-6.109100341796875,0.20661042630672455,57.81936740779972,58.68537676084291,58.653945236892014,61.55397984888647,61.55397984888647,66.47691299048678
6,33,409,3,0.8733003735542297,358.93585205078125,373.88958740234375,-6.055841445922852,-0.2850036025047302,53.35162283776404,57.07473559574885,57.03937995445716,60.08085873934415,60.08085873934415,64.80831648732824
6,34,410,3,0.8733003735542297,369.2626647949219,373.11248779296875,-5.951070308685303,-0.771642804145813,53.707594042653206,55.60581474513798,55.5628108692455,58.44273177536574,58.44273177536574,63.18339022689086
6,35,411,3,0.8733003735542297,378.94281005859375,373.35321044921875,-5.896378993988037,-1.21751868724823,48.46703244017792,54.18199101885358,54.135121546544276,56.99247163968844,56.99247163968844,61.62918605289974
6,36,412,3,0.8733003735542297,390.3626708984375,373.8176574707031,-5.840967655181885,-1.7311729192733765,55.74077492827302,53.81727833133358,53.77508538824457,55.8332685990767,55.8332685990767,60.11726275956187
6,37,413,3,0.8733003735542297,399.6934814453125,373.77410888671875,-5.779110908508301,-2.1412692070007324,44.74664508522331,51.2027338668183,51.161486904818815,54.334776932662066,54.334776932662066,58.61220219752172
6,38,414,3,0.8733003735542297,410.3131103515625,373.5355529785156,-5.702459812164307,-2.597870111465454,49.95297194718123,50.523003688701735,50.487186953976206,53.024338332565875,53.024338332565875,57.18034655251278
6,39,415,3,0.8733003735542297,420.486083984375,373.56329345703125,-5.641109943389893,-3.0254714488983154,46.607234261252664,49.10293173242163,49.09182690478467,51.73014153967371,51.73014153967371,55.7769410797681
6,40,416,3,0.8733003735542297,430.63232421875,374.31231689453125,-5.610296249389648,-3.4427170753479004,45.14010505123691,48.437546254633425,48.41147164602975,50.5854115595708,50.5854115595708,54.420448625514766
6,41,417,3,0.8733003735542297,441.1824951171875,373.78564453125,-5.526963710784912,-3.8671133518218994,46.663369332160144,46.62206513541086,46.5856085290442,49.14751618773073,49.14751618773073,53.09256068442404
6,42,418,3,0.8733003735542297,451.2755126953125,373.70745849609375,-5.465730667114258,-4.264382839202881,43.36840337092107,46.3464167925504,46.3098167777657,48.17718216232011,48.17718216232011,51.83323361622856
6,43,419,3,0.8733003735542297,461.7187805175781,373.76019287109375,-5.408923625946045,-4.666733741760254,43.841024140616156,45.12402723123739,45.089916606525804,47.097728092830025,47.097728092830025,50.58529925819333
6,44,420,3,0.8733003735542297,471.680908203125,373.93011474609375,-5.360477924346924,-5.042552947998047,40.88343130601393,43.97926664018964,43.944665983125766,46.06829590849824,46.06829590849824,49.4043733975985
6,45,421,3,0.8733003735542297,481.6484069824219,373.7478332519531,-5.299526214599609,-5.411002159118652,40.293035569129046,43.009852743768064,42.99862315723827,44.98572621073995,44.98572621073995,48.25600023733765
6,46,422,3,0.8733003735542297,492.1107177734375,373.5472106933594,-5.236504554748535,-5.78984260559082,41.435598731636404,41.96429862366332,41.96020730368265,44.06064596566763,44.06064596566763,47.16035801247964
6,47,423,3,0.8733003735542297,503.0263366699219,374.20269775390625,-5.204475402832031,-6.17673921585083,41.88588830260011,41.66779560999913,41.64893000752299,43.1284686116191,43.1284686116191,46.09508044848654
6,48,424,3,0.8733003735542297,513.1576538085938,373.9660949707031,-5.1440815925598145,-6.528435707092285,38.500681147351486,40.59972701134619,40.57704790250643,42.225894870815225,42.225894870815225,45.1062774032129
6,49,425,3,0.8733003735542297,522.6417236328125,374.0421142578125,-5.0995330810546875,-6.85139799118042,35.175010993645024,39.45804294887242,39.43607766668756,41.32417720752758,41.32417720752758,44.12727669538539
6,50,426,3,0.8733003735542297,533.4293212890625,374.5411376953125,-5.064822673797607,-7.211598873138428,39.042858215240564,39.208007478094714,39.1827193649856,40.56099644907705,40.56099644907705,43.19345788913496
6,51,427,3,0.8733003735542297,543.4510498046875,375.0409240722656,-5.034515380859375,-7.539604187011719,35.539930755203656,38.02887388280817,38.00783528910055,39.77052204616063,39.77052204616063,42.293775908801024
6,52,428,3,0.8733003735542297,553.6267700195312,374.01385498046875,-4.949689865112305,-7.866313457489014,36.418072589032064,36.935310740094565,36.87055122840417,38.81484629033686,38.81484629033686,41.41222163445773
6,53,429,3,0.8733003735542297,563.7171630859375,373.55181884765625,-4.886791706085205,-8.184157371520996,34.957862995959424,36.226747109816145,36.156655120087436,37.93076773385306,37.93076773385306,40.53652474419851
6,54,430,3,0.8733003735542297,574.3800048828125,374.1890869140625,-4.860905647277832,-8.513592720031738,35.6530336947827,36.32235165004368,36.23526608431852,37.290605417379254,37.290605417379254,39.70254428787853
6,55,431,3,0.8733003735542297,584.8060302734375,374.22296142578125,-4.815701484680176,-8.829495429992676,34.43059268650356,35.39989854429628,35.32309594092431,36.51868073256699,36.51868073256699,38.887227982414494
6,56,432,3,0.8733003735542297,594.7078247070312,374.087158203125,-4.76780366897583,-9.123983383178711,32.19044708705448,34.730001810666444,34.66942879584405,35.850999433915696,35.850999433915696,38.105345443327074
6,57,433,3,0.8733003735542297,605.82080078125,374.335205078125,-4.728651523590088,-9.448257446289062,35.24069912307389,34.49452711747481,34.467466013295784,35.37038239089402,35.37038239089402,37.36382914930093
6,58,434,3,0.8733003735542297,615.798828125,374.6744384765625,-4.698077201843262,-9.733949661254883,30.99994499842961,33.70294351796885,33.68908627764447,34.876868622405425,34.876868622405425,36.664735803050185
6,59,435,3,0.8733003735542297,625.9078979492188,374.0404052734375,-4.635056495666504,-10.018265724182129,31.41999661505639,32.85633610202358,32.83218046525619,34.19625149859296,34.19625149859296,36.00493654708678
6,60,436,3,0.8733003735542297,636.2586059570312,373.60003662109375,-4.5785813331604,-10.304173469543457,31.443228135694866,32.25886319186185,32.22996543099235,33.57762539660657,33.57762539660657,35.383059070337275
6,61,437,3,0.8733003735542297,646.546630859375,373.88616943359375,-4.547150135040283,-10.583269119262695,30.302568510933952,31.881287476637738,31.847022511027795,33.01314413964332,33.01314413964332,34.771993173517856
6,62,438,3,0.8733003735542297,657.4041748046875,373.9954833984375,-4.508332252502441,-10.87247085571289,31.48240500039511,31.129628652101985,31.097823494559638,32.33921563589608,32.33921563589608,34.174926731136296
6,63,439,3,0.8733003735542297,667.4020385742188,373.8316955566406,-4.464717388153076,-11.134049415588379,28.611882940515294,30.652016240519124,30.628714623389307,31.727141305045052,31.727141305045052,33.58580414129763
6,64,440,3,0.8733003735542297,677.581298828125,373.5609130859375,-4.417750358581543,-11.395841598510742,28.696268826693327,30.10727068284651,30.093483539013477,31.17940191979651,31.17940191979651,32.98709264542656
6,65,441,3,0.8733003735542297,687.4417114257812,373.9925537109375,-4.394959926605225,-11.645181655883789,27.013965896316815,29.2214182349709,29.206851669601154,30.574779167518273,30.574779167518273,32.37250843758554
6,66,442,3,0.8733003735542297,698.0430908203125,373.5891418457031,-4.343683242797852,-11.908710479736328,28.965915237868817,28.95408758035787,28.935960241845557,29.99256671368183,29.99256671368183,31.77198203974109
6,67,443,3,0.8733003735542297,708.2183227539062,373.1015625,-4.29218864440918,-12.157325744628906,27.392962833979983,28.136199147074848,28.114704604629992,29.3959429356959,29.3959429356959,31.174598831039567
6,68,444,3,0.8733003735542297,718.4857177734375,373.22821044921875,-4.260160446166992,-12.404010772705078,26.838758430042702,27.781574244980327,27.756975842760756,28.82159517957019,28.82159517957019,30.575806122457692
6,69,445,3,0.8733003735542297,729.3223876953125,373.5969543457031,-4.234114170074463,-12.659933090209961,27.75463179036692,27.59324683771505,27.563422066824778,28.31558288513245,28.31558288513245,30.001001443777167
6,70,446,3,0.8733003735542297,739.9229736328125,373.0939025878906,-4.182909965515137,-12.90597915649414,27.115184586722176,27.613490575796117,27.588124327607208,27.99183741673366,27.99183741673366,29.46738660258983
6,71,447,3,0.8733003735542297,749.6006469726562,373.09967041015625,-4.1508941650390625,-13.126982688903809,24.093438993086227,26.638995326839602,26.615519433112052,27.52774925498695,27.52774925498695,28.945721936188466
6,72,448,3,0.8733003735542297,759.4510498046875,373.5823059082031,-4.133028030395508,-13.348464012145996,23.973707433466192,25.955144246736843,25.931323658336293,27.091073065728217,27.091073065728217,28.44804963593274
6,73,449,3,0.8733003735542297,770.3837890625,372.809326171875,-4.074826717376709,-13.59028434753418,26.835538171507142,25.95450019502973,25.908429758412975,26.721363848858665,26.721363848858665,27.980734940958
6,74,450,3,0.8733003735542297,781.00830078125,372.72900390625,-4.03888463973999,-13.821357727050781,25.23078189625011,25.44973021620637,25.413314445869073,26.29134232466752,26.29134232466752,27.537220567953945
6,75,451,3,0.8733003735542297,790.373291015625,372.5286865234375,-4.003921031951904,-14.021902084350586,21.963529772572702,24.419399253376476,24.387634288776407,25.65124431690136,25.65124431690136,27.0843133018584
6,76,452,3,0.8733003735542297,800.2506103515625,373.1884460449219,-3.9927539825439453,-14.230305671691895,22.517359578287923,24.104183370416813,24.051276596633347,25.138395749605618,25.138395749605618,26.63042942535457
6,77,453,3,0.8733003735542297,811.4720458984375,372.41009521484375,-3.93649959564209,-14.46328353881836,25.858846458640844,24.481211175451744,24.42698350081315,24.83752771810099,24.83752771810099,26.179813754121334
6,78,454,3,0.8733003735542297,821.977783203125,372.1414794921875,-3.8977701663970947,-14.677838325500488,23.522885707946685,23.81868068273965,23.776668125575597,24.411175391533515,24.411175391533515,25.734588916485126
7,0,409,4,0.6148751378059387,373.0518493652344,333.19659423828125,-4.212954044342041,-0.9473429322242737,,,,,,
7,1,411,4,0.6148751378059387,391.87451171875,332.3697509765625,-4.090099811553955,-1.7981969118118286,46.376214875327,46.376214875327,,,,
10,0,429,3,0.4697451889514923,55.698280334472656,385.13916015625,-10.067904472351074,21.953561782836914,,,,,,
12,0,433,3,0.8054693937301636,86.91931915283203,385.808349609375,-9.582064628601074,18.616992950439453,,,,,,
12,1,434,3,0.8054693937301636,98.60028839111328,385.69500732421875,-9.390485763549805,17.456945419311523,126.85527953949128,126.85527953949128,,,,
12,2,435,3,0.8054693937301636,108.45025634765625,386.43621826171875,-9.285889625549316,16.512903213500977,102.4779706568151,114.66662509815319,,,,
12,3,436,3,0.8054693937301636,118.83378601074219,385.9923095703125,-9.10529899597168,15.549845695495605,105.71735460203249,111.68353493277964,,,,
12,4,437,3,0.8054693937301636,128.0753631591797,385.63812255859375,-8.951959609985352,14.719149589538574,91.13971527282531,106.54758001779105,,,,
12,5,438,3,0.8054693937301636,139.29592895507812,385.4319763183594,-8.784743309020996,13.742450714111328,106.91133579174121,106.62033117258109,106.58273115739242,106.58273115739242,,
12,6,439,3,0.8054693937301636,149.16448974609375,385.1869201660156,-8.638728141784668,12.911004066467285,91.07934225808371,99.46514371629956,99.42647874891222,103.00460495315232,,
12,7,440,3,0.8054693937301636,159.5563201904297,385.19549560546875,-8.504734992980957,12.062043190002441,92.73003745865036,97.51555707666662,97.51049083667797,101.17323358099422,,
12,8,441,3,0.8054693937301636,170.6092987060547,385.1230163574219,-8.362174987792969,11.187604904174805,95.59055951449064,95.49019805915825,95.48635111226665,99.75151296381233,,
12,9,442,3,0.8054693937301636,179.64952087402344,384.960693359375,-8.243318557739258,10.493301391601562,75.99957410867636,92.46216982632845,92.46036403781764,98.2932831786134,98.2932831786134,98.2932831786134
12,10,443,3,0.8054693937301636,189.56683349609375,384.67431640625,-8.110605239868164,9.752335548400879,81.21654727718571,87.32321212341736,87.32059604519017,94.44085615617294,94.44085615617294,96.36706966739317
12,11,444,3,0.8054693937301636,199.6833038330078,385.35711669921875,-8.031133651733398,9.0178861618042,79.70383927062318,85.04811152592525,85.02429158061177,91.56041872251284,91.56041872251284,94.7648526857664
12,12,445,3,0.8054693937301636,210.19686889648438,385.16424560546875,-7.903415679931641,8.276533126831055,81.16442506963556,82.73498904812229,82.70947649762347,88.60021585470194,88.60021585470194,93.22369347800029
12,13,446,3,0.8054693937301636,219.32257080078125,385.75274658203125,-7.834836959838867,7.65041971206665,67.95670269252535,77.20821768372923,77.17043374563669,84.93703238137594,84.93703238137594,91.56636125867541
12,14,447,3,0.8054693937301636,229.98878479003906,385.8170166015625,-7.724891185760498,6.938238143920898,77.74902176071,77.55810721413596,77.52403903317142,81.9497673804467,81.9497673804467,89.96359561230396
12,15,448,3,0.8054693937301636,239.68792724609375,385.70849609375,-7.61919641494751,6.308267116546631,68.91889600725202,75.09857696014922,75.07023997121043,79.49969616565075,79.49969616565075,88.46875283421066
12,16,449,3,0.8054693937301636,250.61785888671875,385.6939697265625,-7.508697509765625,5.617659091949463,75.4588986491109,74.24958883584677,74.23254445597128,77.34134674072266,77.34134674072266,85.47561905736912
12,17,450,3,0.8054693937301636,260.294189453125,385.7920837402344,-7.4189558029174805,5.022658348083496,64.92195548592032,71.00109491910372,70.98743960812136,74.99693936282223,74.99693936282223,82.69791665831902
12,18,451,3,0.8054693937301636,269.33612060546875,386.0194091796875,-7.343713283538818,4.480055332183838,59.102769855495445,69.23030835169774,69.22743889716241,73.40834039312738,73.40834039312738,80.10476261126394
12,19,452,3,0.8054693937301636,279.7164611816406,385.156982421875,-7.205554485321045,3.8724939823150635,67.22454805593271,67.12541361074229,67.09639237715409,71.32281106192391,71.32281106192391,77.63656192658138
12,20,453,3,0.8054693937301636,290.73260498046875,385.3014221191406,-7.113010883331299,3.2449913024902344,68.43489581173831,67.02861357163954,66.99702770679029,69.70816860903989,69.70816860903989,75.46100995910479
12,21,454,3,0.8054693937301636,300.7548828125,385.48681640625,-7.033529758453369,2.6889519691467285,60.60205020390072,64.0572438825975,64.02325415825631,67.66631054949688,67.66631054949688,73.42051612611195
12,22,455,3,0.8054693937301636,308.9259338378906,385.23272705078125,-6.951421737670898,2.2457151412963867,48.63536691332197,60.79992616807783,60.765390462808675,65.62190072043435,65.62190072043435,71.43797391965246
12,23,456,3,0.8054693937301636,320.86395263671875,385.3043212890625,-6.85456657409668,1.6138510704040527,68.96940406624016,62.77325301022678,62.74235846398475,64.32488463379883,64.32488463379883,69.57847933294906
12,24,457,3,0.8054693937301636,329.9945068359375,385.2508850097656,-6.777470588684082,1.1427326202392578,51.50606582214782,59.629556563469805,59.62384916566588,62.830375991501185,62.830375991501185,67.84039885133177
12,25,458,3,0.8054693937301636,341.1927490234375,384.715576171875,-6.664268493652344,0.578757643699646,62.062115102381135,58.35500042159837,58.34228466083478,61.09942738231008,61.09942738231008,66.08198270692931
12,26,459,3,0.8054693937301636,352.36651611328125,385.27587890625,-6.602334976196289,0.03064829483628273,59.51300153246411,58.13719068731103,58.11172508216881,59.91712156709258,59.91712156709258,64.45259849338197
12,27,460,3,0.8054693937301636,361.79364013671875,385.331787109375,-6.533206462860107,-0.42083001136779785,49.27864048507187,58.265845401661025,58.24322352757107,59.412688180045066,59.412688180045066,62.98181557495413
12,28,461,3,0.8054693937301636,371.74749755859375,385.6533508300781,-6.4731035232543945,-0.8870324492454529,50.7158436379828,54.61513331600954,54.58927992936019,57.78207247312015,57.78207247312015,61.569781564043176
12,29,462,3,0.8054693937301636,381.7912902832031,385.53668212890625,-6.395079612731934,-1.3468748331069946,50.32247370415991,54.37841489241197,54.35179044435789,56.72766072885855,56.72766072885855,60.29917585096092
12,30,463,3,0.8054693937301636,392.6796875,386.55377197265625,-6.360454559326172,-1.8338006734848022,52.66811130763767,52.499614133463275,52.47036460396293,55.553276717484174,55.553276717484174,59.04608900577311
12,31,464,3,0.8054693937301636,403.1541748046875,386.2186279296875,-6.27343225479126,-2.291234016418457,50.238595856772314,50.64473299832491,50.6027316951847,54.05147804008736,54.05147804008736,57.79196072699971
12,32,465,3,0.8054693937301636,413.0626220703125,387.71258544921875,-6.267256259918213,-2.714371919631958,45.65810526048506,49.92062595340755,49.82262591382007,52.36735851733715,52.36735851733715,56.54452231771786
12,33,466,3,0.8054693937301636,421.7705078125,387.71734619140625,-6.2087531089782715,-3.078794479370117,39.8217492051177,47.74180706683453,47.637518921813054,50.97700631582772,50.97700631582772,55.2673629961086
12,34,467,3,0.8054693937301636,433.2021179199219,384.9927673339844,-6.023920059204102,-3.5469672679901123,54.30618270889266,48.53854886778108,48.14535192438177,49.73571861183251,49.73571861183251,53.88493877207823
12,35,468,3,0.8054693937301636,444.52618408203125,384.5374755859375,-5.934237003326416,-3.9996562004089355,49.790814325406956,47.96308947133494,47.63209126688741,48.768063944417406,48.768063944417406,52.59722326797784
12,36,469,3,0.8054693937301636,452.47052001953125,385.1844787597656,-5.910616397857666,-4.310866832733154,33.67374672160877,44.65011964430223,44.27811949403136,47.50314150418673,47.50314150418673,51.27943480731044
12,37,470,3,0.8054693937301636,463.0404052734375,385.75341796875,-5.868426322937012,-4.717035293579102,44.058149630254086,44.33012851825604,44.062937413538606,46.351203804130435,46.351203804130435,49.96485296254561
12,38,471,3,0.8054693937301636,473.0308532714844,385.47686767578125,-5.798008441925049,-5.092892169952393,41.25756007450801,44.6172906921341,44.35560376970442,45.69482077370871,45.69482077370871,48.77104478163438
12,39,472,3,0.8054693937301636,483.09686279296875,384.7379150390625,-5.710937976837158,-5.463927745819092,41.119302783931765,41.97991470714192,41.91269088577438,44.44828856598724,44.44828856598724,47.63974907429868
12,40,473,3,0.8054693937301636,491.51605224609375,385.2880859375,-5.683640003204346,-5.768522262573242,32.995058344556135,38.62076351097175,38.550477308945936,42.63196577439895,42.63196577439895,46.44760042552314
12,41,474,3,0.8054693937301636,501.959228515625,385.38665771484375,-5.628559112548828,-6.139285087585449,40.4414086194186,39.974295890533725,39.92106821629908,41.760555518852485,41.760555518852485,45.30829141224028
12,42,475,3,0.8054693937301636,513.5061645507812,386.065673828125,-5.590061187744141,-6.540410041809082,43.4770818714138,39.85808233876567,39.80141286249761,40.90825060864429,40.90825060864429,44.18546093570126
12,43,476,3,0.8054693937301636,523.3206787109375,386.6597900390625,-5.5586395263671875,-6.874290466308594,36.182236480903434,38.84301762004475,38.785237532395584,39.79417736118252,39.79417736118252,43.084180343843514
12,44,477,3,0.8054693937301636,532.3662719726562,387.33074951171875,-5.534687519073486,-7.1764349937438965,32.70128009083507,37.159413081425406,37.14840085832747,38.84131935569313,38.84131935569313,42.01133970835248
12,45,478,3,0.8054693937301636,541.6257934570312,386.9516906738281,-5.472210884094238,-7.480330944061279,33.47370162472263,37.25514173745871,37.21881374850736,38.57498664360542,38.57498664360542,40.994220546909155
12,46,479,3,0.8054693937301636,553.78076171875,386.5918884277344,-5.396757125854492,-7.871209621429443,42.951277800492356,37.75711557367346,37.70544288398979,38.13186157714356,38.13186157714356,40.0918738342172
12,47,480,3,0.8054693937301636,562.3723754882812,385.4070129394531,-5.311595439910889,-8.142143249511719,30.641652249194287,35.19002964922956,35.08131577894762,37.18784216043356,37.18784216043356,39.31414188936499
12,48,481,3,0.8054693937301636,572.509521484375,385.2064208984375,-5.2547454833984375,-8.456273078918457,34.442682723541715,34.84211889775721,34.76082690350421,36.38296003465529,36.38296003465529,38.54591396305111
12,49,482,3,0.8054693937301636,583.713623046875,384.88836669921875,-5.1898040771484375,-8.79667854309082,37.38944275634034,35.77975143085827,35.74557585435195,36.10239503386019,36.10239503386019,37.85936316665339
12,50,483,3,0.8054693937301636,593.9268798828125,384.2207946777344,-5.118802070617676,-9.10094928741455,33.71036409974455,35.82708392586265,35.79223053557771,35.81707839127426,35.81707839127426,37.2912061709522
12,51,484,3,0.8054693937301636,603.6448364257812,385.080810546875,-5.103297710418701,-9.385273933410645,30.721960963307318,33.38122055842564,33.27914141751194,34.931818097978685,34.931818097978685,36.732705991278706
12,52,485,3,0.8054693937301636,613.2841796875,384.926025390625,-5.054207801818848,-9.662428855895996,30.368259855798193,33.326542079746424,33.27219607708576,34.56999415760632,34.56999415760632,36.160564207564555
12,53,486,3,0.8054693937301636,625.1373291015625,384.6299133300781,-4.991460800170898,-9.996772766113281,36.70283154650525,33.778571844339126,33.72354545555153,34.36253786801577,34.36253786801577,35.62208939197487
12,54,487,3,0.8054693937301636,634.7332763671875,384.30828857421875,-4.938906669616699,-10.26236629486084,29.211050385123603,32.142893370095784,32.08726440871751,33.6308755788889,33.6308755788889,35.11395130889706
12,55,488,3,0.8054693937301636,645.0842895507812,384.67657470703125,-4.906643867492676,-10.543902397155762,30.574321032284978,31.515684756603868,31.471405639038696,32.76671059958109,32.76671059958109,34.5973442467436
12,56,489,3,0.8054693937301636,655.5889282226562,384.49200439453125,-4.856351852416992,-10.824496269226074,30.75629216688615,31.522550997319634,31.50998571893195,32.41287945986509,32.41287945986509,34.070270593315726
12,57,490,3,0.8054693937301636,666.1593017578125,383.7004089355469,-4.787148475646973,-11.101778030395508,30.834176442720793,31.615734314704156,31.588972246015704,32.076234693651074,32.076234693651074,33.53586435079813
12,58,491,3,0.8054693937301636,675.8950805664062,383.898681640625,-4.754112243652344,-11.35278606414795,27.315335792975944,29.738235163998297,29.70547309288612,31.272620221117997,31.272620221117997,33.01312179696088
12,59,492,3,0.8054693937301636,686.8803100585938,383.67242431640625,-4.7032470703125,-11.631095886230469,30.524816189136182,30.000988324800808,29.96959409990034,30.849086159354563,30.849086159354563,32.481563511496354
12,60,493,3,0.8054693937301636,698.3851928710938,383.5328063964844,-4.654018878936768,-11.917137145996094,31.315305254437945,30.14918516923141,30.129480981207514,30.580701227788325,30.580701227788325,31.941301134321005
12,61,494,3,0.8054693937301636,707.69287109375,383.30474853515625,-4.611295700073242,-12.1445894241333,24.969461854997572,28.991819106853683,28.972184050690522,30.07314089414004,30.07314089414004,31.433053322214025
12,62,495,3,0.8054693937301636,718.251220703125,383.3363037109375,-4.572563648223877,-12.398423194885254,27.70365106237756,28.36571403078504,28.360116922414743,29.427369829419842,29.427369829419842,30.956004640762416
12,63,496,3,0.8054693937301636,729.0933227539062,382.70574951171875,-4.5132222175598145,-12.654569625854492,28.36811756873345,28.57627038593654,28.567322150810615,29.199739641004747,29.199739641004747,30.496984666639513
12,64,497,3,0.8054693937301636,739.935546875,382.30255126953125,-4.461797714233398,-12.906269073486328,27.717374540590026,28.01478205622731,28.005138000884614,28.8068484212016,28.8068484212016,30.029929484861018
12,65,498,3,0.8054693937301636,748.7342529296875,382.39935302734375,-4.433471202850342,-13.107336044311523,21.907762869016512,26.133273579143026,26.11982791454761,28.004917807869617,28.004917807869617,29.56311485439696
12,66,499,3,0.8054693937301636,759.12060546875,381.3472900390625,-4.36574649810791,-13.341089248657227,26.25731285754498,26.390843779652506,26.356664023080192,27.481813802347556,27.481813802347556,29.082075946253102
12,67,500,3,0.8054693937301636,771.5477905273438,382.0177307128906,-4.343151569366455,-13.615787506103516,29.73786410275515,26.79768638772802,26.731177357646015,27.156025889393806,27.156025889393806,28.592836612196745
12,68,501,3,0.8054693937301636,781.9696044921875,381.7416076660156,-4.299971580505371,-13.842077255249023,24.855391069368405,26.095141087855012,26.034436240181936,26.64944870726807,26.64944870726807,28.103737728357892
12,69,502,3,0.8054693937301636,791.815185546875,381.8866882324219,-4.27161979675293,-14.052521705627441,22.910424045749476,25.13375098888691,25.072442282448996,26.062909563580952,26.062909563580952,27.623100547523766
12,70,503,3,0.8054693937301636,804.0224609375,382.04052734375,-4.2363080978393555,-14.309061050415039,27.93954826377846,26.340108067839292,26.278019618321135,26.094547904335656,26.094547904335656,27.179501727999604
12,71,504,3,0.8054693937301636,814.310302734375,381.94696044921875,-4.200674057006836,-14.521584510803223,23.24968624067354,25.73858274446501,25.721062480152902,25.967427595750202,25.967427595750202,26.77387018150655
13,0,460,3,0.49440237879753113,853.8616943359375,137.18833923339844,2.714872360229492,-15.308725357055664,,,,,,
13,1,461,3,0.49440237879753113,847.1641845703125,136.76963806152344,2.739968776702881,-15.178665161132812,14.29132088557347,14.29132088557347,,,,
13,2,462,3,0.49440237879753113,840.2781982421875,136.39622497558594,2.7644312381744385,-15.043597221374512,14.809841995353585,14.550581440463528,,,,
13,3,465,3,0.49440237879753113,815.8541259765625,135.8311004638672,2.831568956375122,-14.553191184997559,17.801491649715334,15.634218176880799,,,,
15,0,466,3,0.9081876873970032,63.426902770996094,392.89849853515625,-10.445015907287598,21.093652725219727,,,,,,
15,1,467,3,0.9081876873970032,68.70061492919922,393.0611572265625,-10.360161781311035,20.520112991333008,62.55398025284042,62.55398025284042,,,,
15,2,468,3,0.9081876873970032,75.7912826538086,392.9120788574219,-10.224676132202148,19.76530647277832,82.73919740995088,72.64658883139565,,,,
15,3,469,3,0.9081876873970032,86.46747589111328,392.8603515625,-10.037758827209473,18.66278076171875,120.65121272465326,88.64813012914819,,,,
15,4,470,3,0.9081876873970032,95.33808898925781,393.0472412109375,-9.901886940002441,17.776397705078125,96.75077863268324,90.67379225503196,,,,
15,5,471,3,0.9081876873970032,106.00946044921875,393.09130859375,-9.73250675201416,16.74401092529297,112.87556971227015,95.11414774647959,95.1093374551474,95.1093374551474,,
15,6,472,3,0.9081876873970032,117.00200653076172,392.6812744140625,-9.536532402038574,15.717415809631348,112.76162754405628,105.15567720472275,105.14752543294108,100.12843144404424,,
15,7,473,3,0.9081876873970032,125.83562469482422,392.5728759765625,-9.397159576416016,14.918248176574707,87.52528937546522,106.11289559782563,106.10520041786826,102.12068776865225,,
15,8,474,3,0.9081876873970032,133.55825805664062,393.37994384765625,-9.331595420837402,14.23762035369873,73.77429346700053,96.73751174629508,96.69615738875383,100.76455517367764,,
15,9,475,3,0.9081876873970032,146.61477661132812,392.730712890625,-9.107983589172363,13.123420715332031,122.61040322668664,101.90943666509575,101.8548990224863,100.98262394343936,100.98262394343936,100.98262394343936
15,10,476,3,0.9081876873970032,156.81063842773438,392.8748474121094,-8.976494789123535,12.283772468566895,91.69549684781771,97.67342209220527,97.61768573528522,101.48429359946692,101.48429359946692,101.23345877145314
15,11,477,3,0.9081876873970032,165.18447875976562,392.72991943359375,-8.856697082519531,11.613192558288574,73.49574673068629,89.82024592953128,89.76940989613415,98.40867049210554,98.40867049210554,100.29186267833728
15,12,478,3,0.9081876873970032,176.38088989257812,392.77178955078125,-8.71411418914795,10.742220878601074,95.22183267743912,91.35955458992605,91.30950569511056,95.44953154755402,95.44953154755402,99.08127989564147
15,13,479,3,0.9081876873970032,186.2419891357422,392.67474365234375,-8.585054397583008,9.998390197753906,81.45250878729425,92.8951976539848,92.88350504475993,94.68700107875523,94.68700107875523,98.20242413226421
15,14,480,3,0.9081876873970032,196.77255249023438,392.88836669921875,-8.468235969543457,9.227044105529785,84.1711529723176,85.207347603111,85.20342477194437,91.35670622864684,91.35670622864684,97.061471148328
15,15,481,3,0.9081876873970032,206.64891052246094,392.4832763671875,-8.329779624938965,8.524275779724121,77.28069359725053,82.32438695299757,82.31554707804402,88.2962784971986,88.2962784971986,95.80930076959523
15,16,482,3,0.9081876873970032,217.91001892089844,392.24285888671875,-8.188039779663086,7.746304988861084,85.318626104654,84.68896282779112,84.67962777578866,87.2783220731295,87.2783220731295,93.85154335955094
15,17,483,3,0.9081876873970032,227.1685791015625,392.7110595703125,-8.108994483947754,7.124533176422119,67.62420095049299,79.16943648240188,79.14850271188773,84.84612147648494,84.84612147648494,91.47466162769638
15,18,484,3,0.9081876873970032,236.55209350585938,392.8318786621094,-8.012931823730469,6.510147571563721,67.09272806699221,76.29748033834147,76.27647068355229,81.52471460424341,81.52471460424341,89.06266792943036
15,19,485,3,0.9081876873970032,247.0566864013672,393.40704345703125,-7.9302473068237305,5.840476036071777,72.80092972975511,74.02343568982897,73.99314628852594,79.28265890755972,79.28265890755972,86.75311469514547
15,20,486,3,0.9081876873970032,257.6772155761719,392.5056457519531,-7.775748252868652,5.182093620300293,72.96390085668115,73.1600771417151,73.10319608979889,77.4401887099107,77.4401887099107,84.2892843567391
15,21,487,3,0.9081876873970032,266.92913818359375,393.25701904296875,-7.719563961029053,4.623260974884033,60.597587179589816,68.21586935670226,68.14434649822833,74.13313245439863,74.13313245439863,81.82877381756077
15,22,488,3,0.9081876873970032,274.8654479980469,392.35516357421875,-7.597761631011963,4.154418468475342,52.26357738216678,65.14374464303702,65.03287000017805,71.3100059120567,71.3100059120567,79.4021634482548
15,23,489,3,0.9081876873970032,287.0767517089844,392.0047607421875,-7.46441125869751,3.451308488845825,77.21230771753575,67.16766057314572,67.05777628438456,69.46626703222316,69.46626703222316,76.85758415669675
15,24,490,3,0.9081876873970032,297.5730285644531,391.0579528808594,-7.322725772857666,2.863983154296875,65.18557617118903,65.64458986143251,65.55221683376439,67.77808114127083,67.77808114127083,74.41929268023759
15,25,491,3,0.9081876873970032,306.3218994140625,391.30682373046875,-7.2556047439575195,2.386004686355591,52.07609499132001,61.46702868836028,61.37026787756921,65.4314954988249,65.4314954988249,72.12026137946351
15,26,492,3,0.9081876873970032,315.7672424316406,391.4178466796875,-7.177505970001221,1.8813730478286743,55.093951515860844,60.366301555614484,60.3107330444214,63.86477280806353,63.86477280806353,69.91770622239264
15,27,493,3,0.9081876873970032,327.8838806152344,390.99053955078125,-7.054140090942383,1.2507221698760986,69.3318800969081,63.77996209856275,63.74580066997212,63.60735894202234,63.60735894202234,67.94158768412288
15,28,494,3,0.9081876873970032,336.74822998046875,390.73114013671875,-6.968510627746582,0.8008065819740295,49.41369520200716,58.22023959545703,58.186076237605164,61.83301893266646,61.83301893266646,66.18442860958972
15,29,495,3,0.9081876873970032,345.8314208984375,391.269775390625,-6.918224334716797,0.3494742512702942,48.99651175374156,54.982426711967534,54.95671416138793,59.71391839819116,59.71391839819116,64.52784467903749
15,30,496,3,0.9081876873970032,356.44232177734375,391.1083984375,-6.826247692108154,-0.16575616598129272,56.468106411791936,55.860828996061926,55.83698204109124,58.607261230895574,58.607261230895574,62.97655813599068
15,31,497,3,0.9081876873970032,367.23388671875,390.96563720703125,-6.735914707183838,-0.6769453883171082,56.0077975441764,56.04359820172503,56.02082262982379,57.749279147976054,57.749279147976054,61.543872136948565
15,32,498,3,0.9081876873970032,377.09808349609375,391.312744140625,-6.675668716430664,-1.1333011388778687,49.6643834061675,52.11009886357692,52.08767634648067,55.41765428327776,55.41765428327776,60.113323391870416
15,33,499,3,0.9081876873970032,384.8942565917969,391.25115966796875,-6.614773750305176,-1.4868484735488892,38.70664586077679,49.96868899533083,49.950646544312626,53.77056834461924,53.77056834461924,58.671294182806946
15,34,500,3,0.9081876873970032,397.39825439453125,390.38165283203125,-6.487119197845459,-2.0411760807037354,61.372950836852354,52.44397681195299,52.41851120681077,53.26292775370382,53.26292775370382,57.19351829876144
15,35,501,3,0.9081876873970032,407.4736328125,391.08270263671875,-6.444670677185059,-2.4768216609954834,47.225321327651535,50.59541979512491,50.54431366515565,52.2043940785167,52.2043940785167,55.818000462454336
15,36,502,3,0.9081876873970032,416.76904296875,391.6681823730469,-6.403822898864746,-2.870323657989502,42.68389184039075,47.93063865436778,47.869055992835285,50.574040751119,50.574040751119,54.512303655729745
15,37,503,3,0.9081876873970032,424.4119873046875,390.4371337890625,-6.301424026489258,-3.1879940032958984,36.01075409651993,45.19991279243827,45.06647736876161,49.169800955575184,49.169800955575184,53.16409504496968
15,38,504,3,0.9081876873970032,436.15411376953125,389.476806640625,-6.184607982635498,-3.666022300720215,53.093117910188866,48.077207202320686,47.93053511734847,48.76577867018235,48.76577867018235,51.880737833856294
15,39,505,3,0.9081876873970032,446.6636962890625,389.20538330078125,-6.105776786804199,-4.083900451660156,45.880983164022254,44.97881366775467,44.840275348126,47.2501314984454,47.2501314984454,50.71394886459452
15,40,506,3,0.9081876873970032,456.28515625,389.435546875,-6.053876876831055,-4.4584784507751465,40.80009365177059,43.693768132578484,43.58458352255654,45.85818546992558,45.85818546992558,49.583608453924
15,41,507,3,0.9081876873970032,465.3187561035156,389.30413818359375,-5.9925856590271,-4.80342960357666,37.80043006062388,42.71707577662511,42.64681594116942,44.81373745959241,44.81373745959241,48.37658126905095
15,42,508,3,0.9081876873970032,476.22216796875,388.92437744140625,-5.911613464355469,-5.211346626281738,44.86972873622959,44.488870704567034,44.463637253859424,44.69316943661197,44.69316943661197,47.30354917735027
15,43,509,3,0.9081876873970032,485.63555908203125,388.2237854003906,-5.8289570808410645,-5.5563178062438965,38.27314729338045,41.52487658120535,41.50526692698171,43.40811579853862,43.40811579853862,46.27984561269593
15,44,510,3,0.9081876873970032,494.41156005859375,388.53033447265625,-5.78948450088501,-5.872095108032227,34.33502351606523,39.21568465161395,39.18537402843739,42.2771355346009,42.2771355346009,45.29517912398533
15,45,511,3,0.9081876873970032,504.263916015625,388.5104675292969,-5.732393741607666,-6.220077991485596,38.04653305392879,38.66497253204558,38.640344869364036,41.2882878039624,41.2882878039624,44.22696614309676
15,46,512,3,0.9081876873970032,514.2979736328125,388.73651123046875,-5.684487342834473,-6.567584037780762,37.84775805401873,38.67443813072455,38.643845835408484,40.48769378281021,40.48769378281021,43.26090361229173
15,47,513,3,0.9081876873970032,523.3637084960938,389.25201416015625,-5.653413772583008,-6.8757405281066895,33.41625787161447,36.383743957801535,36.34458574262651,38.86388348056363,38.86388348056363,42.261717613811456
15,48,514,3,0.9081876873970032,533.631103515625,389.68707275390625,-5.613475799560547,-7.218265056610107,37.206056830170866,36.17032586515962,36.162376022719954,37.79530529971127,37.79530529971127,41.259084448114145
15,49,515,3,0.9081876873970032,543.1690063476562,389.40899658203125,-5.552541732788086,-7.530458450317383,34.31879521368981,36.16708020468453,36.14827440930652,37.1878853758851,37.1878853758851,40.18690101086745
15,50,516,3,0.9081876873970032,553.2941284179688,388.473876953125,-5.466262340545654,-7.855732440948486,36.30810791438633,35.81939517677604,35.758975216677854,36.61161144534786,36.61161144534786,39.21597181755449
15,51,517,3,0.9081876873970032,562.701904296875,388.61773681640625,-5.423311710357666,-8.152447700500488,32.346890880154085,34.719221742003114,34.66011432262806,35.814865142791774,35.814865142791774,38.29279033301033
15,52,518,3,0.9081876873970032,570.996826171875,389.062744140625,-5.397209167480469,-8.409771919250488,27.905725098990057,33.617115187478234,33.56046886234493,35.25804176673546,35.25804176673546,37.431326613406476
15,53,519,3,0.9081876873970032,579.43896484375,388.9451599121094,-5.351221561431885,-8.667633056640625,28.260159325766395,31.827935686597336,31.782935025332335,34.382153567257944,34.382153567257944,36.55910658261329
15,54,520,3,0.9081876873970032,585.5445556640625,388.92327880859375,-5.320587635040283,-8.851643562316895,20.126520991920827,28.98948084224354,28.945125518859808,32.9415237891686,32.9415237891686,35.71305519812829
15,55,521,3,0.9081876873970032,600.2352294921875,387.7491455078125,-5.210010528564453,-9.286084175109863,48.36719638698703,31.401298536763683,31.356136139098943,32.06095597365281,32.06095597365281,34.89386243726279
15,56,522,3,0.9081876873970032,611.2698364257812,387.63592529296875,-5.154822826385498,-9.60490608215332,34.909907992664984,31.91390195926586,31.872735704694477,31.503480250066104,31.503480250066104,34.08180456214579
15,57,523,3,0.9081876873970032,623.00634765625,387.56671142578125,-5.09901762008667,-9.937180519104004,36.35187963624815,33.60313286671747,33.58128944953363,31.507644367503836,31.507644367503836,33.352666408168076
15,58,524,3,0.9081876873970032,632.171875,387.4659423828125,-5.0546875,-10.191909790039062,27.896352104850106,33.53037142253422,33.508113857273095,31.852680133891987,31.852680133891987,32.78663997832525
15,59,525,3,0.9081876873970032,641.950439453125,387.15576171875,-5.001509189605713,-10.459199905395508,29.403706411500792,35.38580850645021,35.36523872322136,33.136702774764295,33.136702774764295,32.4835915509008
15,60,526,3,0.9081876873970032,651.9658203125,387.16571044921875,-4.958649158477783,-10.728291511535645,29.39882216515479,31.592133662083768,31.589692503541382,33.18341404765279,33.18341404765279,32.31234304810006
15,61,527,3,0.9081876873970032,663.4085693359375,386.7455749511719,-4.89665412902832,-11.030102729797363,33.24292018101527,31.258736099753822,31.25399076021635,33.05966505875716,33.05966505875716,32.32922037232699
15,62,528,3,0.9081876873970032,671.6514892578125,387.50439453125,-4.886753082275391,-11.243886947631836,23.090353378882774,28.606430848280752,28.566259770960244,32.056659123042486,32.056659123042486,32.32860653652552
15,63,529,3,0.9081876873970032,680.7828369140625,387.8348388671875,-4.859724044799805,-11.477252006530762,25.346568116655835,28.096474050641895,28.052906508926867,30.965617653373236,30.965617653373236,32.25176902271225
15,64,530,3,0.9081876873970032,691.0972290039062,387.54315185546875,-4.808726787567139,-11.736577033996582,28.515008303311678,27.91873442900407,27.87592380077808,29.467754668884584,29.467754668884584,31.960356208623796
15,65,531,3,0.9081876873970032,702.2366333007812,386.8266906738281,-4.7420878410339355,-12.011679649353027,30.539793687147814,28.14692873340267,28.084991409347488,28.766814450045807,28.766814450045807,31.519518253788625
15,66,532,3,0.9081876873970032,710.673828125,386.94427490234375,-4.712904453277588,-12.216699600219727,22.343007417825554,25.966946180764733,25.91006834428389,27.698029966859316,27.698029966859316,30.742564995516485
15,67,533,3,0.9081876873970032,720.8595581054688,387.1585388183594,-4.680430889129639,-12.460458755493164,26.532039656624807,26.65528343631314,26.626547090299837,27.31008743072723,27.31008743072723,29.903518335955688
15,68,534,3,0.9081876873970032,732.04052734375,386.70281982421875,-4.624337673187256,-12.723423957824707,29.010169275038006,27.38800366798957,27.365924880935715,27.172691105129,27.172691105129,29.06252205686595
15,69,535,3,0.9081876873970032,741.7036743164062,386.3707275390625,-4.578536033630371,-12.946901321411133,24.612628913425898,26.607527790012416,26.585042250382674,26.91451479504992,26.91451479504992,28.32793001000987
15,70,536,3,0.9081876873970032,752.0243530273438,386.38330078125,-4.54141092300415,-13.181798934936523,25.658177567290494,25.631204566040953,25.61796276004879,26.421109065190183,26.421109065190183,27.678714497412294
15,71,537,3,0.9081876873970032,761.366943359375,386.4904479980469,-4.511176586151123,-13.391141891479492,22.820798607615682,25.726762803998973,25.71373643217744,26.381842682768887,26.381842682768887,27.237869927967193
15,72,538,3,0.9081876873970032,771.265869140625,386.20062255859375,-4.467705726623535,-13.609615325927734,24.033644756713468,25.22708382401671,25.21826870791562,26.10018700629205,26.10018700629205,26.856923150288086
15,73,539,3,0.9081876873970032,781.842529296875,385.72119140625,-4.417020320892334,-13.839340209960938,25.38161153917189,24.501372276843487,24.49174236941647,25.5253505039882,25.5253505039882,26.546540369877924
15,74,540,3,0.9081876873970032,791.8385009765625,386.3333435058594,-4.400854587554932,-14.053016662597656,23.119885545153238,24.202823603188953,24.174206549828344,25.043183363877333,25.043183363877333,26.22269693175651
15,75,541,3,0.9081876873970032,800.7977905273438,386.46099853515625,-4.374415397644043,-14.241758346557617,20.562564576422417,23.18370100501534,23.1543733404352,24.550465479954614,24.550465479954614,25.848093271017316
15,76,542,3,0.9081876873970032,811.5723876953125,385.8297119140625,-4.320613861083984,-14.465349197387695,24.81224635740617,23.581990554973437,23.54160693737415,24.11603958099396,24.11603958099396,25.448311097580753
16,0,465,3,0.8699656128883362,816.3449096679688,135.81407165527344,2.831005573272705,-14.563223838806152,,,,,,
16,1,466,3,0.8699656128883362,804.3657836914062,136.2450714111328,2.8444325923919678,-14.316206932067871,26.690518820321525,26.690518820321525,,,,
16,2,467,3,0.8699656128883362,789.6846923828125,135.96507263183594,2.884768486022949,-14.007254600524902,33.61640586243285,30.153462341377185,,,,
16,3,468,3,0.8699656128883362,776.068603515625,136.48568725585938,2.9000325202941895,-13.714399337768555,31.639662298646478,30.648862327133617,,,,
16,4,469,3,0.8699656128883362,764.8262329101562,136.777099609375,2.9169931411743164,-13.467876434326172,26.66075031955044,29.651834325237825,,,,
16,5,470,3,0.8699656128883362,752.5804443359375,136.34921264648438,2.958160638809204,-13.19434642791748,29.844102087792578,29.69028787774878,29.665375327492335,29.665375327492335,,
16,6,471,3,0.8699656128883362,738.430908203125,136.25428771972656,2.9946205615997314,-12.871601104736328,35.04316206578608,31.36081652684169,31.34032648641032,30.502850906951327,,
16,7,472,3,0.8699656128883362,725.655029296875,137.33282470703125,2.992586135864258,-12.573826789855957,32.12825092045101,31.063185538445317,31.018484555757965,30.67472878988687,,
16,8,473,3,0.8699656128883362,712.7562255859375,136.27842712402344,3.0568554401397705,-12.266865730285645,33.83680144985477,31.502613368686973,31.41826349538523,30.86061246626146,,
16,9,474,3,0.8699656128883362,700.8934326171875,136.5797576904297,3.077430009841919,-11.978775978088379,31.16177786123026,32.40281887702294,32.3183950487074,31.152168982750652,31.152168982750652,31.152168982750652
16,10,475,3,0.8699656128883362,688.8619995117188,136.71902465820312,3.1039674282073975,-11.680757522583008,32.28106448700378,32.89021135686518,32.81205441211011,31.781504799674206,31.781504799674206,31.46683689121243
16,11,476,3,0.8699656128883362,675.4490966796875,136.20199584960938,3.155661106109619,-11.341377258300781,37.03878023526766,33.2893349907615,33.20216389445516,32.15387228128317,32.15387228128317,31.69584868790268
16,12,477,3,0.8699656128883362,663.953857421875,136.88217163085938,3.16467547416687,-11.044337272644043,32.063025813717225,33.27628996941474,33.212216631634966,32.59261869645857,32.59261869645857,31.92004119004165
16,13,478,3,0.8699656128883362,651.8394775390625,137.06121826171875,3.191895008087158,-10.724925994873047,34.58686284609251,33.42630224866228,33.399980051534165,32.98896200768836,32.98896200768836,32.13382535357099
16,14,479,3,0.8699656128883362,637.9127197265625,136.3660125732422,3.253619909286499,-10.349384307861328,41.06163395034683,35.40627346648561,35.364657372504205,33.59821447244772,33.59821447244772,32.37789020671711
16,15,480,3,0.8699656128883362,625.759765625,137.5026092529297,3.2506015300750732,-10.01413631439209,36.172078920530154,36.18447635319088,36.1019824291919,34.25620007586408,34.25620007586408,32.646220188023825
16,16,481,3,0.8699656128883362,613.6898803710938,137.68101501464844,3.279567241668701,-9.673989295959473,36.83200201669058,36.14312070947546,36.07880557095492,34.83152841116403,34.83152841116403,33.171842963511445
16,17,482,3,0.8699656128883362,600.9249267578125,137.50115966796875,3.3234493732452393,-9.306198120117188,39.963212284770286,37.723158003686066,37.66245637144837,35.721576359126715,35.721576359126715,33.734710329147525
16,18,483,3,0.8699656128883362,587.861328125,137.97409057617188,3.346754789352417,-8.920929908752441,41.6433833814882,39.13446211076521,39.070552117102864,36.85569077224045,36.85569077224045,34.40639868499856
16,19,484,3,0.8699656128883362,575.9896240234375,138.49876403808594,3.365112066268921,-8.562760353088379,38.69439183653413,38.66101368800267,38.62751914071037,37.50826312588168,37.50826312588168,35.108633603487576
16,20,485,3,0.8699656128883362,563.49853515625,137.7612762451172,3.4303579330444336,-8.17733383178711,42.17610385391738,39.861818674680116,39.82464631239732,38.25279590252277,38.25279590252277,35.86060987417821
16,21,486,3,0.8699656128883362,551.2847900390625,138.16925048828125,3.455352306365967,-7.7916765213012695,41.69667279208218,40.834752829758436,40.79407178438627,39.19584914520904,39.19584914520904,36.66027197028696
16,22,487,3,0.8699656128883362,539.1492919921875,138.14425659179688,3.4962987899780273,-7.399579048156738,42.53427441660817,41.34896525612602,41.310553021959734,39.92546847531131,39.92546847531131,37.470167455922294
16,23,488,3,0.8699656128883362,526.3206787109375,137.23202514648438,3.5730013847351074,-6.975083351135254,46.54139500636082,42.32856758110054,42.271165628652355,40.56559117762121,40.56559117762121,38.28931927970188
16,24,489,3,0.8699656128883362,512.6646728515625,137.77976989746094,3.6005208492279053,-6.511484146118164,50.106740498042605,44.611037313402235,44.55382893016407,41.75085313551195,41.75085313551195,39.1506445334712
16,25,490,3,0.8699656128883362,500.8577880859375,138.006103515625,3.634178400039673,-6.100543022155762,44.48576716633586,45.072969975885925,45.02917317362813,42.79175850775811,42.79175850775811,39.99865420997372
16,26,491,3,0.8699656128883362,487.47918701171875,136.77725219726562,3.7296807765960693,-5.623116970062256,52.53097620400992,47.239830658271465,47.16702612725409,44.06634937633167,44.06634937633167,40.935523674323726
16,27,492,3,0.8699656128883362,475.6597595214844,137.65301513671875,3.74084210395813,-5.190526962280273,46.68858156099424,48.070692087148686,47.95904188127547,45.396047148194825,45.396047148194825,41.95598813799116
16,28,493,3,0.8699656128883362,462.92523193359375,138.05148315429688,3.774393320083618,-4.7126569747924805,51.6853199138508,49.09947706864669,49.01262944513982,46.744339911492325,46.744339911492325,43.03434396174591
16,29,494,3,0.8699656128883362,449.4181213378906,137.4339141845703,3.8520243167877197,-4.191903114318848,56.80610654832838,50.43935027870384,50.34625313498758,47.902824752457015,47.902824752457015,44.17396628705245
16,30,495,3,0.8699656128883362,436.6153869628906,137.89712524414062,3.8856961727142334,-3.684558153152466,54.85894177462552,52.51398520036177,52.41488419569932,49.37996695687126,49.37996695687126,45.43316282694531
16,31,496,3,0.8699656128883362,424.7103271484375,138.3212890625,3.918102979660034,-3.200288772583008,52.36570282535,52.480930524629784,52.43866812813651,50.434295357047745,50.434295357047745,46.67365457287899
16,32,497,3,0.8699656128883362,411.7865905761719,137.7554931640625,3.9964077472686768,-2.660390853881836,58.86020384111128,54.915254980653195,54.87415207015884,51.81731739482442,51.81731739482442,47.963020128174186
16,33,498,3,0.8699656128883362,399.76611328125,138.7611541748047,4.007451057434082,-2.1444284915924072,55.68101927712485,55.71439485330801,55.64603148164092,53.14399780212464,53.14399780212464,49.25982704614461
16,34,499,3,0.8699656128883362,387.22393798828125,138.5790252685547,4.071286201477051,-1.591301679611206,60.074127161062194,56.36799897585477,56.315973874453185,54.33794195001775,54.33794195001775,50.53724058926217
16,35,500,3,0.8699656128883362,374.4465026855469,137.64889526367188,4.170078754425049,-1.0116314888000488,63.44363334533812,58.084937289997285,58.00306394502714,55.45557789988332,55.45557789988332,51.781703159032304
16,36,501,3,0.8699656128883362,362.9316711425781,137.91404724121094,4.213704586029053,-0.47467076778411865,58.12471801346236,59.236740327619756,59.15941167901922,56.799726610059864,56.799726610059864,53.05268913868986
16,37,502,3,0.8699656128883362,350.4078674316406,137.92813110351562,4.274560451507568,0.12569493055343628,65.1066436634197,60.48602829208145,60.41820575664569,57.90853734735723,57.90853734735723,54.27105633733071
16,38,503,3,0.8699656128883362,337.522216796875,137.65240478515625,4.352031230926514,0.7619701623916626,69.15605365932285,63.18103516852104,63.15473162091815,59.41027737521267,59.41027737521267,55.553339482782846
16,39,504,3,0.8699656128883362,326.240234375,137.7576141357422,4.406119346618652,1.3351972103118896,62.12138200735116,63.59048613777884,63.56121410023082,60.8593254203682,60.8593254203682,56.84505491500338
16,40,505,3,0.8699656128883362,313.01519775390625,137.7782440185547,4.476143836975098,2.0272066593170166,75.04363160033326,65.91048578877786,65.90508128498698,62.43972888836017,62.43972888836017,58.1730164987513
16,41,506,3,0.8699656128883362,300.09576416015625,137.492919921875,4.5610527992248535,2.7250962257385254,75.85201777897396,69.45594574188019,69.45155217097356,64.49815698675104,64.49815698675104,59.62447578971321
16,42,507,3,0.8699656128883362,287.6448974609375,137.9232177734375,4.611984729766846,3.419121026992798,75.08116216211766,71.45084944161978,71.43894847218212,66.70230552985832,66.70230552985832,61.23115116542393
16,43,508,3,0.8699656128883362,275.6617736816406,137.90496826171875,4.683387756347656,4.107899188995361,74.71197230237108,72.56203317022943,72.55305824698982,68.58197085507265,68.58197085507265,62.91432891471147
16,44,509,3,0.8699656128883362,262.81292724609375,137.46389770507812,4.783085823059082,4.870230674743652,82.9499499066607,76.72774675009133,76.712931310023,71.2123142970311,71.2123142970311,64.8148684789506
16,45,510,3,0.8699656128883362,250.45440673828125,137.69760131835938,4.8493757247924805,5.627840518951416,82.05243185921745,78.12950680186817,78.11229393317865,73.65375682666942,73.65375682666942,66.84965125773013
16,46,511,3,0.8699656128883362,238.99005126953125,137.55934143066406,4.930797576904297,6.353048801422119,78.73585817220804,78.706274880515,78.69100542097064,75.50164747666884,75.50164747666884,68.94141155148736
16,47,512,3,0.8699656128883362,226.03114318847656,137.6765594482422,5.01181173324585,7.200074195861816,91.80441007509336,82.05092446311014,82.04191095464594,77.6222399731616,77.6222399731616,71.110341706459
16,48,513,3,0.8699656128883362,213.77587890625,137.39389038085938,5.111712455749512,8.029090881347656,90.09145118378021,85.12682023939196,85.11642795223575,80.1349139142108,80.1349139142108,73.34416412466753
16,49,514,3,0.8699656128883362,201.310791015625,137.28280639648438,5.207463264465332,8.901687622070312,94.71140803395213,87.47911186485024,87.47313629973542,82.28695491215328,82.28695491215328,75.57054260785253
16,50,515,3,0.8699656128883362,188.10324096679688,137.53297424316406,5.292682647705078,9.860359191894531,103.84095513022743,91.83681651905223,91.83066346190431,85.03062881789842,85.03062881789842,77.92035088825621
16,51,516,3,0.8699656128883362,175.37216186523438,136.9797821044922,5.421883583068848,10.819519996643066,104.42051806530871,96.97374849767236,96.96020379766718,88.68446849323772,88.68446849323772,80.41637291628574
16,52,517,3,0.8699656128883362,163.715576171875,137.37606811523438,5.493671417236328,11.729613304138184,98.49688866278984,98.31224421521166,98.29181591113964,91.93444948453646,91.93444948453646,83.02790043883816
16,53,518,3,0.8699656128883362,150.27017211914062,137.0546875,5.624336242675781,12.819400787353516,118.42160410695261,103.97827479984615,103.95750565962359,95.70266502601403,95.70266502601403,85.91376008874462
16,54,519,3,0.8699656128883362,137.16079711914062,136.98284912109375,5.742829322814941,13.925686836242676,120.04224784843451,109.04444276274262,109.02375593766585,100.01278895360011,100.01278895360011,89.11240994309297
16,55,520,3,0.8699656128883362,125.54917907714844,137.18685913085938,5.835911273956299,14.94381332397461,110.30593523374208,110.33743878344555,110.31745163710801,103.71014658864085,103.71014658864085,92.48030032515442
16,56,521,3,0.8699656128883362,113.01820373535156,137.12876892089844,5.957204818725586,16.08526611328125,123.84709826001635,114.22275482238706,114.21214131327656,107.16053409176273,107.16053409176273,96.03366877938434
16,57,522,3,0.8699656128883362,100.0076904296875,137.18785095214844,6.081007480621338,17.3201847076416,133.9058418731232,121.30454546445375,121.2996194174478,111.76209479302437,111.76209479302437,99.85244963297374
16,58,523,3,0.8699656128883362,87.35814666748047,137.55825805664062,6.186692714691162,18.572589874267578,135.60489079097172,124.74120280125757,124.73640022697029,115.9178737064937,115.9178737064937,103.74293609201031
18,0,493,3,0.6963194012641907,326.84423828125,390.9803466796875,-7.062463283538818,1.3041157722473145,,,,,,
18,1,494,3,0.6963194012641907,335.5065002441406,390.7447204589844,-6.979377269744873,0.8632617592811584,48.402032413920914,48.402032413920914,,,,
18,2,495,3,0.6963194012641907,345.1373596191406,391.3470458984375,-6.927276134490967,0.3836221694946289,52.053741284540955,50.227886849230934,,,,
19,0,498,3,0.9128909707069397,35.18560791015625,307.0245056152344,-5.012147426605225,24.35451889038086,,,,,,
19,1,499,3,0.9128909707069397,41.8704833984375,308.11053466796875,-5.025871276855469,23.55239486694336,86.55551406410666,86.55551406410666,,,,
19,2,500,3,0.9128909707069397,48.0730094909668,306.70648193359375,-4.874369144439697,22.825395584106445,80.1225789896139,83.33904652686027,,,,
19,3,501,3,0.9128909707069397,54.99794006347656,305.3433532714844,-4.722892761230469,22.032649993896484,87.0784017351362,84.58549826295224,,,,
19,4,502,3,0.9128909707069397,61.736637115478516,307.6312561035156,-4.818825721740723,21.279722213745117,81.8916986753176,83.91204836604359,,,,
19,5,503,3,0.9128909707069397,72.91503143310547,307.63836669921875,-4.726561069488525,20.069263458251953,130.9777763816384,93.32519396916254,92.67416733961839,92.67416733961839,,
19,6,504,3,0.9128909707069397,85.97831726074219,304.6727600097656,-4.433882713317871,18.712430953979492,149.75855567238548,105.9658022908183,105.21710230992153,98.94563482476997,,
19,7,505,3,0.9128909707069397,99.4174575805664,303.616943359375,-4.270078659057617,17.37746238708496,145.1127917378337,118.96384484046227,118.27877703961079,105.39001556305023,,
19,8,506,3,0.9128909707069397,110.139892578125,302.3691101074219,-4.119702339172363,16.353988647460938,111.61028302751934,123.87022109893891,123.22588643351277,109.84898328066586,,
19,9,507,3,0.9128909707069397,125.4085693359375,301.9849548339844,-3.997469186782837,14.956371307373047,151.3674823673336,137.7653778373421,137.59420091931995,115.39802680839668,115.39802680839668,115.39802680839668
19,10,508,3,0.9128909707069397,138.888916015625,301.99090576171875,-3.9145147800445557,13.777286529541016,127.52839878246142,137.0755023175067,136.89700192385737,124.24259372524448,124.24259372524448,119.82031026682057
19,11,509,3,0.9128909707069397,151.67337036132812,301.03289794921875,-3.783756732940674,12.703591346740723,116.69912109603652,130.4636154022369,130.41797679859204,129.28276862297858,129.28276862297858,122.97446305220656
19,12,510,3,0.9128909707069397,165.86056518554688,301.10040283203125,-3.7078816890716553,11.559779167175293,123.67952262962255,126.17696158059468,126.12122908219712,130.85125903149586,129.28276862297858,124.55153944489956
19,13,511,3,0.9128909707069397,178.307861328125,301.06573486328125,-3.638723850250244,10.595187187194824,104.33900034749186,124.72270504458918,124.69851468111968,131.14578468101723,129.28276862297858,125.49778528051536
19,14,512,3,0.9128909707069397,190.2948760986328,300.25958251953125,-3.5326225757598877,9.698769569396973,97.39149914873943,113.92750840087035,113.8933038854456,126.40560527424236,126.40560527424236,125.6490886128032
19,15,513,3,0.9128909707069397,203.70220947265625,300.380126953125,-3.47247576713562,8.731911659240723,104.51799077349347,109.32542679907677,109.2882756586675,120.8838600212044,120.8838600212044,124.96834167114623
19,16,514,3,0.9128909707069397,216.827392578125,299.9138488769531,-3.385279655456543,7.820047855377197,98.83168622568532,105.75193982500653,105.729380330363,115.94614072755857,115.94614072755857,125.04664365959795
19,17,515,3,0.9128909707069397,228.5634765625,299.82464599609375,-3.3267621994018555,7.032211780548096,85.2354492221798,98.06312514351796,98.04328590720803,110.33055209256077,110.33055209256077,123.05920914064313
19,18,516,3,0.9128909707069397,243.23545837402344,299.5693359375,-3.2489426136016846,6.081913471221924,102.87289043049235,97.76990316011808,97.75184913353249,104.94121898304334,104.94121898304334,119.58184490636665
19,19,517,3,0.9128909707069397,255.53802490234375,299.00323486328125,-3.1685681343078613,5.313231945037842,83.38680538859639,94.96896440808946,94.95848466109086,101.15425513817237,101.15425513817237,115.56348583710863
19,20,518,3,0.9128909707069397,266.8660888671875,299.6456298828125,-3.153583288192749,4.627024173736572,74.05405563788932,88.87617738096863,88.84387897563863,97.0653758015666,97.0653758015666,110.96100114833548
19,21,519,3,0.9128909707069397,281.39520263671875,299.5638427734375,-3.0916240215301514,3.77573823928833,92.0899857531537,87.5278372864623,87.49955946153456,93.41941162780091,93.41941162780091,106.24868777027243
19,22,520,3,0.9128909707069397,294.1858215332031,301.8837890625,-3.1516478061676025,3.0518367290496826,78.37128567767071,86.15500457756049,85.97329260705115,91.00541296776953,91.00541296776953,101.98033819121031
19,23,521,3,0.9128909707069397,306.59222412109375,299.981201171875,-3.0153605937957764,2.3713996410369873,74.8719016274253,80.55480681694709,80.22552436881966,87.50014801482698,87.50014801482698,97.91662494653437
19,24,522,3,0.9128909707069397,322.3133544921875,300.62646484375,-2.9876434803009033,1.5383729934692383,89.92673729087684,81.86279319740318,81.54900271694858,84.8182516259985,84.8182516259985,94.27201059416832
19,25,523,3,0.9128909707069397,334.65277099609375,300.46728515625,-2.936753273010254,0.9063085317611694,68.41544885854502,80.73507184153432,80.42338425581987,83.13415268203477,83.13415268203477,91.15671540830996
19,26,524,3,0.9128909707069397,347.45037841796875,298.87255859375,-2.822352647781372,0.2700366973876953,69.74950084438571,76.26697485978072,75.87032775421599,80.80830634057106,80.80830634057106,88.25015129436692
19,27,525,3,0.9128909707069397,362.4405517578125,298.3883361816406,-2.7527198791503906,-0.45145297050476074,78.20473898659934,76.23366552156645,76.08400243860143,78.8304483068811,78.8304483068811,85.64516165226897
19,28,526,3,0.9128909707069397,373.83502197265625,299.7904968261719,-2.777255058288574,-0.9834694266319275,57.461386555796494,72.75156250724068,72.57487690532125,77.30031881418142,77.30031881418142,83.34243410746619
19,29,527,3,0.9128909707069397,389.41339111328125,298.0116271972656,-2.654116153717041,-1.6889734268188477,77.26906015203669,70.22002707947264,70.01193824943367,74.99290592067844,74.99290592067844,81.05493310073891
19,30,528,3,0.9128909707069397,401.60430908203125,298.368896484375,-2.6333913803100586,-2.2242136001586914,57.791463859550475,68.09523007967373,67.86816375000731,72.48186181951594,72.48186181951594,78.90946364426588
19,31,529,3,0.9128909707069397,413.5462646484375,299.77215576171875,-2.656825304031372,-2.734792947769165,55.145469221559075,65.1744237551084,64.9377857173954,70.2953534121518,70.2953534121518,76.83476389943064
19,32,530,3,0.9128909707069397,429.8909912109375,299.4250793457031,-2.596536159515381,-3.41253662109375,73.41193962287711,64.21586388236396,63.98432938369004,67.87541880116953,67.87541880116953,74.65494477359276
19,33,531,3,0.9128909707069397,440.55047607421875,299.2247009277344,-2.5593719482421875,-3.8419551849365234,46.50406058613475,62.02439868843162,61.86053174120801,65.73254976834687,65.73254976834687,72.50126526327502
19,34,532,3,0.9128909707069397,450.14593505859375,298.98907470703125,-2.5244452953338623,-4.220337867736816,40.9980519310935,54.77019704424299,54.69446839628877,62.66905579771791,62.66905579771791,70.19249490482314
19,35,533,3,0.9128909707069397,466.56231689453125,301.5975341796875,-2.583094596862793,-4.850414752960205,68.2741947821923,56.86674322877135,56.67966791204401,60.431356630125244,60.431356630125244,67.78264316424368
19,36,534,3,0.9128909707069397,480.1081848144531,298.93017578125,-2.445643663406372,-5.35455322265625,56.37797775802078,57.11324493606369,56.71366406725599,58.78653230009736,58.78653230009736,65.4674469327321
19,37,535,3,0.9128909707069397,492.4381103515625,298.1227111816406,-2.384993553161621,-5.80156946182251,48.671415159395046,52.16514004336727,51.753260777308626,56.34031857882108,56.34031857882108,63.1615121840614
19,38,536,3,0.9128909707069397,506.150146484375,299.52423095703125,-2.404984951019287,-6.285927772521973,52.30293109581306,53.32491414530294,52.84218726220069,54.53664968301962,54.53664968301962,60.91026879418537
19,39,537,3,0.9128909707069397,517.103759765625,300.05743408203125,-2.3989481925964355,-6.663538932800293,40.74647305133221,53.27459836935068,52.78992743401618,54.155741490565106,54.155741490565106,58.950314892670455
19,40,538,3,0.9128909707069397,529.3519897460938,299.366943359375,-2.3454625606536865,-7.07633638381958,44.90987987785072,48.60173538848237,48.30481179587015,52.48077026733032,52.48077026733032,57.05720353538238
19,41,539,3,0.9128909707069397,543.9308471679688,299.8475341796875,-2.330225944519043,-7.555150985717773,51.686467824282346,47.66343340173468,47.55069187709263,50.64817582929764,50.64817582929764,55.33993496846521
19,42,540,3,0.9128909707069397,556.741943359375,299.3134765625,-2.283228635787964,-7.965083122253418,44.518159462379046,46.83278226233148,46.73682659656018,49.644888993147966,49.644888993147966,53.79901102032559
19,43,541,3,0.9128909707069397,570.7180786132812,300.53985595703125,-2.2966208457946777,-8.401188850402832,47.07454634713126,45.78710531259512,45.70384868732342,48.21722127817251,48.21722127817251,52.28910944576489
19,44,542,3,0.9128909707069397,584.0100708007812,300.5546875,-2.269179582595825,-8.805590629577637,43.73209805159897,46.38423031264848,46.306837998427355,46.92060339105475,46.92060339105475,50.94343584751255
19,45,543,3,0.9128909707069397,595.6566772460938,299.68798828125,-2.2155492305755615,-9.151926040649414,37.812208200429936,44.96469597716431,44.87559369036725,46.234759769954174,46.234759769954174,49.75745157421749
19,46,544,3,0.9128909707069397,609.5047607421875,299.3170166015625,-2.175546169281006,-9.554330825805664,43.630300582824766,43.3534625288728,43.268076642290815,45.378236722993805,45.378236722993805,48.50352232170731
19,47,545,3,0.9128909707069397,621.9380493164062,298.24102783203125,-2.115612268447876,-9.907220840454102,38.619259973386896,42.173682631074364,42.064055577143804,44.44368251911053,44.44368251911053,47.355366929104484
19,48,546,3,0.9128909707069397,634.77294921875,299.4117431640625,-2.130575180053711,-10.263455390930176,38.46878724379258,40.45253081040663,40.34419121680322,43.37175102500648,43.37175102500648,46.315877671348595
19,49,547,3,0.9128909707069397,650.1331787109375,298.3465576171875,-2.067551374435425,-10.679400444030762,45.38941383361816,40.78399396681047,40.66726530229414,42.243836485779845,42.243836485779845,45.2585844560103
19,50,548,3,0.9128909707069397,663.2548828125,296.9764404296875,-2.0001704692840576,-11.026087760925293,38.10475172696414,40.842502672117305,40.70762287486683,41.41024232267976,41.41024232267976,44.286158890939916
19,51,549,3,0.9128909707069397,675.37890625,297.202880859375,-1.9869111776351929,-11.339581489562988,33.853740363449724,38.8871906282423,38.73734297928634,40.50409559007886,40.50409559007886,43.36951491937192
19,52,550,3,0.9128909707069397,689.5368041992188,297.7036437988281,-1.9792273044586182,-11.697630882263184,38.63959760218114,38.89125815400115,38.74615069988605,39.84051461462731,39.84051461462731,42.4560513257538
19,53,551,3,0.9128909707069397,702.2208251953125,297.1293640136719,-1.9405465126037598,-12.011292457580566,34.09796554249126,38.017093813740885,37.93781854055978,39.35924007937863,39.35924007937863,41.5961946623802
19,54,552,3,0.9128909707069397,714.0653076171875,297.01568603515625,-1.918222188949585,-12.298314094543457,31.060900006975444,35.15139104841235,35.081899702013075,38.24216695932241,38.24216695932241,40.710263868124756
19,55,553,3,0.9128909707069397,727.6668090820312,297.4952392578125,-1.911777377128601,-12.621125221252441,34.83571503664945,34.49758371034941,34.471201063036084,36.99488259695627,36.99488259695627,39.799282664117584
19,56,554,3,0.9128909707069397,740.9356689453125,296.91656494140625,-1.8739523887634277,-12.929265975952148,33.49549584574513,34.425934806808485,34.38937209107421,36.12528841931383,36.12528841931383,38.925204368908155
19,57,555,3,0.9128909707069397,753.25,297.12640380859375,-1.8619447946548462,-13.209439277648926,30.25623730250767,32.74926274687378,32.720455661282074,34.920149411593044,34.920149411593044,37.998048238752915
19,58,556,3,0.9128909707069397,766.8741455078125,297.465576171875,-1.852103352546692,-13.513107299804688,32.78058558910877,32.48578675619729,32.46294044471764,33.825173792424614,33.825173792424614,37.043916553373734
19,59,557,3,0.9128909707069397,780.1439819335938,297.405029296875,-1.831247091293335,-13.802701950073242,31.325903329458622,32.53878742069392,32.51652503227973,33.312098858477945,33.312098858477945,36.11128573106668
19,60,558,3,0.9128909707069397,791.7760009765625,297.9664306640625,-1.8311854600906372,-14.051691055297852,26.86395940485296,30.944436294334633,30.91829930628454,32.601518507127636,32.601518507127636,35.14589693503082
19,61,559,3,0.9128909707069397,805.455810546875,299.16339111328125,-1.8465608358383179,-14.33887004852295,31.02872314510288,30.451081754206182,30.422772418011675,31.80819857251513,31.80819857251513,34.22675859405835
19,62,560,3,0.9128909707069397,818.0579833984375,298.0076904296875,-1.7960681915283203,-14.598183631896973,28.503339488308626,30.10050219136637,30.000608903425675,31.264229220943854,31.264229220943854,33.40809382605658
20,0,502,3,0.5832712650299072,415.3415222167969,391.7305908203125,-6.41627836227417,-2.8104074001312256,,,,,,
21,0,505,3,0.5924317240715027,445.42431640625,389.25262451171875,-6.115586757659912,-4.035099506378174,,,,,,
21,1,506,3,0.5924317240715027,455.19500732421875,389.537109375,-6.064714431762695,-4.416413307189941,41.50526757006878,41.50526757006878,,,,
28,0,599,3,0.9174758195877075,40.24496841430664,299.89520263671875,-4.4743475914001465,23.745641708374023,,,,,,
28,1,600,3,0.9174758195877075,46.63946533203125,300.893310546875,-4.490786075592041,22.99197769165039,81.33373703513588,81.33373703513588,,,,
28,2,601,3,0.9174758195877075,52.707984924316406,300.9956359863281,-4.449080467224121,22.29262924194336,75.58822989106535,78.46098346310062,,,,
28,3,602,3,0.9174758195877075,58.2856330871582,300.2745666503906,-4.3571271896362305,21.663070678710938,68.64510811530387,75.18902501383504,,,,
28,4,603,3,0.9174758195877075,64.70372772216797,299.237060546875,-4.23982048034668,20.95382308959961,77.5618191127415,75.78222353856165,,,,
28,5,604,3,0.9174758195877075,73.30236053466797,298.42144775390625,-4.124068260192871,20.028156280517578,100.64995705664575,80.75577024217847,80.57278110073521,80.57278110073521,,
28,6,605,3,0.9174758195877075,84.81968688964844,298.3651123046875,-4.040353775024414,18.83035659790039,129.54837387496536,90.39869761014437,90.32568536200128,85.44923323136825,,
28,7,606,3,0.9174758195877075,98.37576293945312,298.313232421875,-3.946794033050537,17.478822708129883,146.1688050261506,104.51481263716141,104.43827755801327,91.77891467358326,,
28,8,607,3,0.9174758195877075,110.72814178466797,298.1341247558594,-3.8570573329925537,16.298864364624023,127.67582006387778,116.3209550268762,116.25299101228362,97.89743375825836,,
28,9,608,3,0.9174758195877075,122.0924072265625,297.98828125,-3.778742551803589,15.254157066345215,113.0319299040498,123.41497718513786,123.39157653259826,102.99626231312634,102.99626231312634,102.99626231312634
28,10,609,3,0.9174758195877075,135.46815490722656,297.81793212890625,-3.6901869773864746,14.071812629699707,127.92293270389277,128.8695723145873,128.86904241083624,112.65551457514653,112.65551457514653,107.82588844413644
28,11,610,3,0.9174758195877075,147.63418579101562,297.96685791015625,-3.6302976608276367,13.03829574584961,111.69537630948152,125.2989728014905,125.2963490062184,119.64964730398997,119.64964730398997,111.76714139742096
28,12,611,3,0.9174758195877075,159.2238006591797,297.6158142089844,-3.5473520755767822,12.088799476623535,102.83330199006315,116.631872194273,116.62713392869338,122.08741857812599,122.08741857812599,114.34721069259722
28,13,612,3,0.9174758195877075,172.17544555664062,297.2421569824219,-3.4590392112731934,11.066000938415527,110.76247561108934,113.2492033037153,113.2430965488369,121.48543968543663,121.48543968543663,115.77485649116511
28,14,613,3,0.9174758195877075,184.57655334472656,297.1260986328125,-3.390768051147461,10.122529029846191,102.05932740088585,111.05468280308253,111.0484615787045,119.01681669465788,119.01681669465788,116.31518319174724
28,15,614,3,0.9174758195877075,196.45486450195312,296.904541015625,-3.3217055797576904,9.249977111816406,94.4358902377682,104.35727430985762,104.35097205650796,114.11320262379225,114.11320262379225,116.00061453918225
28,16,615,3,0.9174758195877075,209.26486206054688,296.93701171875,-3.2640926837921143,8.341375350952148,98.22783389172473,101.66376582630626,101.65971952242094,109.38587672703275,109.38587672703275,116.91341659831173
28,17,616,3,0.9174758195877075,221.14501953125,297.1077575683594,-3.219761610031128,7.527259349822998,87.96682010044704,98.69046944838303,98.68433568384741,105.79731707806354,105.79731707806354,115.93367409872845
28,18,617,3,0.9174758195877075,232.84144592285156,296.631591796875,-3.144632577896118,6.751242160797119,84.1175902497161,93.36149237610837,93.35253674548109,101.81920511739239,101.81920511739239,113.38646807207162
28,19,618,3,0.9174758195877075,245.2977294921875,296.43341064453125,-3.0826892852783203,5.951308250427246,86.5649288589066,90.26261266771253,90.25352584732163,97.6602179711158,97.6602179711158,109.8968679853559
28,20,619,3,0.9174758195877075,257.6363220214844,296.1083984375,-3.0169641971588135,5.184593677520752,83.02583418168746,87.98060145649639,87.97066961968696,94.3841574837516,94.3841574837516,106.02525624225802
28,21,620,3,0.9174758195877075,269.48651123046875,295.7862548828125,-2.9553186893463135,4.471137523651123,77.26309230396677,83.78765313894478,83.77898689750192,90.8080109587678,90.8080109587678,101.99542685141658
28,22,621,3,0.9174758195877075,282.99859619140625,295.8845520019531,-2.909532308578491,3.683708667755127,85.10086395881035,83.21446191061746,83.20747798496669,87.71263941899164,87.71263941899164,98.22391782215936
28,23,622,3,0.9174758195877075,294.5386962890625,296.822021484375,-2.9118499755859375,3.0321924686431885,70.29389977812409,80.44972381629904,80.40826913717386,85.12378589733021,85.12378589733021,94.75790484648756
28,24,623,3,0.9174758195877075,305.72332763671875,296.715576171875,-2.866881847381592,2.418379068374634,66.40310077876835,76.41735820027141,76.37713181746233,82.34850709135836,82.34850709135836,91.40807484838682
28,25,624,3,0.9174758195877075,319.021240234375,298.80462646484375,-2.916267156600952,1.7101929187774658,76.59325280508676,75.13084192495127,75.00356470311915,79.7550861080448,79.7550861080448,88.25605784705145
28,26,625,3,0.9174758195877075,331.208740234375,297.60723876953125,-2.8199820518493652,1.0808528661727905,68.69090877689206,73.41640521953632,73.21525272670445,77.6423392738853,77.6423392738853,85.39636089030424
28,27,626,3,0.9174758195877075,342.56414794921875,297.03558349609375,-2.7569289207458496,0.5107108354568481,61.888854582231126,68.77400334422047,68.5474283330805,74.71032934350806,74.71032934350806,82.58581401312658
28,28,627,3,0.9174758195877075,354.6044921875,295.9921875,-2.672724962234497,-0.07742480933666229,64.10224454386251,67.53567229736817,67.29873329490334,72.08842217505395,72.08842217505395,79.91158704402461
28,29,628,3,0.9174758195877075,367.342041015625,295.327392578125,-2.6051249504089355,-0.6820047497749329,65.63589146563581,67.38223043474166,67.13939689613366,70.24087519078823,70.24087519078823,77.41562072570984
28,30,629,3,0.9174758195877075,378.716796875,295.2889404296875,-2.5700674057006836,-1.2072193622589111,56.79260815059269,63.42210150384284,63.39485004588917,67.91913225934222,67.91913225934222,74.95781306314014
28,31,630,3,0.9174758195877075,391.7156982421875,295.5011291503906,-2.5418503284454346,-1.7911667823791504,63.07682933864536,62.2992856161935,62.2635827078805,65.72879825557744,65.72879825557744,72.58356894374286
28,32,631,3,0.9174758195877075,403.2607421875,295.6427001953125,-2.515519380569458,-2.2958340644836426,54.52368118903496,60.826250937554256,60.78443612966623,64.17619981489459,64.17619981489459,70.35801375900711
28,33,632,3,0.9174758195877075,414.8864440917969,295.2855224609375,-2.4692015647888184,-2.7912678718566895,53.68648792480255,58.74309961374227,58.724895747867855,62.461432305487484,62.461432305487484,68.18931276352171
28,34,633,3,0.9174758195877075,426.0797119140625,295.4707336425781,-2.4471075534820557,-3.256620407104492,50.26442223376446,55.668805767368006,55.66068357759184,60.16568964177911,60.16568964177911,66.11150709184615
28,35,634,3,0.9174758195877075,439.4762268066406,295.48431396484375,-2.4130494594573975,-3.799116849899292,58.6463195103389,56.03954803931724,56.03159562452928,58.693038757507146,58.693038757507146,64.19788088933947
28,36,635,3,0.9174758195877075,451.2158203125,294.50701904296875,-2.3450043201446533,-4.262057781219482,50.48433872131439,53.52104991585105,53.48685376055829,56.9376929680427,56.9376929680427,62.29742628609011
28,37,636,3,0.9174758195877075,462.84906005859375,294.35675048828125,-2.3110544681549072,-4.709761142730713,48.44234111187579,52.30478190041922,52.275257129650136,55.23585716803948,55.23585716803948,60.48552984447543
28,38,637,3,0.9174758195877075,476.3742370605469,294.4645690917969,-2.2834410667419434,-5.2169718742370605,54.805070370227305,52.52849838950417,52.49611895520252,53.990101809506406,53.990101809506406,58.808573209322425
28,39,638,3,0.9174758195877075,488.2366638183594,293.74359130859375,-2.228895664215088,-5.650490760803223,47.1420383358097,51.904021609913215,51.87010712675996,53.23198651934003,53.23198651934003,57.24511416710034
28,40,639,3,0.9174758195877075,499.36456298828125,294.52471923828125,-2.2335848808288574,-6.047884941101074,42.878679700426524,48.75049364793074,48.67914506605455,51.76149640764508,51.76149640764508,55.71655189597999
28,41,640,3,0.9174758195877075,512.4866333007812,295.00311279296875,-2.2225842475891113,-6.5053582191467285,49.3720231594501,48.52803053555788,48.478908329219614,50.759907321377355,50.759907321377355,54.372868707351174
28,42,641,3,0.9174758195877075,524.846435546875,294.28521728515625,-2.1697137355804443,-6.925625801086426,45.7009541523921,47.97975314366114,47.91203478833179,49.88726285311369,49.88726285311369,53.11490072100924
28,43,642,3,0.9174758195877075,535.8016357421875,293.4761962890625,-2.1176438331604004,-7.289812088012695,39.69240831685709,44.9572207329871,44.871472788381055,48.3623336197494,48.3623336197494,51.88984938553877
28,44,643,3,0.9174758195877075,549.7109375,294.35028076171875,-2.1210336685180664,-7.7413330078125,48.71691678549264,45.2721964229237,45.17707291182938,47.023726776763276,47.023726776763276,50.71668790107075
28,45,644,3,0.9174758195877075,561.4497680664062,293.5747375488281,-2.070340394973755,-8.11325740814209,40.49873340141761,44.79620716312191,44.706472078641575,46.22919217928069,46.22919217928069,49.607986525324215
28,46,645,3,0.9174758195877075,571.3025512695312,296.506591796875,-2.1541216373443604,-8.419180870056152,34.222123148915294,41.76622716101495,41.32368743241012,44.79814799991878,44.79814799991878,48.40315245112119
28,47,646,3,0.9174758195877075,585.8289184570312,295.00811767578125,-2.073730707168579,-8.860163688659668,48.362697992886936,42.298575929113916,41.79562331436873,43.57486570512617,43.57486570512617,47.23363377933276
28,48,647,3,0.9174758195877075,597.6849365234375,294.01336669921875,-2.017487049102783,-9.211494445800781,38.3884688833734,42.037788042417176,41.523155037101574,42.90520215487028,42.90520215487028,46.11153304126032
28,49,648,3,0.9174758195877075,610.0325927734375,292.99517822265625,-1.960781455039978,-9.56947135925293,39.10444987999214,40.11529466131707,39.59961213789263,41.78971000008293,41.78971000008293,44.95473977654165
28,50,649,3,0.9174758195877075,622.77783203125,293.43975830078125,-1.953542709350586,-9.930776596069336,38.989806746864886,39.81350933040653,39.30009047349135,40.70843367905288,40.70843367905288,43.86132549929929
28,51,650,3,0.9174758195877075,635.3233642578125,291.5717468261719,-1.8703473806381226,-10.278553009033203,38.581031662124495,40.685291033048365,40.58689742417007,40.56107567740487,40.56107567740487,42.93808962796237
28,52,651,3,0.9174758195877075,646.3702392578125,291.57159423828125,-1.8524439334869385,-10.578526496887207,32.422363579451854,37.497224150361355,37.38575143652124,39.679101301835374,39.679101301835374,42.0023623597559
28,53,652,3,0.9174758195877075,659.2529296875,292.04071044921875,-1.8471906185150146,-10.921178817749023,36.973825225106005,37.21429541870788,37.07485227556258,38.78944074952758,38.78944074952758,41.143975609700014
28,54,653,3,0.9174758195877075,671.6678466796875,290.952392578125,-1.7928777933120728,-11.244308471679688,35.35218791409091,36.46384302552762,36.32149634423194,38.13381759079543,38.13381759079543,40.36668302193848
28,55,654,3,0.9174758195877075,683.6905517578125,290.8651123046875,-1.7720214128494263,-11.550811767578125,33.14575937006261,35.295033550167176,35.17655954732523,37.30911140556221,37.30911140556221,39.567241486323034
28,56,655,3,0.9174758195877075,696.058837890625,291.47467041015625,-1.7729551792144775,-11.859739303588867,33.33099417157702,34.245026052057675,34.18416557731209,36.028565036190614,36.028565036190614,38.744220777195565
28,57,656,3,0.9174758195877075,708.1224975585938,290.6350402832031,-1.7292702198028564,-12.155003547668457,32.203463169482795,34.20124597006387,34.12156233658919,35.375727216204204,35.375727216204204,37.98240556821718
28,58,657,3,0.9174758195877075,720.2810668945312,290.3537902832031,-1.703497052192688,-12.446722984313965,31.596823053045586,33.125845535651784,33.06454068773634,34.57366489863896,34.57366489863896,37.127061171250624
28,59,658,3,0.9174758195877075,732.6055908203125,290.60162353515625,-1.6941251754760742,-12.736587524414062,31.290437077189775,32.31349536827156,32.27145740916798,33.76365711162616,33.76365711162616,36.28199771550645
28,60,659,3,0.9174758195877075,744.4811401367188,290.5715026855469,-1.6771531105041504,-13.010497093200684,29.609359227693993,31.60621533979783,31.564159374256114,33.04117707701234,33.04117707701234,35.46081719086142
28,61,660,3,0.9174758195877075,756.0684204101562,290.4049987792969,-1.6568001508712769,-13.272795677185059,28.385014681668427,30.617019441816115,30.594368628807715,32.32321768731147,32.32321768731147,34.63073149036371
28,62,661,3,0.9174758195877075,768.8728637695312,290.91265869140625,-1.6552144289016724,-13.557110786437988,30.675832327310136,30.31149327338158,30.297432174453967,31.558391654884424,31.558391654884424,33.80920009740974
28,63,662,3,0.9174758195877075,781.3116455078125,290.6922607421875,-1.6327838897705078,-13.827898979187012,29.315970041654204,29.855322671103306,29.842633276909858,30.914010172719127,30.914010172719127,33.0785494026281
28,64,663,3,0.9174758195877075,792.500244140625,290.446533203125,-1.611594319343567,-14.067046165466309,25.903179273976907,28.777871110460733,28.764379465139353,30.212594583913397,30.212594583913397,32.34095902658655
28,65,664,3,0.9174758195877075,805.2427978515625,290.25213623046875,-1.5903613567352295,-14.334444046020508,28.940934520382267,28.644186168998385,28.630007706679308,29.62576425039804,29.62576425039804,31.63411607683785
29,0,862,3,0.8796292543411255,489.9847412109375,73.49148559570312,6.117349624633789,-5.713503837585449,,,,,,
29,1,863,3,0.8796292543411255,488.5557556152344,75.1269302368164,6.064087867736816,-5.6620097160339355,7.993094064853526,7.993094064853526,,,,
29,2,864,3,0.8796292543411255,487.1251220703125,76.66533660888672,6.014369487762451,-5.610307693481445,7.738967756410459,7.866030910631993,,,,
29,3,865,3,0.8796292543411255,486.77349853515625,78.3353271484375,5.953037738800049,-5.5975775718688965,6.758249514586442,7.4967704452834765,,,,
29,4,866,3,0.8796292543411255,486.3338623046875,80.6889419555664,5.866196155548096,-5.581648349761963,9.525840664719725,8.004038000142538,,,,
29,5,867,3,0.8796292543411255,485.7716369628906,82.93754577636719,5.783985137939453,-5.5612568855285645,9.138699029232715,8.230970205960574,7.908160750801628,7.908160750801628,,
29,6,868,3,0.8796292543411255,484.095947265625,85.37258911132812,5.700976848602295,-5.5003437995910645,11.108580853912857,8.85406756377244,8.57685877012087,8.24250976046125,,
29,7,869,3,0.8796292543411255,483.361328125,87.31138610839844,5.6312761306762695,-5.473574638366699,8.055703414903654,8.917414695471079,8.777311584213516,8.420777035045338,,
29,8,870,3,0.8796292543411255,481.21343994140625,88.68816375732422,5.590893745422363,-5.395078659057617,9.52410272189549,9.470585336932889,8.953201044332255,8.553883037367067,,
29,9,871,3,0.8796292543411255,479.7980651855469,90.24073028564453,5.539492607116699,-5.343166351318359,7.8820072032593105,9.141818644640805,8.728168156001713,8.588740061093997,8.588740061093997,8.588740061093997
29,10,872,3,0.8796292543411255,477.60809326171875,92.04731750488281,5.48251485824585,-5.262549877166748,10.65102198740819,9.4442832362759,9.157750966189267,8.838658104171525,8.838658104171525,8.713699082632761
29,11,873,3,0.8796292543411255,476.2486572265625,94.04258728027344,5.413459300994873,-5.212326526641846,9.21265645460649,9.065098356414627,8.781656923589413,8.879617734865231,8.879617734865231,8.769005300043585
29,12,874,3,0.8796292543411255,474.65301513671875,96.51615905761719,5.3270978927612305,-5.153199195861816,11.292306812374028,9.712419035908702,9.532799349202739,9.030715287863078,9.030715287863078,8.834432796998458
29,13,875,3,0.8796292543411255,473.11004638671875,98.29513549804688,5.2669358253479,-5.095840930938721,8.968323558479636,9.601263203225532,9.516351754134233,9.143345429823473,9.143345429823473,8.896215323563462
29,14,876,3,0.8796292543411255,471.86712646484375,99.79924774169922,5.215592861175537,-5.049505233764648,7.461810892040318,9.517223940981733,9.43418580454427,9.284548959531985,9.284548959531985,8.960937596224882
29,15,877,3,0.8796292543411255,470.22564697265625,101.81810760498047,5.14633321762085,-4.988130569458008,9.984391493039888,9.383897842108071,9.364240438668997,9.32584685402793,9.32584685402793,9.013067490196747
29,16,878,3,0.8796292543411255,468.501708984375,103.83777618408203,5.077238082885742,-4.9234514236450195,10.21136505739553,9.58363956266588,9.565194860681311,9.48255444144631,9.48255444144631,9.140755258818505
29,17,879,3,0.8796292543411255,467.040771484375,106.26710510253906,4.990666389465332,-4.868460178375244,11.065489196634434,9.538276039517962,9.510736317782255,9.478141835162214,9.478141835162214,9.23211007753146
29,18,880,3,0.8796292543411255,464.77569580078125,108.42973327636719,4.918251991271973,-4.782873630523682,12.09590440387135,10.163792208596304,10.110335273818894,9.596938539099146,9.596938539099146,9.334584478136305
29,19,881,3,0.8796292543411255,462.916015625,110.91981506347656,4.830727577209473,-4.712306499481201,12.130184160484061,11.097466862285053,11.041412820349207,9.918383942260132,9.918383942260132,9.461394285907314
29,20,882,3,0.8796292543411255,460.79547119140625,113.00570678710938,4.759914875030518,-4.6315107345581055,11.591446804595398,11.418877924596156,11.346574358411363,10.314850726208608,10.314850726208608,9.628752185390903
29,21,883,3,0.8796292543411255,458.9693603515625,115.16227722167969,4.684601306915283,-4.561648845672607,11.083422483621419,11.593289409841333,11.521033592871971,10.706018472646738,10.706018472646738,9.831819258693011
29,22,884,3,0.8796292543411255,457.6903076171875,117.3071517944336,4.606849193572998,-4.512558460235596,9.920946129790314,11.364380796472508,11.2948495786745,11.062841124825187,11.062841124825187,10.079961297378334
29,23,885,3,0.8796292543411255,456.4141845703125,119.31057739257812,4.534420967102051,-4.463450908660889,9.44126828328951,10.83345357235614,10.775329754664586,11.195840020994325,11.195840020994325,10.324716380170909
29,24,886,3,0.8796292543411255,454.91497802734375,120.40829467773438,4.49838924407959,-4.405592441558838,7.354006186112776,9.878217977481885,9.758655388991196,10.939288534722722,10.939288534722722,10.533451622965265
29,25,887,3,0.8796292543411255,452.2574462890625,122.02523803710938,4.447188377380371,-4.302587032318115,12.410708389558517,10.042070294474508,9.793576946506253,10.628689052341702,10.628689052341702,10.680844553428487
29,26,888,3,0.8796292543411255,449.0045471191406,124.35189819335938,4.370405673980713,-4.175726413726807,15.999057909825463,11.025197379715317,10.738490511487415,10.47218043606479,10.47218043606479,10.759958338257723
29,27,889,3,0.8796292543411255,447.1365051269531,126.85454559326172,4.279909610748291,-4.102483749389648,12.56098899688873,11.553205953134999,11.316863735477169,10.476583267425324,10.476583267425324,10.78306298700297
29,28,890,3,0.8796292543411255,444.3932189941406,129.11575317382812,4.202491283416748,-3.99440336227417,14.34395756278481,12.53374380903406,12.39929375472245,10.801376067436896,10.801376067436896,10.796685500544422
29,29,891,3,0.8796292543411255,441.18109130859375,130.90586853027344,4.145423889160156,-3.8670575618743896,15.056126660757608,14.074167903963026,13.894297574068998,11.628504504452458,11.628504504452458,10.877494554776888
29,30,892,3,0.8796292543411255,438.4020080566406,133.01715087890625,4.073270797729492,-3.7561824321746826,14.272525058045135,14.446531237660349,14.287007700551401,12.527190655261487,12.527190655261487,11.06768750252934
29,31,893,3,0.8796292543411255,436.7852783203125,134.77764892578125,4.009804725646973,-3.691380739212036,9.786237072158645,13.203967070126984,13.029933237767482,12.9854792005175,12.9854792005175,11.360000454785737
29,32,894,3,0.8796292543411255,434.59759521484375,137.10122680664062,3.925931453704834,-3.6033401489257812,13.11937427068209,13.315644124885656,13.204245848374647,13.362955623096997,13.362955623096997,11.750609964893636
29,33,895,3,0.8796292543411255,431.5907897949219,139.18585205078125,3.8546297550201416,-3.481666326522827,15.215637979212103,13.489980208171115,13.370038841392372,13.557104640430982,13.557104640430982,12.191313422660233
29,34,896,3,0.8796292543411255,429.10174560546875,141.01852416992188,3.7909433841705322,-3.3803534507751465,12.911152321618276,13.060985340343251,12.992599460628483,13.376765017742878,13.376765017742878,12.605625101277028
29,35,897,3,0.8796292543411255,426.7505798339844,142.51902770996094,3.739800453186035,-3.2841572761535645,11.754450085875275,12.557370345909279,12.470950375308284,13.013553552694253,13.013553552694253,12.921650456313793
29,36,898,3,0.8796292543411255,423.87078857421875,144.27297973632812,3.680211067199707,-3.1656711101531982,14.309385201552292,13.461999971788007,13.389103800862225,13.085387665313203,13.085387665313203,13.129776622151043
29,37,899,3,0.8796292543411255,420.2614440917969,146.46929931640625,3.60508394241333,-3.0161304473876953,18.055896361271937,14.449304389905976,14.439146668760928,13.332367829390458,13.332367829390458,13.244801932740897
29,38,900,3,0.8796292543411255,416.9349670410156,148.5872039794922,3.5314953327178955,-2.8772757053375244,16.955175659396907,14.797211925942936,14.788759671724762,13.616111995456937,13.616111995456937,13.334892332017958
29,39,901,3,0.8796292543411255,411.66748046875,150.5244140625,3.472099542617798,-2.655344247817993,24.78735888754571,17.172453239128423,17.090595971335183,14.435711297598278,14.435711297598278,13.488143142660999
29,40,902,3,0.8796292543411255,409.2577819824219,154.12249755859375,3.332944631576538,-2.5529685020446777,18.63908630746466,18.5493804834463,18.05597899796127,15.552717022128874,15.552717022128874,13.773230625760698
29,41,903,3,0.8796292543411255,406.3883056640625,156.11288452148438,3.2611231803894043,-2.4303550720214844,15.331454746253957,18.75379439238663,18.263100625037197,16.527516386963867,16.527516386963867,14.223337964220837
29,42,904,3,0.8796292543411255,403.8258056640625,157.2777099609375,3.2219996452331543,-2.3202064037323,12.611558149149129,17.664926749962074,17.141795992017627,17.068046251615208,17.068046251615208,14.802551206923832
29,43,905,3,0.8796292543411255,401.916259765625,158.07388305664062,3.1956865787506104,-2.2377216815948486,9.341305220401011,16.142152662162893,15.587282180786133,17.227750753427483,17.227750753427483,15.39431736236873
29,44,906,3,0.8796292543411255,399.15045166015625,160.17816162109375,3.1177468299865723,-2.117633819580078,15.446178265265768,14.273916537706906,13.895873137406417,16.588806186641726,16.588806186641726,15.859522841976055
29,45,907,3,0.8796292543411255,396.2603759765625,162.24130249023438,3.0414676666259766,-1.9913657903671265,15.916234725243323,13.72934622126264,13.653471753313825,15.70830473771224,15.70830473771224,16.158407519441095
29,46,908,3,0.8796292543411255,393.62322998046875,163.1370849609375,3.012808322906494,-1.8754417896270752,12.883841217338265,13.239823515479497,13.118349993740999,14.679354611452998,14.679354611452998,16.193213707134625
29,47,909,3,0.8796292543411255,390.0345458984375,164.55250549316406,2.9652702808380127,-1.7165964841842651,17.889180859842977,14.29534805761827,14.154109897670688,14.081817392583613,14.081817392583613,15.983085188628163
29,48,910,3,0.8796292543411255,386.77044677734375,166.48342895507812,2.894514799118042,-1.5710116624832153,17.46429001296555,15.919945016131177,15.786303483046494,14.121621653035684,14.121621653035684,15.639385940924138
29,49,911,3,0.8796292543411255,383.6095886230469,168.4140625,2.8229265213012695,-1.4290157556533813,17.157124294029487,16.26213422188392,16.16386247800661,14.575219521155722,14.575219521155722,15.28326783657278
29,50,912,3,0.8796292543411255,380.9077453613281,169.31460571289062,2.7932119369506836,-1.3068397045135498,13.566093904512387,15.792106057737731,15.712393485344613,14.987003867561878,14.987003867561878,14.963161138591982
29,51,913,3,0.8796292543411255,375.911376953125,170.46707153320312,2.759716272354126,-1.078938603401184,24.852887852923136,18.185915384854706,18.03409988944466,15.970153846702612,15.970153846702612,14.874782232886393
29,52,914,3,0.8796292543411255,372.3642883300781,172.38136291503906,2.6886420249938965,-0.9155738353729248,19.221637989733956,18.4524068108329,18.286492274357723,16.796630322040023,16.796630322040023,15.030257316361789
29,53,915,3,0.8796292543411255,369.0360107421875,173.6444549560547,2.644406318664551,-0.7610849738121033,17.337965203093717,18.427141848858536,18.291266552813642,17.297622935993452,17.297622935993452,15.404295648438998
29,54,916,3,0.8796292543411255,365.8564453125,174.54452514648438,2.6150941848754883,-0.6123998165130615,16.350718823584405,18.26586075476952,18.183016991400933,17.701453838672315,17.701453838672315,15.92138656930881
29,55,917,3,0.8796292543411255,361.32269287109375,176.50509643554688,2.543482780456543,-0.3985080420970917,24.336279927195605,20.419897959306162,20.327640365768264,18.624503214757045,18.624503214757045,16.564655363840433
29,56,918,3,0.8796292543411255,358.1107482910156,177.1690673828125,2.523937225341797,-0.24562089145183563,16.629569418542275,18.77523427242999,18.687586970143503,18.755200630896812,18.755200630896812,17.161795522374874
29,57,919,3,0.8796292543411255,354.701904296875,178.79922485351562,2.4624834060668945,-0.08211615681648254,18.84575037808566,18.700056750100334,18.63505575921271,18.824913327867808,18.824913327867808,17.71006830241858
29,58,920,3,0.8796292543411255,350.63092041015625,180.06642150878906,2.41837215423584,0.1148490384221077,21.777397864586586,19.587943282398907,19.52044389821909,19.070748796948898,19.070748796948898,18.15301043816805
29,59,921,3,0.8796292543411255,347.5186462402344,181.42428588867188,2.3671743869781494,0.2666935920715332,17.289010199395328,19.77560155756109,19.709375164249206,19.376020431518555,19.376020431518555,18.521494739522126
29,60,922,3,0.8796292543411255,343.0740051269531,182.6017303466797,2.3272411823272705,0.48546838760375977,23.994067570308108,19.70715908618359,19.637250376271677,19.23794243361924,19.23794243361924,18.798683239182953
29,61,923,3,0.8796292543411255,338.0478820800781,183.7681427001953,2.2889533042907715,0.7356343865394592,27.305229679568782,21.842291138388894,21.772610724389136,19.854947184468365,19.854947184468365,19.106325145725247
29,62,924,3,0.8796292543411255,333.6669921875,184.5716552734375,2.2647809982299805,0.9561221599578857,23.931422850468774,22.859425632865516,22.8061056756354,20.689157167752903,20.689157167752903,19.40127571043894
29,63,925,3,0.8796292543411255,330.5283508300781,185.49549865722656,2.231612205505371,1.1155047416687012,17.564548895909237,22.01685583913005,21.965423664012988,21.17815312091168,21.17815312091168,19.747411780441066
29,64,926,3,0.8796292543411255,325.3165588378906,186.66587829589844,2.1924798488616943,1.3828157186508179,29.148146822735978,24.388683163798177,24.377378336080422,22.111753755277924,22.111753755277924,20.216960412928223
29,65,927,3,0.8796292543411255,321.85308837890625,187.79751586914062,2.1500840187072754,1.5623129606246948,19.89919774896734,23.569709199530024,23.54895870883267,22.894095421790123,22.894095421790123,20.763152787905543
29,66,928,3,0.8796292543411255,318.1298828125,189.15676879882812,2.097580671310425,1.7569496631622314,21.750376953349843,22.458738654286233,22.42192545613566,23.023958368139425,23.023958368139425,21.284286778851385
29,67,929,3,0.8796292543411255,314.1539306640625,189.93264770507812,2.072052240371704,1.9667456150054932,22.802287346118693,22.23291155341622,22.200664916595855,22.902870216331518,22.902870216331518,21.80784789066742
29,68,930,3,0.8796292543411255,310.8653259277344,191.1902618408203,2.02232027053833,2.141812324523926,19.635659057300884,22.647133585694547,22.601894660667703,23.030164415662465,23.030164415662465,22.26145035226657
29,69,931,3,0.8796292543411255,304.8233337402344,192.36959838867188,1.9825084209442139,2.4671459197998047,35.362769911934684,23.890058203534288,23.832778759174175,22.921244500281215,22.921244500281215,22.580319971199195
29,70,932,3,0.8796292543411255,300.4496765136719,193.6326904296875,1.9341763257980347,2.705681324005127,26.25907009298151,25.162032672337126,25.108118181104782,23.233076394735637,23.233076394735637,22.873880438888328
29,71,933,3,0.8796292543411255,296.29705810546875,194.41030883789062,1.907616376876831,2.9345624446868896,24.86017724493524,25.783992730654205,25.739524223945,23.896596148297505,23.896596148297505,23.128857923605413
29,72,934,3,0.8796292543411255,291.37835693359375,195.54513549804688,1.8656920194625854,3.208744525909424,29.925905979358465,27.20871645730216,27.167787180318463,24.89002060104202,24.89002060104202,23.41399009206997
29,73,935,3,0.8796292543411255,288.76177978515625,195.32852172851562,1.8820955753326416,3.3559792041778564,15.983744398816363,26.47833352560525,26.373952776044757,25.644432224117434,25.644432224117434,23.788343500066823
29,74,936,3,0.8796292543411255,283.6079406738281,195.63897705078125,1.8795245885849,3.648832082748413,31.597729805823448,25.725325504383,25.595573040393447,25.996991080361294,25.996991080361294,24.230360766356796
29,75,937,3,0.8796292543411255,279.57537841796875,196.4822998046875,1.84867262840271,3.8806443214416504,25.231246526662883,25.519760791119282,25.420890011630217,26.059545446466377,26.059545446466377,24.663129485043072
29,76,938,3,0.8796292543411255,276.18499755859375,197.23724365234375,1.8202747106552124,4.077385425567627,21.446798052582945,24.837084952648823,24.73223121254356,25.85808684418609,25.85808684418609,25.082678391315195
29,77,939,3,0.8796292543411255,271.6956787109375,198.271240234375,1.780626893043518,4.340529918670654,28.71166433130468,24.594236623038064,24.491027256587408,25.32273485943988,25.32273485943988,25.38120102913009
29,78,940,3,0.8796292543411255,267.0630798339844,198.92364501953125,1.7594518661499023,4.615268707275391,29.73005702564647,27.343499148404085,27.302045755453044,25.508353455321537,25.508353455321537,25.611452072990662
29,79,941,3,0.8796292543411255,261.32452392578125,199.68515014648438,1.735160231590271,4.960184574127197,37.30587680618484,28.485128548476364,28.467872592952702,26.082813365833385,26.082813365833385,25.781851039389426
29,80,942,3,0.8796292543411255,257.9245300292969,200.41036987304688,1.7070715427398682,5.166979789733887,22.516449610074677,27.942169165158724,27.924759833367318,26.58358733018081,26.58358733018081,25.916016054541338
29,81,943,3,0.8796292543411255,252.45187377929688,200.63980102539062,1.7079522609710693,5.503722190856934,36.33197287579516,30.919204129801166,30.873380960165324,27.81181727970516,27.81181727970516,26.175276940161893
29,82,944,3,0.8796292543411255,247.66925048828125,201.55636596679688,1.6729135513305664,5.801999092102051,32.40300665844928,31.657472595230086,31.6217336740408,29.23795856319584,29.23795856319584,26.62933595683753
29,83,945,3,0.8796292543411255,244.15834045410156,202.36920166015625,1.6398730278015137,6.023377895355225,24.14958210258217,30.541377610617225,30.494139649413086,29.876377341987848,29.876377341987848,27.203377456523494
29,84,946,3,0.8796292543411255,240.06373596191406,202.1295928955078,1.6609565019607544,6.284186363220215,28.230969603364162,28.72639617005309,28.61470223425866,29.905743270249037,29.905743270249037,27.858092943781944
29,85,947,3,0.8796292543411255,235.82159423828125,202.7019805908203,1.6413413286209106,6.55742073059082,29.555700042031024,30.134246256444364,30.037028210741894,30.32819694572395,30.32819694572395,28.546642013839435
29,86,948,3,0.8796292543411255,230.25091552734375,203.43936157226562,1.6159710884094238,6.920994758605957,39.32215414799891,30.732282510885106,30.646844534249933,30.28288966054087,30.28288966054087,29.14665291308336
29,87,949,3,0.8796292543411255,224.97775268554688,203.64816284179688,1.6168286800384521,7.270242691040039,37.681208147511974,31.787922808697648,31.705484190187256,30.299639763770166,30.299639763770166,29.677517546453263
29,88,950,3,0.8796292543411255,221.89918518066406,204.39279174804688,1.5850852727890015,7.476472854614258,22.512644142299504,31.460535216641112,31.377774733048938,30.476366780497337,30.476366780497337,30.05816747513786
29,89,951,3,0.8796292543411255,217.37698364257812,204.2913818359375,1.6002516746520996,7.782585144042969,33.06761142852661,32.427863581673606,32.35960406856937,31.22534714735948,31.22534714735948,30.342080130018385
29,90,952,3,0.8796292543411255,213.05667114257812,204.62246704101562,1.5924832820892334,8.078618049621582,31.95061097731004,32.90684576872941,32.84196310586386,31.78633412638387,31.78633412638387,30.614931099217817
29,91,953,3,0.8796292543411255,208.7296142578125,205.32835388183594,1.5648692846298218,8.378689765930176,32.51216747424938,31.544848433979503,31.474080881276922,31.951781395789272,31.951781395789272,30.90722226000928
29,92,954,3,0.8796292543411255,205.35675048828125,205.31350708007812,1.5730550289154053,8.61511516571045,25.523719313618663,29.113350667200837,29.035592436433195,31.41780304503846,31.41780304503846,31.062880274197067
29,93,955,3,0.8796292543411255,201.1077423095703,205.44464111328125,1.5754905939102173,8.916155815124512,32.480974535603856,31.10701674586171,31.06677525050633,31.355603148529934,31.355603148529934,31.2161250581955
29,94,956,3,0.8796292543411255,195.69915771484375,205.9256591796875,1.5617612600326538,9.304612159729004,41.937544272019785,32.881003314560346,32.8534409240052,31.4543705196171,31.4543705196171,31.381086594745064
29,95,957,3,0.8796292543411255,191.3887939453125,206.52520751953125,1.5389825105667114,9.61849308013916,33.954335259390874,33.28174817097651,33.248121469289984,31.535602192302328,31.535602192302328,31.53240593928863
29,96,958,3,0.8796292543411255,186.52342224121094,206.9090118408203,1.5288747549057007,9.977471351623535,38.74627288643059,34.528569253412755,34.507923907452415,32.142370797537424,32.142370797537424,31.663409317885485
29,97,959,3,0.8796292543411255,181.94186401367188,206.7931365966797,1.5453757047653198,10.320137977600098,37.01386704192414,36.82659879907385,36.79654733998911,33.694561778248605,33.694561778248605,31.93601326815188
29,98,960,3,0.8796292543411255,177.06097412109375,207.11280822753906,1.5387474298477173,10.690234184265137,39.936861791810784,38.31777625031524,38.29002189826775,35.13921110780089,35.13921110780089,32.391360369867826
29,99,961,3,0.8796292543411255,172.36166381835938,207.8544921875,1.5081686973571777,11.051579475402832,39.12565567633965,37.75539853117921,37.714533562903156,36.111429635580485,36.111429635580485,33.06187845423097
29,100,962,3,0.8796292543411255,169.3494873046875,208.11990356445312,1.5000640153884888,11.285832405090332,25.289164556489958,36.02236439059903,35.988351515123064,36.659475644747104,36.659475644747104,33.81957452511914
29,101,963,3,0.8796292543411255,165.39724731445312,208.85650634765625,1.4675201177597046,11.5963716506958,33.68821618082997,35.0107530494789,34.95839097044923,36.749569057346456,36.749569057346456,34.576031459080475
29,102,964,3,0.8796292543411255,160.8212890625,209.4288330078125,1.4452142715454102,11.960502624511719,39.36050143037047,35.48007992716817,35.46240403578356,36.48274039650535,36.48274039650535,35.28276548825233
29,103,965,3,0.8796292543411255,156.45489501953125,209.6143798828125,1.4441558122634888,12.312634468078613,37.992417276441515,35.091191024094314,35.06828940712608,35.83839389827702,35.83839389827702,35.81076878835799
29,104,966,3,0.8796292543411255,151.09768676757812,209.82139587402344,1.444021463394165,12.751044273376465,47.30096122958919,36.72625213474422,36.69788234836453,35.63506365536929,35.63506365536929,36.08798334223237
29,105,967,3,0.8796292543411255,147.34515380859375,209.70115661621094,1.4592254161834717,13.062403678894043,33.63325152840171,38.395069529126566,38.345731245530594,36.1065396014508,36.1065396014508,36.2261731270395
29,106,968,3,0.8796292543411255,141.3463134765625,210.81967163085938,1.4075946807861328,13.567621231079102,54.79288387012767,42.61600306698611,42.55610465050697,37.62608233746234,37.62608233746234,36.442552084451194
29,107,969,3,0.8796292543411255,137.03726196289062,211.30911254882812,1.3883159160614014,13.936325073242188,39.83457557685844,42.7108178962837,42.65280436802577,39.06416240391079,39.06416240391079,36.78607876433172
29,108,970,3,0.8796292543411255,132.87466430664062,212.19686889648438,1.344971776008606,14.297205924987793,39.216028703199875,42.95554018163538,42.877367802790474,40.62597808304367,40.62597808304367,37.339851482288466
29,109,971,3,0.8796292543411255,128.78025817871094,211.92562866210938,1.3697209358215332,14.656778335571289,38.886813136128396,41.27271056294321,41.15397675292237,41.51719696395524,41.51719696395524,38.05905956335273
29,110,972,3,0.8796292543411255,124.14591979980469,211.9079132080078,1.3808218240737915,15.06938648223877,44.53327200867674,43.452714658998225,43.3405499834638,42.51616071154188,42.51616071154188,39.013026250962
29,111,973,3,0.8796292543411255,119.13009643554688,211.9241180419922,1.3908889293670654,15.522831916809082,48.935238417092854,42.28118556839126,42.19190128795155,42.44332003903079,42.44332003903079,39.98563430577078
29,112,974,3,0.8796292543411255,115.06653594970703,211.82199096679688,1.4061559438705444,15.89554214477539,40.24621561452464,42.3635135759245,42.27856370238038,42.36847190590172,42.36847190590172,40.88019606354949
29,113,975,3,0.8796292543411255,110.75797271728516,211.81494140625,1.4163780212402344,16.296072006225586,43.22808177082927,43.16592418945038,43.15988881723745,42.424976108791114,42.424976108791114,41.56575231659646
29,114,976,3,0.8796292543411255,106.386474609375,211.64321899414062,1.4370211362838745,16.708192825317383,44.52032988126223,44.29262753847715,44.29010149244066,43.05220105669477,43.05220105669477,42.13547212413703
29,115,977,3,0.8796292543411255,101.75736236572266,211.76683044433594,1.4402676820755005,17.151042938232422,47.781315121379166,44.942236161017625,44.93717056411606,43.37152517282522,43.37152517282522,42.52769313696297
29,116,978,3,0.8796292543411255,97.30219268798828,213.04800415039062,1.3708614110946655,17.583648681640625,47.27163967433628,44.60951641246632,44.4712719836316,43.82739931196123,43.82739931196123,42.857722043820964
29,117,979,3,0.8796292543411255,92.67096710205078,213.4727020263672,1.3547048568725586,18.04015350341797,49.2841067252221,46.41709463460581,46.29064763818945,44.62981609912305,44.62981609912305,43.15967281347542
29,118,980,3,0.8796292543411255,88.8046875,213.1724853515625,1.3824958801269531,18.426681518554688,41.810975089058886,46.133673298251736,45.9810037832041,45.19403909231637,45.19403909231637,43.552632678230495
29,119,981,3,0.8796292543411255,83.327392578125,213.4849395751953,1.3753283023834229,18.98292350769043,60.01910463079705,49.233428248158695,49.10315038202764,46.156648870233774,46.156648870233774,44.09380081599222
29,120,982,3,0.8796292543411255,78.52241516113281,213.97251892089844,1.355172038078308,19.479442596435547,53.61461329769779,50.400087883422415,50.27673284966986,47.22456132734453,47.22456132734453,44.77945584721413
29,121,983,3,0.8796292543411255,74.00244903564453,213.90869140625,1.3698421716690063,19.953994750976562,51.22489207512611,51.19073836358039,51.14833191558198,48.55997331373461,48.55997331373461,45.56628045536268
30,0,721,3,0.9117807149887085,857.978759765625,149.3075408935547,2.371321439743042,-15.388043403625488,,,,,,
30,1,722,3,0.9117807149887085,852.982421875,148.6787109375,2.397491931915283,-15.29172420501709,10.768844382269874,10.768844382269874,,,,
30,2,723,3,0.9117807149887085,847.8416748046875,148.05636596679688,2.4239327907562256,-15.191880226135254,11.143713504760772,10.956278943515322,,,,
30,3,724,3,0.9117807149887085,842.900390625,148.6058349609375,2.417424201965332,-15.095193862915039,10.455304866546873,10.78928758452584,,,,
30,4,725,3,0.9117807149887085,833.2169189453125,148.9884033203125,2.424095630645752,-14.903650283813477,20.67857266186953,13.261608853861762,,,,
30,5,726,3,0.9117807149887085,821.5272216796875,149.53445434570312,2.429884433746338,-14.668706893920898,25.356230499980214,15.680533183085453,15.57350211091094,15.57350211091094,,
30,6,727,3,0.9117807149887085,809.8952026367188,149.58473205566406,2.4498889446258545,-14.430785179138184,25.760452528219002,18.67885481227528,18.6120795441436,17.09279082752727,,
30,7,728,3,0.9117807149887085,799.7205810546875,151.04336547851562,2.426787853240967,-14.219202041625977,22.963811527122623,21.04287441674765,20.988949957665625,18.39151053757339,,
30,8,729,3,0.9117807149887085,789.1942138671875,150.5767059326172,2.4600789546966553,-13.996811866760254,24.26149854650507,23.804113152739284,23.71921472616129,19.723436584720364,,
30,9,730,3,0.9117807149887085,778.2589111328125,150.1961669921875,2.4921767711639404,-13.761927604675293,25.57768718107835,24.78393605658105,24.6803366578185,20.71481659933999,20.71481659933999,20.71481659933999
30,10,731,3,0.9117807149887085,767.9251708984375,150.64463806152344,2.499074935913086,-13.536263465881348,24.35875260508382,24.58444047760177,24.481910854190975,22.496498347996,22.496498347996,21.605657473667996
30,11,732,3,0.9117807149887085,757.8057861328125,151.80514526367188,2.4843978881835938,-13.311710357666016,24.279204341438742,24.288190840245722,24.159348666012942,23.605952172369868,23.605952172369868,22.272422373235287
30,12,733,3,0.9117807149887085,746.353759765625,151.2458953857422,2.523933172225952,-13.053215026855469,28.213914934095445,25.338211521640282,25.24733367142501,24.457628915121745,24.457628915121745,22.8187240087069
30,13,734,3,0.9117807149887085,734.3116455078125,150.70559692382812,2.564838171005249,-12.776260375976562,30.205378761062846,26.52698756455184,26.434408105932153,25.000667591075917,25.000667591075917,23.2551127251807
30,14,735,3,0.9117807149887085,725.0040283203125,150.4720458984375,2.5913593769073486,-12.558488845825195,23.66942756778591,26.145335641893354,26.05635264774898,25.27587078906201,25.27587078906201,23.591905735827584
30,15,736,3,0.9117807149887085,714.7220458984375,150.74880981445312,2.6045942306518555,-12.314065933227539,26.409935105692494,26.555572142015087,26.471200403752743,25.673728698974365,25.673728698974365,23.889309016277128
30,16,737,3,0.9117807149887085,703.7294921875,150.3688201904297,2.6400763988494873,-12.048163414001465,28.943076000347002,27.488346473796742,27.47151463420003,26.336161892611784,26.336161892611784,24.69235834388738
30,17,738,3,0.9117807149887085,692.279296875,150.21742248535156,2.670029640197754,-11.766012191772461,30.61295127297019,27.96815374157169,27.95413862337004,26.87752288300079,26.87752288300079,25.31821899174521
30,18,739,3,0.9117807149887085,682.75634765625,150.2379608154297,2.6907308101654053,-11.527217864990234,25.860653533325802,27.099208696024277,27.08892412595339,27.00842608700504,27.00842608700504,25.80428669383595
30,19,740,3,0.9117807149887085,672.4898681640625,150.2482147216797,2.713803291320801,-11.265463829040527,28.350693124395743,28.035461807346245,28.026259552825106,27.40240746802026,27.40240746802026,26.224969344250024
30,20,741,3,0.9117807149887085,660.86279296875,150.9760284423828,2.717261552810669,-10.96346664428711,32.585247889622586,29.270524364132267,29.245030463158667,27.957173479901446,27.957173479901446,26.64732732836796
30,21,742,3,0.9117807149887085,649.97119140625,151.14926147460938,2.7371644973754883,-10.675071716308594,31.189546361193432,29.71981843630155,29.703127111231055,28.403495975307653,28.403495975307653,27.09413092640305
30,22,743,3,0.9117807149887085,639.64453125,152.64244079589844,2.712613105773926,-10.39657974243164,30.16362311718585,29.629952805144683,29.564472392841534,28.725562729201947,28.725562729201947,27.530107216435564
30,23,744,3,0.9117807149887085,629.2996826171875,152.0510711669922,2.7569420337677,-10.112526893615723,31.018009314408427,30.66142396136121,30.56021556034908,29.419821016081084,29.419821016081084,27.970629948359743
30,24,745,3,0.9117807149887085,617.8310546875,152.5927734375,2.766838788986206,-9.791515350341797,34.651068659810036,31.921499068444064,31.82606558937888,30.179782223391847,30.179782223391847,28.442381282701323
30,25,746,3,0.9117807149887085,607.612060546875,152.06161499023438,2.8101799488067627,-9.499920845031738,31.806366546051603,31.765722799729872,31.644594133436144,30.65969495744734,30.65969495744734,28.963991121335937
30,26,747,3,0.9117807149887085,596.8690185546875,152.16319274902344,2.834029197692871,-9.187557220458984,33.79965674031626,32.28774487555444,32.16619691648683,31.152308918498495,31.152308918498495,29.49969132854712
30,27,748,3,0.9117807149887085,585.6910400390625,151.21856689453125,2.8956422805786133,-8.856033325195312,36.38128800825639,33.53127785376854,33.47635307273903,31.934685054477995,31.934685054477995,30.067907267772338
30,28,749,3,0.9117807149887085,575.836669921875,151.65628051757812,2.9067039489746094,-8.558094024658203,32.16744707776355,33.76116540643957,33.697523580088124,32.5621466584258,32.5621466584258,30.6620002225035
30,29,750,3,0.9117807149887085,565.2344970703125,151.69696044921875,2.933985710144043,-8.231435775756836,35.36655126394449,33.904261927266454,33.85671849970098,32.968277240490224,32.968277240490224,31.26810229554468
30,30,751,3,0.9117807149887085,554.9783325195312,151.53045654296875,2.968215227127075,-7.909237384796143,34.958284217994525,34.53464546165504,34.49342100770323,33.53804261534364,33.53804261534364,31.856419666867904
30,31,752,3,0.9117807149887085,544.506591796875,151.228515625,3.0085911750793457,-7.573787689208984,36.45359993457318,35.06543410050642,35.02573247675176,34.109949727396625,34.109949727396625,32.41787216744002
30,32,753,3,0.9117807149887085,534.2266235351562,151.62631225585938,3.023838758468628,-7.237925052642822,36.27424937980872,35.044026374816895,35.025632155167834,34.41980554388239,34.41980554388239,32.95503082264502
30,33,754,3,0.9117807149887085,524.0635986328125,151.61123657226562,3.0541675090789795,-6.89930534362793,36.680641826930696,35.94666532465032,35.93520165442468,34.867341158749696,34.867341158749696,33.48574971410948
30,34,755,3,0.9117807149887085,514.8416137695312,151.1608428955078,3.098348617553711,-6.586217403411865,34.11438998642501,35.69623306914642,35.67793852799422,35.231585164408344,35.231585164408344,33.95673544409953
30,35,756,3,0.9117807149887085,502.01123046875,151.5966796875,3.12139630317688,-6.141112327575684,48.08766251201038,38.3221087279496,38.296262415258084,35.992153445919314,35.992153445919314,34.44673641374146
30,36,757,3,0.9117807149887085,492.2510986328125,153.85458374023438,3.0665266513824463,-5.794871807098389,37.822790198273715,38.5959467806897,38.406549276529134,36.668316805874795,36.668316805874795,34.97531349451068
30,37,758,3,0.9117807149887085,482.1768798828125,152.48187255859375,3.1501290798187256,-5.430330276489258,40.352209226472986,39.41153875002256,39.100123833228544,37.48321514148693,37.48321514148693,35.53890956967401
30,38,759,3,0.9117807149887085,471.8253173828125,152.61990356445312,3.178084373474121,-5.04794454574585,41.36650867157287,40.34871211895099,40.03883032174735,38.303940874951465,38.303940874951465,36.13805116218185
30,39,760,3,0.9117807149887085,462.67041015625,152.55677795410156,3.2105166912078857,-4.702966690063477,37.3845102784636,41.00273617735871,40.70959329366922,39.31027182808647,39.31027182808647,36.83668920278243
30,40,761,3,0.9117807149887085,451.85552978515625,151.75125122070312,3.2784125804901123,-4.286959171295166,45.477783644235096,40.48076040380366,40.152903679724815,39.68160008097982,39.68160008097982,37.52444047738673
30,41,762,3,0.9117807149887085,441.5195007324219,150.68319702148438,3.356618881225586,-3.88051438331604,44.656593601901335,41.847521084529184,41.78040272944219,40.356370771562425,40.356370771562425,38.25655270698017
30,42,763,3,0.9117807149887085,430.23260498046875,150.70692443847656,3.396042823791504,-3.42645001411438,49.17427066799168,43.611933372832915,43.564956504981836,41.24933730591308,41.24933730591308,39.007578972693565
30,43,764,3,0.9117807149887085,420.021240234375,150.89242553710938,3.4258549213409424,-3.0061371326446533,45.462372062446825,44.43110605100771,44.38219156179514,42.11800955392264,42.11800955392264,39.786106508128974
30,44,765,3,0.9117807149887085,409.42083740234375,150.55047607421875,3.4795284271240234,-2.55991268157959,48.491122482063524,46.6524284917277,46.60662975940076,43.297416847068945,43.297416847068945,40.61670675178355
30,45,766,3,0.9117807149887085,398.54254150390625,150.34841918945312,3.5297069549560547,-2.0911409854888916,50.86569900398368,47.73001156367741,47.69156395972192,44.80514890306837,44.80514890306837,41.545450755800246
30,46,767,3,0.9117807149887085,389.3900146484375,150.18893432617188,3.5724246501922607,-1.687933087348938,43.74641316992181,47.5479754772815,47.541061005035004,45.95728055818693,45.95728055818693,42.495023431528885
30,47,768,3,0.9117807149887085,379.022705078125,150.65283203125,3.594409465789795,-1.2211582660675049,50.4171489835619,47.79655114039555,47.77884373774419,46.8000580047394,46.8000580047394,43.511945992065975
30,48,769,3,0.9117807149887085,368.35675048828125,150.41476440429688,3.6484248638153076,-0.7294115424156189,53.37470644837493,49.37901801758117,49.362340197339286,47.79608773184823,47.79608773184823,44.57476270067823
30,49,770,3,0.9117807149887085,357.01922607421875,149.96994018554688,3.715681791305542,-0.19340643286705017,58.28421003930456,51.33763552902938,51.319099830223486,48.73858174601277,48.73858174601277,45.64465476354961
30,50,771,3,0.9117807149887085,346.69482421875,154.10537719726562,3.5776705741882324,0.30707210302352905,56.01313516691133,52.36712276161491,51.76000547456694,49.55227004898178,49.55227004898178,46.70669197712948
30,51,772,3,0.9117807149887085,336.648193359375,153.73562622070312,3.636772394180298,0.8058313131332397,54.188671407404236,54.455574409111385,53.829413384467095,50.8099405248682,50.8099405248682,47.77990964538652
30,52,773,3,0.9117807149887085,326.3504943847656,153.67794799804688,3.6842710971832275,1.3295199871063232,56.73380426831774,55.718905466062566,55.073756009310515,52.26892297918147,52.26892297918147,48.84616308483125
30,53,774,3,0.9117807149887085,316.34759521484375,152.168701171875,3.798182964324951,1.8507440090179443,57.56328370306756,56.55662091700109,55.76939101700302,53.55033314311422,53.55033314311422,49.930884882678015
30,54,775,3,0.9117807149887085,305.7543029785156,151.41004943847656,3.8828673362731934,2.4167025089263916,61.7422371596604,57.248226341072254,56.4374504508553,54.57400326724057,54.57400326724057,51.04144849160675
30,55,776,3,0.9117807149887085,294.7923583984375,150.5738525390625,3.975259780883789,3.0180819034576416,65.64537056914338,59.17467342151866,59.12507597383086,56.047017367093346,56.047017367093346,52.2201527252132
30,56,777,3,0.9117807149887085,283.9402160644531,149.9661102294922,4.058742046356201,3.6298365592956543,66.61523591269264,61.659986322576344,61.61409562879747,57.603953815959436,57.603953815959436,53.48663444949129
30,57,778,3,0.9117807149887085,275.31866455078125,150.3158721923828,4.086535930633545,4.127931118011475,53.82407318938385,61.07804010678957,61.00598734456462,58.790400083010255,58.790400083010255,54.80636731149536
30,58,779,3,0.9117807149887085,264.28302001953125,150.0689239501953,4.157018184661865,4.781723976135254,70.94781001011927,63.7549453681999,63.718147925682715,60.3801514647462,60.3801514647462,56.17354030290649
30,59,780,3,0.9117807149887085,253.81695556640625,150.26235961914062,4.204530715942383,5.419273376464844,68.97729474466878,65.20195688520158,65.16146683669115,62.124954741913356,62.124954741913356,57.581544840439626
30,60,781,3,0.9117807149887085,243.47225952148438,149.97491455078125,4.27686882019043,6.066880226135254,70.30621489563903,66.13412575050071,66.10939262153862,63.521818071454916,63.521818071454916,59.006042687345435
30,61,782,3,0.9117807149887085,233.284423828125,150.12025451660156,4.3282365798950195,6.722332954406738,70.93501257729696,66.99808108342157,66.98409393950776,64.59581773359697,64.59581773359697,60.43773046825349
30,62,783,3,0.9117807149887085,222.3448944091797,150.19996643066406,4.388941764831543,7.446507453918457,78.40675192993956,71.91461683153271,71.90634415938065,66.77588909656018,66.77588909656018,61.9704264296059
30,63,784,3,0.9117807149887085,211.02467346191406,150.03546142578125,4.466688632965088,8.219082832336426,83.77578946855756,74.48021272322038,74.47317220590689,68.92689395260501,68.92689395260501,63.587989306269556
30,64,785,3,0.9117807149887085,201.92091369628906,150.14395141601562,4.518191337585449,8.858263969421387,69.18610511840758,74.52197479796813,74.51600694989824,70.79780197524644,70.79780197524644,65.30333243373187
30,65,786,3,0.9117807149887085,190.76763916015625,152.71604919433594,4.451169490814209,9.664045333862305,87.23766224963086,77.90826426876649,77.71221660114787,73.1183667711683,73.1183667711683,67.12307747750647
30,66,787,3,0.9117807149887085,180.4581298828125,152.28546142578125,4.541466236114502,10.432087898254395,83.43645814177277,80.40855338166168,80.1827770846707,75.75810340020088,75.75810340020088,69.07067014297611
30,67,788,3,0.9117807149887085,169.8641357421875,150.9185791015625,4.68866491317749,11.245661735534668,89.20334150026608,82.56787129572697,82.23447694883242,77.82372995809122,77.82372995809122,71.11380041249558
30,68,789,3,0.9117807149887085,160.98077392578125,151.3775177001953,4.7249932289123535,11.947728157043457,75.84876375836687,80.98246615368885,80.65111425134924,79.05931836717969,79.05931836717969,73.18001478872168
30,69,790,3,0.9117807149887085,149.5995330810547,150.86160278320312,4.83642578125,12.874924659729004,100.7570503474949,87.29665519950629,86.94480682586456,81.54507834237297,81.54507834237297,75.28989896669493
30,70,791,3,0.9117807149887085,139.227294921875,150.3446502685547,4.944124221801758,13.748321533203125,94.94634703560905,88.83839215670193,88.77184293367765,83.75700360887892,83.75700360887892,77.40848606044835
30,71,792,3,0.9117807149887085,129.68055725097656,150.6499786376953,5.000043869018555,14.577317237854004,89.6453481096845,90.08017015028427,89.99319390936212,85.7190869738172,85.7190869738172,79.54009820310132
30,72,793,3,0.9117807149887085,119.11738586425781,150.97238159179688,5.064831733703613,15.5239896774292,102.37739826892162,92.7149815040154,92.6757210379952,87.80733579164976,87.80733579164976,81.63852234888438
30,73,794,3,0.9117807149887085,107.87194061279297,150.69522094726562,5.174323558807373,16.567495346069336,113.20408431442824,100.18604561522767,100.1576944783732,91.70865183705455,91.70865183705455,83.91717212557775
30,74,795,3,0.9117807149887085,97.71971130371094,150.38839721679688,5.280195713043213,17.542837142944336,105.84983053979101,101.2046016536869,101.18033669211647,94.55575781030493,94.55575781030493,86.30746181875114
30,75,796,3,0.9117807149887085,88.77079010009766,150.89227294921875,5.327459335327148,18.43009376525879,95.86371075023304,101.3880743966117,101.36332326121145,97.0740538758117,97.0740538758117,88.88099546284143
30,76,797,3,0.9117807149887085,77.09489440917969,150.74119567871094,5.4435319900512695,19.62852668762207,129.90650906786692,109.44030658824818,109.41643005127197,100.95870110419366,100.95870110419366,91.65437014310154
31,0,777,3,0.9055459499359131,856.6729125976562,146.11325073242188,2.462069034576416,-15.362936973571777,,,,,,
31,1,778,3,0.9055459499359131,851.262939453125,145.31739807128906,2.494000196456909,-15.25841236114502,11.79186891128014,11.79186891128014,,,,
31,2,779,3,0.9055459499359131,846.41845703125,144.9972686767578,2.511855125427246,-15.164104461669922,10.355831353695361,11.07385013248775,,,,
31,3,780,3,0.9055459499359131,841.014892578125,145.2989501953125,2.513463258743286,-15.058113098144531,11.436947546043356,11.194882603672951,,,,
31,4,781,3,0.9055459499359131,834.5352783203125,145.51156616210938,2.5196080207824707,-14.929890632629395,13.850068295752251,11.858679026692776,,,,
31,5,782,3,0.9055459499359131,827.1109619140625,145.38189697265625,2.537290334701538,-14.781444549560547,16.129384329030803,12.712820087160381,12.652237908347146,12.652237908347146,,
31,6,783,3,0.9055459499359131,816.3938598632812,145.40992736816406,2.5570220947265625,-14.564224243164062,23.532850342197015,15.061016373343756,15.041086461756018,13.846662185051581,,
31,7,784,3,0.9055459499359131,805.044677734375,146.18936157226562,2.556685209274292,-14.330326080322266,25.235791544576028,18.037008411519892,18.017608564454953,15.236977644852706,,
31,8,785,3,0.9055459499359131,793.5669555664062,146.1832275390625,2.579409122467041,-14.089632034301758,26.084465520841615,20.966512006479544,20.946684988824043,16.66440448084554,,
31,9,786,3,0.9055459499359131,782.0805053710938,147.6730499267578,2.558722972869873,-13.844466209411621,26.545449629887475,23.50558827330659,23.436948374196604,18.018913259515752,18.018913259515752,18.018913259515752
31,10,787,3,0.9055459499359131,772.0306396484375,147.71749877929688,2.5774993896484375,-13.62635326385498,23.619702467313417,25.00365190096311,24.94014383672358,20.47649444519104,20.47649444519104,19.247703852353396
31,11,788,3,0.9055459499359131,761.6417846679688,147.40310668945312,2.60794997215271,-13.39725399017334,24.935384670813956,25.2841587666865,25.20534523002632,22.5093461988451,22.5093461988451,20.334917967850632
31,12,789,3,0.9055459499359131,750.2320556640625,146.52655029296875,2.657932758331299,-13.14128303527832,28.138834517914336,25.86476736135416,25.75052101295311,24.055928688544732,24.055928688544732,21.265170648024156
31,13,790,3,0.9055459499359131,739.2301025390625,146.83309936523438,2.672088146209717,-12.89002513885498,27.15173122527954,26.07822050224174,25.962760326983805,25.059143756176685,25.059143756176685,22.02396526965466
31,14,791,3,0.9055459499359131,727.2506103515625,146.95742797851562,2.694197416305542,-12.611352920532227,30.161012183655274,26.801333012995304,26.7687413599584,25.725502353329045,25.725502353329045,22.640888116933723
31,15,792,3,0.9055459499359131,716.639404296875,146.67730712890625,2.7261881828308105,-12.359956741333008,27.3423904662842,27.545870612789464,27.51454744901095,26.240383075786518,26.240383075786518,23.155101682484123
31,16,793,3,0.9055459499359131,706.393310546875,146.74180603027344,2.7471821308135986,-12.113040924072266,26.736388613770412,27.90607140138075,27.873680713055258,26.774050172392304,26.774050172392304,24.405835527180777
31,17,794,3,0.9055459499359131,694.6570434570312,146.90103149414062,2.768986225128174,-11.825045585632324,31.16135020832439,28.51057453946276,28.50323980981177,27.324593931764035,27.324593931764035,25.38413545383406
31,18,795,3,0.9055459499359131,683.4766845703125,147.08502197265625,2.7891321182250977,-11.545413970947266,30.24824051471142,29.129876397349143,29.1243024401136,27.956902354389996,27.956902354389996,26.162357761769044
31,19,796,3,0.9055459499359131,672.9681396484375,147.0290069580078,2.8157434463500977,-11.277758598327637,29.020281819315937,28.90173032448127,28.89613514537221,28.382381111472757,28.382381111472757,26.780422393615908
31,20,797,3,0.9055459499359131,661.8629150390625,147.5469207763672,2.8257381916046143,-10.989679336547852,31.100179765607926,29.653288184346017,29.646350239421228,28.808741669554813,28.808741669554813,27.316079238384212
31,21,798,3,0.9055459499359131,650.8019409179688,147.7772216796875,2.845197916030884,-10.697259902954102,31.619530457716717,30.629916553135274,30.623446454058637,29.358694817755485,29.358694817755485,27.835106733302275
31,22,799,3,0.9055459499359131,639.51171875,148.48353576660156,2.8499248027801514,-10.392965316772461,32.83494573968512,30.964635659407424,30.95134883731991,29.848316623257112,29.848316623257112,28.35052581151236
31,23,800,3,0.9055459499359131,628.31640625,148.94363403320312,2.8626978397369385,-10.085258483886719,33.22773046426839,31.560533649318813,31.54781467311985,30.33301906985837,30.33301906985837,28.8589499397218
31,24,801,3,0.9055459499359131,617.4305419921875,148.88429260253906,2.892380714416504,-9.780186653137207,33.07027702445869,32.37053269034736,32.35752561113813,31.02529716301155,31.02529716301155,29.387621829900013
31,25,802,3,0.9055459499359131,606.28125,148.58811950683594,2.931368350982666,-9.461553573608398,34.63438698104569,33.07737413343492,33.05322749988659,31.706672615104623,31.706672615104623,29.923303295716387
31,26,803,3,0.9055459499359131,595.7310791015625,147.90927124023438,2.9826371669769287,-9.154114723205566,33.628280465300385,33.479124134951654,33.43044694487032,32.26807271326696,32.26807271326696,30.4784020959727
31,27,804,3,0.9055459499359131,584.2025756835938,148.046630859375,3.0093657970428467,-8.811375617980957,37.09112109242381,34.33035920549939,34.30118941879653,32.93804082956228,32.93804082956228,31.068301975973764
31,28,805,3,0.9055459499359131,573.2681884765625,148.09805297851562,3.0380005836486816,-8.479545593261719,35.93489232954088,34.87179157855389,34.85462758448217,33.59940341183474,33.59940341183474,31.674117489413664
31,29,806,3,0.9055459499359131,561.845947265625,148.08108520507812,3.071035385131836,-8.125667572021484,38.34664571535337,35.92706531673282,35.909444730836796,34.30978723577448,34.30978723577448,32.311470434059
31,30,807,3,0.9055459499359131,550.2783203125,148.58340454101562,3.0866615772247314,-7.7594990730285645,39.5426461984823,36.90871716022015,36.88020267924824,35.07518227164681,35.07518227164681,32.98892232002878
31,31,808,3,0.9055459499359131,539.1616821289062,148.50335693359375,3.122319221496582,-7.399984359741211,38.9791186396535,37.97888479509078,37.97118189808848,35.98332926229044,35.98332926229044,33.697212619925764
31,32,809,3,0.9055459499359131,527.8748779296875,148.65435791015625,3.150829553604126,-7.027071475982666,40.35177192726097,38.6310149620582,38.6232850553987,36.84774838961088,36.84774838961088,34.43165201628379
31,33,810,3,0.9055459499359131,517.0006103515625,148.54930114746094,3.188131093978882,-6.66002082824707,39.80584244628052,39.40520498540614,39.39589501379968,37.75600187547438,37.75600187547438,35.215641896599145
31,34,811,3,0.9055459499359131,505.08984375,149.49256896972656,3.1904187202453613,-6.248941898345947,44.35286036023607,40.60644791438267,40.578632469062924,38.6898394231196,38.6898394231196,36.037327409964476
31,35,812,3,0.9055459499359131,494.5628967285156,151.84815979003906,3.1351044178009033,-5.8774919509887695,40.51844080487689,40.80160683566159,40.624193902258625,39.438637667721686,39.438637667721686,36.87150373223404
31,36,813,3,0.9055459499359131,483.508056640625,150.70880126953125,3.213495969772339,-5.47892427444458,43.826172044584446,41.771017516647774,41.500106796279894,40.14442264735997,40.14442264735997,37.70502307674626
31,37,814,3,0.9055459499359131,472.0689697265625,150.2963104248047,3.2669122219085693,-5.057037830352783,45.88161338935722,42.87698580906703,42.58395032091932,40.93655570046409,40.93655570046409,38.54236213800586
31,38,815,3,0.9055459499359131,461.6980895996094,150.53126525878906,3.2926928997039795,-4.665945053100586,42.28740293424684,43.37329790666029,43.08812287184861,41.67500127207388,41.67500127207388,39.355458139403495
31,39,816,3,0.9055459499359131,450.471923828125,149.01890563964844,3.3909029960632324,-4.233059406280518,47.8918489280876,44.0810956202306,43.71415785142592,42.302106348546474,42.302106348546474,40.13465213353715
31,40,817,3,0.9055459499359131,438.6227111816406,148.4344482421875,3.45668625831604,-3.7650113105773926,50.99502381506738,46.176412222268695,46.10915303111195,43.39909817431714,43.39909817431714,40.94080874765755
31,41,818,3,0.9055459499359131,427.21044921875,148.4669189453125,3.4975552558898926,-3.3030104637145996,50.040898027715386,47.41935741889489,47.35119597656981,44.56931601037512,44.56931601037512,41.78073397440834
31,42,819,3,0.9055459499359131,416.4272155761719,148.32290649414062,3.5442421436309814,-2.8559932708740234,48.49195849526297,47.94142644007603,47.87059425712227,45.62664479761571,45.62664479761571,42.664734992964625
31,43,820,3,0.9055459499359131,405.67156982421875,148.073974609375,3.5962634086608887,-2.399608612060547,49.559151852404796,49.39577622370763,49.34073247156896,46.87716671755978,46.87716671755978,43.62655557442174
31,44,821,3,0.9055459499359131,393.92791748046875,147.94110107421875,3.64865779876709,-1.8888700008392334,55.393861604856326,50.896178759061364,50.888771682114275,48.312089483697456,48.312089483697456,44.68020325774079
31,45,822,3,0.9055459499359131,382.8984069824219,148.10800170898438,3.6867473125457764,-1.396928310394287,53.235484527183935,51.344270901484684,51.340074758310536,49.35827382913717,49.35827382913717,45.77781362303555
31,46,823,3,0.9055459499359131,372.0179443359375,147.94140625,3.7394859790802,-0.899552047252655,53.963803149365276,52.12885192581466,52.12491880525481,50.31301839487418,50.31301839487418,46.92222962965379
31,47,824,3,0.9055459499359131,361.0206298828125,147.79354858398438,3.7932398319244385,-0.38417813181877136,55.906414866566536,53.611743200075374,53.607805577905985,51.460460659030915,51.460460659030915,48.07385284175576
31,48,825,3,0.9055459499359131,350.07745361328125,150.80917358398438,3.7087714672088623,0.1417715698480606,57.472981415785746,55.19450911275156,54.89268326735521,52.57085081818816,52.57085081818816,49.21692924287191
31,49,826,3,0.9055459499359131,338.34967041015625,152.06204223632812,3.704207420349121,0.7205295562744141,62.445362845619954,56.60480936090429,56.31948255754256,53.65699299327382,53.65699299327382,50.364121842251635
31,50,827,3,0.9055459499359131,327.1846923828125,150.3497314453125,3.8312244415283203,1.2866162061691284,62.59485486742262,58.47668342895203,57.99052117468713,54.98708227654913,54.98708227654913,51.52268120782155
31,51,828,3,0.9055459499359131,316.403076171875,150.29428100585938,3.8838720321655273,1.84781813621521,60.81511138321517,59.84694507572201,59.36572430255292,56.435243376008756,56.435243376008756,52.68313176386602
31,52,829,3,0.9055459499359131,305.31085205078125,148.52481079101562,4.019080638885498,2.440716028213501,65.611286954089,61.78791949322649,61.151247853403916,57.943931831108344,57.943931831108344,53.909654335576185
31,53,830,3,0.9055459499359131,294.2384033203125,146.6588897705078,4.162470817565918,3.0489084720611572,67.41822015989077,63.7769672420475,63.49076776952296,59.663548731541894,59.663548731541894,55.24544438367157
31,54,831,3,0.9055459499359131,283.39068603515625,146.32212829589844,4.235611438751221,3.6612608432769775,66.53759600994708,64.59541387491292,64.48407492318474,61.29646720467033,61.29646720467033,56.650588175905774
31,55,832,3,0.9055459499359131,271.9029846191406,146.50144958496094,4.289309501647949,4.328311920166016,72.20236357156332,66.51691561574107,66.37514706972715,62.97339238367833,62.97339238367833,58.13666554240437
31,56,833,3,0.9055459499359131,260.6368408203125,145.93441772460938,4.380064487457275,5.001863479614258,73.3276051836652,69.01941437583108,68.89638795957461,64.87952511508267,64.87952511508267,59.73988441694849
31,57,834,3,0.9055459499359131,249.96859741210938,145.35369873046875,4.470673561096191,5.658126354217529,71.47727646194137,70.19261227740154,70.10717687311468,66.67071091902483,66.67071091902483,61.40897422301645
31,58,835,3,0.9055459499359131,238.448486328125,145.82373046875,4.515868186950684,6.387857913970947,78.88312511272602,72.4855932679686,72.45169228964394,68.46289582304902,68.46289582304902,63.127210286879354
31,59,836,3,0.9055459499359131,227.3927001953125,145.19602966308594,4.616023540496826,7.109675884246826,78.62457838449087,74.90298974287735,74.86275435684921,70.53863170978192,70.53863170978192,64.92645312668985
31,60,837,3,0.9055459499359131,216.13125610351562,144.9358367919922,4.701392650604248,7.867581367492676,82.28912005772243,76.92034104010918,76.88776353498795,72.64115500283408,72.64115500283408,66.78039687973161
31,61,838,3,0.9055459499359131,204.90899658203125,145.1849365234375,4.7621917724609375,8.646669387817383,84.31301798139299,79.11742359965473,79.08022229845349,74.67792187060986,74.67792187060986,68.69203326058009
31,62,839,3,0.9055459499359131,193.66905212402344,145.42599487304688,4.825490474700928,9.451964378356934,87.15296768165611,82.25256184359768,82.22228916255864,77.10094432849864,77.10094432849864,70.710254966983
31,63,840,3,0.9055459499359131,182.92022705078125,145.17800903320312,4.914129257202148,10.24658203125,86.26472294985592,83.72888141102366,83.70749104868521,79.3521040803069,79.3521040803069,72.77776624772932
31,64,841,3,0.9055459499359131,171.9517822265625,145.6178741455078,4.968946933746338,11.083333015441895,90.47235165918981,86.09843606596345,86.08277175095412,81.59610755912789,81.59610755912789,74.90996576774405
31,65,842,3,0.9055459499359131,161.04635620117188,145.56260681152344,5.053062915802002,11.942476272583008,93.13799260736822,88.26821057589261,88.25664272556058,83.86988339724242,83.86988339724242,77.11096399262883
31,66,843,3,0.9055459499359131,149.86618041992188,145.08935546875,5.166130065917969,12.852834701538086,98.9751525215812,91.20063748393025,91.1799828132073,86.28983550019316,86.28983550019316,79.36113596268756
31,67,844,3,0.9055459499359131,139.1083221435547,144.37086486816406,5.293984413146973,13.758502006530762,98.68324886668812,93.50669372093667,93.47654451261629,88.5406865702047,88.5406865702047,81.63249761516909
31,68,845,3,0.9055459499359131,127.47709655761719,144.5265655517578,5.381619453430176,14.772193908691406,109.77730479511942,98.20921008998934,98.17520621773247,91.43422960401415,91.43422960401415,84.02625586279827
31,69,846,3,0.9055459499359131,116.443359375,144.4241943359375,5.482907772064209,15.768716812133789,108.07091182285731,101.72892212272284,101.70965394773684,94.55960604337069,94.55960604337069,86.52035039349427
31,70,847,3,0.9055459499359131,105.7443618774414,143.9046630859375,5.610485076904297,16.769222259521484,108.820687045346,104.8654610103184,104.8458095554348,97.87743940934556,97.87743940934556,89.16682686907123
31,71,848,3,0.9055459499359131,94.47752380371094,143.81983947753906,5.720727920532227,17.861244201660156,118.41941761089252,108.75431402818067,108.73414038659095,101.38827092402228,101.38827092402228,91.99427877834185
31,72,849,3,0.9055459499359131,83.44990539550781,143.95999145507812,5.818434238433838,18.970369338989258,120.12928325336772,113.0435209055166,113.03181414837604,105.29932485117422,105.29932485117422,95.05562755747498
35,0,1033,3,0.9194016456604004,44.19818115234375,379.9402160644531,-9.92169189453125,23.277650833129883,,,,,,
35,1,1034,3,0.9194016456604004,50.87857437133789,379.9651794433594,-9.804783821105957,22.501855850219727,84.64721104243657,84.64721104243657,,,,
35,2,1035,3,0.9194016456604004,55.97246551513672,380.23577880859375,-9.734362602233887,21.922651290893555,62.9517939183619,73.79950248039924,,,,
35,3,1036,3,0.9194016456604004,63.385677337646484,379.3115234375,-9.546923637390137,21.098176956176758,91.22412045161563,79.60770847080471,,,,
35,4,1037,3,0.9194016456604004,71.84983825683594,378.9350891113281,-9.383026123046875,20.182598114013672,100.35398909142918,84.79427862596083,,,,
35,5,1038,3,0.9194016456604004,84.0323486328125,379.4549865722656,-9.22314167022705,18.910755157470703,138.30183078716325,95.49578905820131,95.42873051021245,95.42873051021245,,
35,6,1039,3,0.9194016456604004,97.75476837158203,379.26959228515625,-9.00263786315918,17.539413452148438,149.85743674126775,108.53783419796756,108.47160651848151,101.95016851434698,,
35,7,1040,3,0.9194016456604004,109.5726318359375,378.9583740234375,-8.811314582824707,16.407243728637695,123.8840500434319,120.72428542298155,120.66899279614428,108.18977660827942,,
35,8,1041,3,0.9194016456604004,122.65502166748047,378.8104248046875,-8.61966323852539,15.203414916992188,131.51929428527404,128.78332018971324,128.76376133936864,113.33327279105171,,
35,9,1042,3,0.9194016456604004,136.27883911132812,378.5799560546875,-8.423871994018555,14.001729965209961,131.3619566011381,134.984913691655,134.9697162578632,117.660561484414,117.660561484414,117.660561484414
35,10,1043,3,0.9194016456604004,148.89974975585938,378.40289306640625,-8.251836776733398,12.932982444763184,116.79375779021393,130.68329909226514,130.6825994135259,124.7113352650767,124.7113352650767,121.18594837474535
35,11,1044,3,0.9194016456604004,161.19943237304688,378.23419189453125,-8.090641021728516,11.93022346496582,109.57874522937999,122.6275607898876,122.62686882819328,127.54238772701908,127.54238772701908,123.30476149216993
35,12,1045,3,0.9194016456604004,174.71841430664062,378.27996826171875,-7.932967185974121,10.869739532470703,115.67559656682428,120.98587009456608,120.98443472421133,127.60547611263246,127.60547611263246,124.37994014728557
35,13,1046,3,0.9194016456604004,187.260986328125,377.94317626953125,-7.771544933319092,9.9227294921875,103.64861421651773,115.41173408081481,115.40914758459314,124.93455336167737,124.93455336167737,124.49086279016392
35,14,1047,3,0.9194016456604004,199.72576904296875,377.8479309082031,-7.629581928253174,9.014847755432129,99.14355773430366,108.96805430744791,108.96545623565888,119.73370135723651,119.73370135723651,123.6980025513427
35,15,1048,3,0.9194016456604004,213.20086669921875,378.32891845703125,-7.512238502502441,8.068679809570312,102.86613158531836,106.1825290664688,106.17032198758274,114.83124587204786,114.83124587204786,122.43132302572914
35,16,1049,3,0.9194016456604004,225.4918975830078,377.95654296875,-7.367166996002197,7.235969066619873,91.19614616378799,102.50600925335038,102.4905468676831,110.80398147994583,110.80398147994583,121.4518115965194
35,17,1050,3,0.9194016456604004,237.8134307861328,377.8973083496094,-7.242452144622803,6.428740501403809,88.12689733552885,96.99626940709132,96.98122502802373,106.00333954070831,106.00333954070831,118.7792407787525
35,18,1051,3,0.9194016456604004,251.1878662109375,377.76483154296875,-7.108267784118652,5.582189083099365,92.4764875169996,94.7618440671877,94.74923956048835,101.87135793588736,101.87135793588736,115.11195080859082
35,19,1052,3,0.9194016456604004,263.68804931640625,377.45745849609375,-6.9780683517456055,4.817503452301025,83.69090197445986,91.67131291521892,91.65665953309386,98.40959859537436,98.40959859537436,110.94111116326823
35,20,1053,3,0.9194016456604004,275.977294921875,377.5464172363281,-6.87297248840332,4.089493751525879,79.36073302269935,86.97023320269514,86.96553995321085,94.56864218849996,94.56864218849996,106.60312385281432
35,21,1054,3,0.9194016456604004,289.840087890625,377.1618957519531,-6.7353339195251465,3.2951858043670654,86.97666535963425,86.12633704186437,86.12192803686793,91.29491842233693,91.29491842233693,102.54044057640009
35,22,1055,3,0.9194016456604004,301.9971008300781,376.82958984375,-6.618737697601318,2.6209917068481445,73.81999766552721,83.26495710786405,83.26019569114968,88.55071255496213,88.55071255496213,98.78607867395927
35,23,1056,3,0.9194016456604004,314.1314697265625,376.9937744140625,-6.5285964012146,1.9679365158081055,71.12753998625885,78.9951676017159,78.9865733860256,85.39817932006959,85.39817932006959,95.15667836540551
35,24,1057,3,0.9194016456604004,327.7376708984375,376.93255615234375,-6.419538974761963,1.258223056793213,77.47124672888756,77.75123655260145,77.74353236942501,82.61555388733582,82.61555388733582,91.81556612920947
35,25,1058,3,0.9194016456604004,340.6072998046875,376.3787536621094,-6.29751443862915,0.607873797416687,71.39198382298548,76.15748671265867,76.14715358951352,80.45187661459633,80.45187661459633,88.75564022616788
35,26,1059,3,0.9194016456604004,353.3918762207031,376.58294677734375,-6.213008880615234,-0.01893661729991436,68.23973174576277,72.41009998988437,72.39626847304307,77.70674470183137,77.70674470183137,85.79808966994744
35,27,1060,3,0.9194016456604004,366.13714599609375,376.7413330078125,-6.129269599914551,-0.6255697011947632,66.07155723647995,70.86041190407494,70.84738553225338,75.22418267005212,75.22418267005212,83.03459545302633
35,28,1061,3,0.9194016456604004,378.94818115234375,375.91314697265625,-6.005443096160889,-1.2177634239196777,65.27484951914845,69.68987381065286,69.66313296383792,73.35949458561458,73.35949458561458,80.47239204778029
35,29,1062,3,0.9194016456604004,392.4866943359375,375.35784912109375,-5.891843318939209,-1.825272560119629,66.6815317594088,67.53193081675708,67.50427935864185,71.31164398345796,71.31164398345796,78.00966796613683
35,30,1063,3,0.9194016456604004,405.2698669433594,375.1636047363281,-5.801334381103516,-2.382355213165283,60.8929249194714,65.43211903605427,65.40670423479108,69.16355411251345,69.16355411251345,75.69043579362881
35,31,1064,3,0.9194016456604004,418.33966064453125,375.28057861328125,-5.72425651550293,-2.93603253364563,60.31348417093465,63.84686952108865,63.823732534250425,67.44904692475492,67.44904692475492,73.52379194183153
35,32,1065,3,0.9194016456604004,431.3243408203125,374.573974609375,-5.616692543029785,-3.470846652984619,58.85770866325446,62.40409980644355,62.38491523277748,65.75655286485974,65.75655286485974,71.42445997758344
35,33,1066,3,0.9194016456604004,443.9775695800781,374.4753723144531,-5.53812313079834,-3.977973222732544,55.367732976938214,60.42267649800151,60.40858517398129,63.90564330688843,63.90564330688843,69.45287406402016
35,34,1067,3,0.9194016456604004,457.23211669921875,373.9312744140625,-5.440765857696533,-4.494941234588623,56.75723836138532,58.43781781839681,58.42375607638211,62.089538650436474,62.089538650436474,67.5764963469322
35,35,1068,3,0.9194016456604004,469.66571044921875,373.62860107421875,-5.359869956970215,-4.9671478271484375,51.689577150297204,56.59714826456197,56.583395204343994,60.32487684434707,60.32487684434707,65.7144080981797
35,36,1069,3,0.9194016456604004,483.42767333984375,373.6387939453125,-5.285858154296875,-5.475993633270264,55.478138166231346,55.6300790636213,55.61875430020419,58.683881197537815,58.683881197537815,63.9104419859054
35,37,1070,3,0.9194016456604004,495.91790771484375,373.212890625,-5.2040581703186035,-5.925741195678711,49.3202803732751,53.72259340562543,53.715859640847434,56.95007007915181,56.95007007915181,62.16565855256804
35,38,1071,3,0.9194016456604004,509.04541015625,373.0947265625,-5.132494926452637,-6.386528968811035,50.31136115947803,52.711319042133404,52.70471582403192,55.40929620916192,55.40929620916192,60.44569416462618
35,39,1072,3,0.9194016456604004,522.3339233398438,372.29559326171875,-5.036981582641602,-6.841009616851807,50.106036317693835,51.3810786333951,51.3687821654054,53.99830142696659,53.99830142696659,58.76594395921287
35,40,1073,3,0.9194016456604004,534.7527465820312,372.1522216796875,-4.971795558929443,-7.255274772644043,45.245892875320784,50.09234177839982,50.07926910430878,52.69747620695955,52.69747620695955,57.1647772306516
35,41,1074,3,0.9194016456604004,548.3482666015625,371.97900390625,-4.901608943939209,-7.6976237297058105,48.32299058134858,48.66131226142327,48.65102929907007,51.30393120673271,51.30393120673271,55.623976167265354
35,42,1075,3,0.9194016456604004,561.2188110351562,371.3297119140625,-4.819652080535889,-8.106019020080566,44.94112747889775,47.7854816825478,47.77259807605724,50.115278893774686,50.115278893774686,54.16546217432644
35,43,1076,3,0.9194016456604004,573.5196533203125,371.2650146484375,-4.762573719024658,-8.487252235412598,41.59051197749394,46.04131184615098,46.027738207227344,48.77988337041377,48.77988337041377,52.75060534188015
35,44,1077,3,0.9194016456604004,587.7236328125,370.9059753417969,-4.688450336456299,-8.916820526123047,47.03195147461943,45.4264948775361,45.41970709344367,47.59006835602142,47.59006835602142,51.413462238575804
35,45,1078,3,0.9194016456604004,601.0635375976562,369.88629150390625,-4.59730339050293,-9.310236930847168,43.570815028248724,45.091479308121684,45.07315518496396,46.58884557215245,46.58884557215245,50.15339786186017
35,46,1079,3,0.9194016456604004,612.9671630859375,369.7996826171875,-4.545563697814941,-9.653389930725098,37.44197653961943,42.91527649977585,42.895978742784315,45.4378354608953,45.4378354608953,48.93047415242142
35,47,1080,3,0.9194016456604004,626.6046752929688,369.6148681640625,-4.484770774841309,-10.037675857543945,41.97702660308136,42.322456324612574,42.303852458576586,44.34408633739917,44.34408633739917,47.73713274248422
35,48,1081,3,0.9194016456604004,639.7439575195312,368.4161376953125,-4.39394998550415,-10.399285316467285,40.22651464193612,42.04965685750101,42.01842211819553,43.54222311959281,43.54222311959281,46.62831730146423
35,49,1082,3,0.9194016456604004,652.1756591796875,368.0127868652344,-4.333725452423096,-10.733880043029785,36.680243112943266,39.97931518516578,39.949433501069244,42.44816840111793,42.44816840111793,45.53301580251326
35,50,1083,3,0.9194016456604004,666.281982421875,367.2787780761719,-4.25803804397583,-11.104966163635254,40.861563129977625,39.43746480551156,39.413291805393094,41.316195725203755,41.316195725203755,44.46677471034041
35,51,1084,3,0.9194016456604004,678.5719604492188,366.9093933105469,-4.202167987823486,-11.421079635620117,34.63474389437314,38.876018276462304,38.85702662891917,40.50840530243073,40.50840530243073,43.45510855982745
35,52,1085,3,0.9194016456604004,691.4296875,366.6132507324219,-4.1477885246276855,-11.744861602783203,35.42278601334883,37.56517015851579,37.54918301379407,39.557471413474225,39.557471413474225,42.450626537159124
35,53,1086,3,0.9194016456604004,704.9620361328125,366.0516357421875,-4.084012031555176,-12.078217506408691,36.618780065607,36.84362324324998,36.84084832251489,38.5219566543381,38.5219566543381,41.46264385050811
35,54,1087,3,0.9194016456604004,717.8287353515625,365.58551025390625,-4.026771068572998,-12.388350486755371,34.02606197646805,36.312787015954925,36.310100841236405,37.79409012237153,37.79409012237153,40.52693010550416
35,55,1088,3,0.9194016456604004,731.666015625,364.85723876953125,-3.9596176147460938,-12.714693069458008,35.94751612885253,35.32997761572991,35.3272142705622,36.97687461540535,36.97687461540535,39.589023176334514
35,56,1089,3,0.9194016456604004,744.127197265625,364.33074951171875,-3.9043173789978027,-13.002408027648926,31.610363251441246,34.72510148714353,34.72258637358735,36.14998656433899,36.14998656433899,38.68928291393752
35,57,1090,3,0.9194016456604004,757.11376953125,363.76312255859375,-3.8472790718078613,-13.296223640441895,32.292196324297954,34.098983549333354,34.09821055866741,35.45979207331365,35.45979207331365,37.85265382081036
35,58,1091,3,0.9194016456604004,771.4193115234375,362.87896728515625,-3.778139591217041,-13.612975120544434,34.97964113980501,33.77115576417295,33.76894483080396,34.84541137497147,34.84541137497147,37.04365468831618
35,59,1092,3,0.9194016456604004,782.956298828125,362.058349609375,-3.7203469276428223,-13.863312721252441,27.71985364126992,32.50991409713333,32.506937890143305,34.08477878475285,34.08477878475285,36.2618414556417
35,60,1093,3,0.9194016456604004,795.7733154296875,361.1272888183594,-3.6567792892456055,-14.136229515075684,30.23375176287793,31.36716122393841,31.362860257570794,33.29190798215456,33.29190798215456,35.51469164532977
35,61,1094,3,0.9194016456604004,809.743896484375,361.1822204589844,-3.619586229324341,-14.427661895751953,31.69828290110463,31.384745153871087,31.362440964796924,32.61987890039648,32.61987890039648,34.77551861361905
38,0,1379,3,0.9218929409980774,45.021514892578125,311.8362731933594,-5.251895427703857,23.1810245513916,,,,,,
38,1,1380,3,0.9218929409980774,50.37350082397461,310.9427185058594,-5.14106559753418,22.559860229492188,68.07713360934109,68.07713360934109,,,,
38,2,1381,3,0.9218929409980774,55.25846862792969,311.1822509765625,-5.112553596496582,22.003204345703125,60.137509823321814,64.10732171633146,,,,
38,3,1382,3,0.9218929409980774,60.94219970703125,311.09869384765625,-5.055927753448486,21.3675594329834,68.85265803837275,65.68910049034521,,,,
38,4,1383,3,0.9218929409980774,66.48434448242188,310.8037109375,-4.987742900848389,20.759859085083008,65.97749288980063,65.76119859020906,,,,
38,5,1384,3,0.9218929409980774,75.33881378173828,311.0968933105469,-4.931032180786133,19.812923431396484,102.34993845075516,73.0789465623183,73.00735553661427,73.00735553661427,,
38,6,1385,3,0.9218929409980774,88.17158508300781,311.267578125,-4.835712432861328,18.490453720092773,143.05419283551532,88.07435840755313,88.05823235602288,80.53279394631858,,
38,7,1386,3,0.9218929409980774,99.84961700439453,311.47515869140625,-4.7557172775268555,17.335512161254883,124.90762601961028,101.02838164681083,101.01532569298377,87.36030452854031,,
38,8,1387,3,0.9218929409980774,109.73030853271484,310.9069519042969,-4.644879341125488,16.392431259155273,102.4513082666235,107.74811169246098,107.72120107065787,92.4505286640697,,
38,9,1388,3,0.9218929409980774,119.58645629882812,310.34228515625,-4.537921905517578,15.48127555847168,98.98150622189699,114.34891435888025,114.31632141966921,96.82368721518961,96.82368721518961,96.82368721518961
38,10,1389,3,0.9218929409980774,133.10333251953125,310.27081298828125,-4.438031196594238,14.277259826660156,130.35009767149353,119.94894620302793,119.92366001918005,106.20694811170274,106.20694811170274,101.51531766344618
38,11,1390,3,0.9218929409980774,143.1007843017578,310.0407409667969,-4.356529712677002,13.41889762878418,93.0270343631893,109.94351450856273,109.9235736644947,110.58001637339711,110.58001637339711,104.5368839000965
38,12,1391,3,0.9218929409980774,152.9324188232422,309.91046142578125,-4.284273624420166,12.60009765625,88.685367014501,102.69906270754086,102.68791800850516,110.91453483650139,110.91453483650139,106.13129663419772
38,13,1392,3,0.9218929409980774,163.4571533203125,310.4427490234375,-4.2470855712890625,11.750147819519043,91.79061585730248,100.56692422567667,100.54024382904694,109.47834338817923,109.47834338817923,106.80070598499404
38,14,1393,3,0.9218929409980774,175.94898986816406,311.0428466796875,-4.202681064605713,10.775289535522461,105.28856986290687,101.82833695387863,101.8050880698891,106.97609671822318,106.97609671822318,106.82993777386555
38,15,1394,3,0.9218929409980774,186.07212829589844,310.2710266113281,-4.099350452423096,10.011024475097656,83.20841303357592,92.40000002629512,92.34825080924935,101.46101487623704,101.46101487623704,106.06294878849006
38,16,1395,3,0.9218929409980774,196.27783203125,310.2782287597656,-4.040332794189453,9.262764930725098,80.98202628212852,89.99099841008295,89.94196302050001,97.46469274743811,97.46469274743811,106.15452100738268
38,17,1396,3,0.9218929409980774,208.35406494140625,310.44500732421875,-3.9810218811035156,8.40490436553955,92.77733651312676,90.80939230980812,90.76185274076511,95.0794796938901,95.0794796938901,104.56488266198087
38,18,1397,3,0.9218929409980774,218.6116180419922,310.68084716796875,-3.9370908737182617,7.698633193969727,76.3483523846149,87.72093961527058,87.6808174125679,92.5075944105943,92.5075944105943,101.98310809586619
38,19,1398,3,0.9218929409980774,228.37403869628906,311.7188720703125,-3.9381797313690186,7.044729232788086,70.55117319394778,80.77346028147878,80.7016814743484,88.28691309148616,88.28691309148616,98.75059070372114
38,20,1399,3,0.9218929409980774,238.87832641601562,314.5711364746094,-4.02714729309082,6.360225677490234,74.47372140227021,79.02652195521763,78.79388391912043,85.57603971346036,85.57603971346036,95.33597589304702
38,21,1400,3,0.9218929409980774,252.22262573242188,313.53399658203125,-3.9048891067504883,5.5179338455200195,91.82896313967404,81.19590932672673,80.8603799307382,83.75972309550801,83.75972309550801,92.01935108980202
38,22,1401,3,0.9218929409980774,260.938232421875,315.35711669921875,-3.9502508640289307,4.983587741851807,57.85909732738574,74.21226148957854,73.82959638323102,80.3732718240012,80.3732718240012,89.00681636805403
38,23,1402,3,0.9218929409980774,271.37005615234375,313.50628662109375,-3.807610511779785,4.359734535217285,69.0458156726696,72.75175414718947,72.10231594272427,77.25757153003246,77.25757153003246,86.12008476556751
38,24,1403,3,0.9218929409980774,284.6700439453125,314.1792907714844,-3.7758171558380127,3.5881693363189697,83.316438800686,75.30480726853712,74.66934463241836,76.05110416164646,76.05110416164646,83.40174540381841
38,25,1404,3,0.9218929409980774,293.8382568359375,313.18548583984375,-3.6857948303222656,3.071202278137207,56.616016439386414,71.73326627596036,71.35314522208748,74.56295642223986,74.56295642223986,80.83822569119636
38,26,1405,3,0.9218929409980774,304.4767761230469,312.81988525390625,-3.6205239295959473,2.4859530925750732,63.535253961126756,66.07452444025088,65.71247927792423,71.53337629167706,71.53337629167706,78.44486329122363
38,27,1406,3,0.9218929409980774,315.0687255859375,315.485107421875,-3.69633412361145,1.9182958602905273,61.78949119804145,66.86060321438205,66.37070719655101,70.04159845434107,70.04159845434107,76.22565739706373
38,28,1407,3,0.9218929409980774,327.1347351074219,318.980224609375,-3.801126003265381,1.2891831398010254,68.81150046547691,66.81374017294351,66.25779654000785,68.87269457379779,68.87269457379779,74.0989390368194
38,29,1408,3,0.9218929409980774,337.31121826171875,317.8957824707031,-3.70687198638916,0.7725504040718079,56.66064025162459,61.48258046313123,60.77482583639505,66.09379081459312,66.09379081459312,72.05901317833253
38,30,1409,3,0.9218929409980774,348.06976318359375,318.77496337890625,-3.6991066932678223,0.23972474038600922,57.49378528271045,61.65813423179603,61.09949220548739,64.0430602112731,64.0430602112731,70.17122584708122
38,31,1410,3,0.9218929409980774,357.07928466796875,316.267333984375,-3.5510098934173584,-0.19628284871578217,49.681389843905485,58.88736140835177,57.89785489931211,62.48013533555068,62.48013533555068,68.23251601478181
38,32,1411,3,0.9218929409980774,366.00860595703125,318.477294921875,-3.610309600830078,-0.6195399165153503,46.112105443880154,55.75188425751951,54.793941105281434,60.16478211729676,60.16478211729676,66.1756339712185
38,33,1412,3,0.9218929409980774,375.7445068359375,319.21807861328125,-3.6022212505340576,-1.0712826251983643,48.74728335724486,51.739040835873105,51.115642513309446,57.13635131195709,57.13635131195709,64.1189161169728
38,34,1413,3,0.9218929409980774,387.83111572265625,319.5009765625,-3.565556764602661,-1.6184358596801758,59.165908144666,52.24009441448139,51.68374049199092,55.31813424307626,55.31813424307626,62.01556408679211
38,35,1414,3,0.9218929409980774,398.18511962890625,319.6148376464844,-3.529566526412964,-2.075547933578491,49.47141226712283,50.63561981136387,50.09369483360877,53.11697476870054,53.11697476870054,59.764746971778216
38,36,1415,3,0.9218929409980774,409.17010498046875,318.18634033203125,-3.4284191131591797,-2.5492331981658936,52.25905969545438,51.15115378167364,50.84181603613671,51.705766996065464,51.705766996065464,57.70931499770284
38,37,1416,3,0.9218929409980774,425.0410461425781,318.5036926269531,-3.3829588890075684,-3.2139084339141846,71.88074929373605,56.30488255164482,56.19692045015531,51.986362865040235,51.986362865040235,55.98692966252672
38,38,1417,3,0.9218929409980774,435.49462890625,318.0452880859375,-3.3271114826202393,-3.6394896507263184,46.31051709959199,55.817529300114245,55.7349061156129,52.91021558550093,52.91021558550093,54.61979826966247
38,39,1418,3,0.9218929409980774,444.7881774902344,317.5666198730469,-3.2756683826446533,-4.010002136230469,40.35884266966706,52.05611620511446,51.98395411808651,52.97025831072004,52.97025831072004,53.59200915443722
38,40,1419,3,0.9218929409980774,449.20294189453125,318.8289794921875,-3.310411214828491,-4.183488368988037,19.08944661800678,45.979723075291254,45.73119789451272,52.09775892290084,52.09775892290084,52.8722102417149
38,41,1420,3,0.9218929409980774,458.88043212890625,319.4099426269531,-3.299989938735962,-4.558239936828613,40.44836682158631,43.61758450051764,43.43968314248008,50.6173323441695,50.6173323441695,52.200667113299644
38,42,1421,3,0.9218929409980774,468.8603210449219,318.2752990722656,-3.2223708629608154,-4.936924457550049,41.70650237804645,37.58273511737972,37.34110061462586,46.84616837706361,46.84616837706361,51.304837628780085
38,43,1422,3,0.9218929409980774,478.7243347167969,316.905517578125,-3.137683153152466,-5.303685188293457,40.61180418664282,36.44299253478989,36.142599808943494,42.92770711572973,42.92770711572973,50.05082907444641
38,44,1423,3,0.9218929409980774,500.1024169921875,317.39459228515625,-3.0894832611083984,-6.073924541473389,83.2653005163629,45.02428410412905,44.71703414078597,41.47432312026963,41.47432312026963,48.54910911090775
38,45,1424,3,0.9218929409980774,513.0966186523438,317.936767578125,-3.0702381134033203,-6.52633810043335,48.85599401209142,50.97759358294598,50.81994593083918,42.492072727534925,42.492072727534925,47.06080298834119
38,46,1425,3,0.9218929409980774,521.5375366210938,317.1539306640625,-3.0163235664367676,-6.814103126525879,31.58779732592694,49.205479683814104,49.061308564482395,43.616397811935386,43.616397811935386,45.72453720280051
38,47,1426,3,0.9218929409980774,533.4796752929688,316.7041320800781,-2.96541166305542,-7.213262557983398,43.415049692014826,49.547189146607785,49.431747299331526,46.03452714887652,46.03452714887652,44.85836123508276
38,48,1427,3,0.9218929409980774,542.5133666992188,317.42071533203125,-2.96569561958313,-7.509179592132568,31.92712865271173,47.810254039821565,47.73557169454081,48.35312152599598,48.35312152599598,44.53490254677225
38,49,1428,3,0.9218929409980774,552.2468872070312,317.1629638671875,-2.9292798042297363,-7.822377681732178,34.019248468892556,37.961043630327495,37.88689890584269,46.987094479007325,46.987094479007325,44.555034847049924
38,50,1429,3,0.9218929409980774,560.1845703125,317.10455322265625,-2.9054453372955322,-8.073564529418945,27.22280842440945,33.6344065127911,33.57554025106973,43.53821334305343,43.53821334305343,44.64225002238188
38,51,1430,3,0.9218929409980774,575.202880859375,315.2256164550781,-2.799593925476074,-8.53874683380127,51.47246130696543,37.6113393089988,37.507788784854064,41.22750938712776,41.22750938712776,44.60699091764734
38,52,1431,3,0.9218929409980774,587.859619140625,314.664306640625,-2.7478981018066406,-8.920879364013672,41.604647031435356,37.249258776882904,37.14540407255099,38.77024074177166,38.77024074177166,44.07530063396687
38,53,1432,3,0.9218929409980774,599.2664184570312,311.177734375,-2.600564956665039,-9.257789611816406,39.673729852720214,38.7985790168846,38.546076020994384,36.93234160706238,36.93234160706238,43.12043546184214
38,54,1433,3,0.9218929409980774,609.574462890625,310.8450622558594,-2.56532621383667,-9.556331634521484,32.433935931393435,38.481516509384775,38.231328626969955,37.00122755128782,37.00122755128782,41.82996409075805
38,55,1434,3,0.9218929409980774,617.162109375,309.98529052734375,-2.5191426277160645,-9.772589683532715,23.858667194069206,37.80868826331673,37.59798560585533,37.80571662224495,37.80571662224495,40.323191961650764
38,56,1435,3,0.9218929409980774,626.7237548828125,309.9839782714844,-2.4978716373443604,-10.040990829467773,29.049159644486064,33.324027930820854,33.063419143874924,36.916842694049116,36.916842694049116,38.884584563799585
38,57,1436,3,0.9218929409980774,637.751708984375,310.111083984375,-2.478022813796997,-10.344989776611328,32.86892646080726,31.576883816695236,31.276974692330377,35.743156818005,35.743156818005,37.771005060221235
38,58,1437,3,0.9218929409980774,646.4266967773438,309.8602600097656,-2.451188802719116,-10.580044746398926,25.525299700109155,28.747197786173025,28.713670762983355,33.77667576640279,33.77667576640279,36.706600257260526
38,59,1438,3,0.9218929409980774,662.4745483398438,310.82635498046875,-2.4487812519073486,-11.005687713623047,45.924253277964404,31.445261255487218,31.375765729021953,32.40556318681319,32.40556318681319,35.797360606552175
38,60,1439,3,0.9218929409980774,667.3648071289062,313.3695983886719,-2.5203840732574463,-11.13308334350586,15.767245919078023,29.826977000488984,29.357318611411785,30.75742978792448,30.75742978792448,34.91523034667534
38,61,1440,3,0.9218929409980774,687.5944213867188,310.75909423828125,-2.395204782485962,-11.64901065826416,57.27951509969217,35.4730480915302,34.769179318453766,31.09858182284025,31.09858182284025,34.0719952426114
38,62,1441,3,0.9218929409980774,699.458740234375,309.11865234375,-2.32031512260437,-11.943551063537598,32.78970777928889,35.45720435522653,34.6618918153075,31.77556524743567,31.77556524743567,33.21054504621007
38,63,1442,3,0.9218929409980774,707.9246826171875,308.3355712890625,-2.279815912246704,-12.150209426879883,22.720925576917892,34.896329530588275,34.082881935112006,32.849407481861405,32.849407481861405,32.6294828730404
38,64,1443,3,0.9218929409980774,723.515380859375,308.494873046875,-2.2558436393737793,-12.523353576660156,40.34230247005954,33.7799393690073,33.01240947696712,33.176736231450434,33.176736231450434,32.26285136067546
38,65,1444,3,0.9218929409980774,731.8604736328125,308.62744140625,-2.244701862335205,-12.719226837158203,21.167339740337784,34.859958133259255,34.73959731293487,34.25319197175505,34.25319197175505,32.330925104297215
38,66,1445,3,0.9218929409980774,740.7403564453125,308.18328857421875,-2.21529483795166,-12.92477798461914,22.40315374437269,27.88468586219536,27.80143116618489,32.85964234130128,32.85964234130128,32.39579355493837
38,67,1446,3,0.9218929409980774,750.5825805664062,308.32623291015625,-2.2022643089294434,-13.149215698242188,24.255836164796506,26.177911539296883,26.140753968016845,31.155414771843148,31.155414771843148,32.45264855264104
38,68,1447,3,0.9218929409980774,763.8529052734375,308.31707763671875,-2.179013967514038,-13.446328163146973,32.15409337462007,28.064545098837318,28.052651846444572,29.949368754109663,29.949368754109663,32.28847525710809
38,69,1448,3,0.9218929409980774,774.8231201171875,308.95574951171875,-2.17919921875,-13.687301635742188,25.999143942967276,25.195913393418866,25.1705567915361,28.380998217023453,28.380998217023453,31.803537109906348
38,70,1449,3,0.9218929409980774,782.3753662109375,308.20684814453125,-2.1445066928863525,-13.850813865661621,18.034391529433854,24.56932375123808,24.513393825108,26.33575751945808,26.33575751945808,30.873015686705873
38,71,1450,3,0.9218929409980774,795.5272216796875,308.2913818359375,-2.12532114982605,-14.1310396194458,30.30492542506931,26.149678087377403,26.101528228698793,25.995776931960858,25.995776931960858,29.84716435820736
38,72,1451,3,0.9218929409980774,808.4661865234375,308.1369323730469,-2.0999975204467773,-14.401266098022461,29.283047198772906,27.155120294172683,27.10724439058866,26.189075016475226,26.189075016475226,28.69514765031024
