track_id,frame_idx,class_id,label,confidence,bbox_x1,bbox_y1,bbox_x2,bbox_y2,rep_image_x,rep_image_y,world_x,world_y,raw_speed_kmh,smoothed_speed_kmh,affine_corrected_speed_kmh
1,3,3,Car,0.442995548248291,360.3257141113281,281.57049560546875,441.0691223144531,319.3544921875,400.6974182128906,319.3544921875,2.580097198486328,-22.65592384338379,,,
1,4,3,Car,0.5459346175193787,360.37799072265625,281.5851135253906,441.14776611328125,319.3875427246094,400.76287841796875,319.3875427246094,2.582829475402832,-22.645902633666992,0.7478647157549858,0.7478647157549858,5.622612683855467
1,5,3,Car,0.6444119215011597,360.3002624511719,281.6160888671875,441.1838684082031,319.47955322265625,400.7420654296875,319.47955322265625,2.592308521270752,-22.648418426513672,0.7061196863651276,0.7269922010600567,5.614772445523183
1,6,3,Car,0.6935341954231262,360.2550048828125,281.5435791015625,441.1822814941406,319.44573974609375,400.7186279296875,319.44573974609375,2.5891120433807373,-22.652149200439453,0.3537255674600601,0.6025699898600578,5.568036352441184
1,7,3,Car,0.7085912227630615,360.2127990722656,281.53765869140625,441.199951171875,319.4864196777344,400.70635986328125,319.4864196777344,2.5933315753936768,-22.65372085571289,0.32419635728001595,0.5329765817150474,5.5418953285067145
1,8,3,Car,0.7484848499298096,360.1950988769531,281.458251953125,441.2236328125,319.4455261230469,400.7093505859375,319.4455261230469,2.5891761779785156,-22.653539657592773,0.2994729280471802,0.4862758509814739,5.524353366524916
1,9,3,Car,0.7920950055122375,360.1185302734375,281.4382019042969,441.28326416015625,319.51824951171875,400.7008972167969,319.51824951171875,2.596595048904419,-22.654329299926758,0.537175890058279,0.44413808584213255,5.508525368494451
1,10,3,Car,0.7950214743614197,360.0213928222656,281.3758544921875,441.2811279296875,319.5414733886719,400.6512451171875,319.5414733886719,2.599398612976074,-22.66161346435547,0.5619645975530148,0.41530706807971,5.497695717447441
1,11,3,Car,0.7970961332321167,360.0718688964844,281.3679504394531,441.3157043457031,319.5679626464844,400.69378662109375,319.5679626464844,2.6016788482666016,-22.65506935119629,0.498959943652153,0.4443539433181286,5.508606449958872
1,12,3,Car,0.812299370765686,360.3337707519531,281.6499938964844,440.9650573730469,319.54010009765625,400.6494140625,319.54010009765625,2.5992770195007324,-22.661897659301758,0.5211654826998711,0.4837477684020996,5.523403755506038
1,13,3,Car,0.8191922307014465,360.33197021484375,281.6611328125,441.00836181640625,319.5565185546875,400.670166015625,319.5565185546875,2.6007423400878906,-22.658681869506836,0.2544409856200218,0.4747413799166679,5.520020730831198
1,14,3,Car,0.8175997734069824,360.2275695800781,281.6246337890625,441.0523681640625,319.58831787109375,400.63995361328125,319.58831787109375,2.6042320728302,-22.66299819946289,0.3996417671442032,0.44723455533385276,5.509688479847278
1,15,3,Car,0.819226086139679,360.27508544921875,281.61431884765625,441.0167236328125,319.5291442871094,400.6459045410156,319.5291442871094,2.598203420639038,-22.662494659423828,0.43557441607117653,0.4219565190374851,5.500193417463455
1,16,3,Car,0.8126187324523926,360.2511901855469,281.5932312011719,441.0493469238281,319.52069091796875,400.6502685546875,319.52069091796875,2.5973098278045654,-22.661897659301758,0.07737629860639572,0.33763979002833366,5.468521946129393
1,17,3,Car,0.7993371486663818,360.1748962402344,281.5472412109375,441.0990905761719,319.5259094238281,400.6369934082031,319.5259094238281,2.597959280014038,-22.663850784301758,0.14819561876356602,0.2630458172410727,5.440502585101178
1,18,3,Car,0.8072490692138672,360.0859375,281.5189208984375,441.086669921875,319.5279541015625,400.5863037109375,319.5279541015625,2.598634719848633,-22.671430587768555,0.5479083806276321,0.32173929624259473,5.462549323151125
1,19,3,Car,0.8102877736091614,360.119384765625,281.5268249511719,441.10076904296875,319.5248718261719,400.6100769042969,319.5248718261719,2.5981035232543945,-22.667890548706055,0.2577363308519125,0.29335820898413656,5.451888677249666
1,20,3,Car,0.814828097820282,360.1246337890625,281.541748046875,441.100341796875,319.5341491699219,400.61248779296875,319.5341491699219,2.599017858505249,-22.66746711730957,0.0725488169118762,0.2207530891522765,5.424616379112823
1,21,3,Car,0.8047206997871399,360.07855224609375,281.5096435546875,441.1546936035156,319.54962158203125,400.61663818359375,319.54962158203125,2.600541353225708,-22.666744232177734,0.12141341809183359,0.2295605130493641,5.4279246677141675
1,22,3,Car,0.8076221346855164,360.1629943847656,281.5232849121094,441.16473388671875,319.51904296875,400.66387939453125,319.51904296875,2.597017526626587,-22.659868240356445,0.5562978275120258,0.31118095479905605,5.458583346146395
1,23,3,Car,0.8078864216804504,360.1681823730469,281.5461730957031,441.1914978027344,319.53826904296875,400.6798400878906,319.53826904296875,2.5988106727600098,-22.657352447509766,0.22243906371295452,0.24608709141612053,5.43413246371318
1,24,3,Car,0.8220335841178894,360.24737548828125,281.52850341796875,441.21826171875,319.5019226074219,400.7328186035156,319.5019226074219,2.594651937484741,-22.649656295776367,0.6298491284251213,0.3205096509307623,5.462087437630867
1,25,3,Car,0.8242151737213135,360.3068542480469,281.5537414550781,441.1685791015625,319.4760437011719,400.73773193359375,319.4760437011719,2.591994524002075,-22.649089813232422,0.19563274830579758,0.34512643720954655,5.471334117976836
1,26,3,Car,0.828819751739502,360.3457946777344,281.5729064941406,441.13134765625,319.4598693847656,400.73858642578125,319.4598693847656,2.5903539657592773,-22.649066925048828,0.11813168507069349,0.3444700906053185,5.4710875777836225
1,27,3,Car,0.826805830001831,360.3631286621094,281.5684509277344,441.1588439941406,319.45831298828125,400.760986328125,319.45831298828125,2.5899899005889893,-22.645723342895508,0.24216079339385033,0.28164268378168344,5.447488033095494
1,28,3,Car,0.8257719278335571,360.3766784667969,281.5764465332031,441.1695556640625,319.4617919921875,400.77313232421875,319.4617919921875,2.590229034423828,-22.643882751464844,0.13363637868314981,0.2638821467757225,5.440816731382631
1,29,3,Car,0.8212823271751404,360.3309326171875,281.54876708984375,441.2150573730469,319.4820251464844,400.77301025390625,319.4820251464844,2.5922722816467285,-22.643768310546875,0.14734436944127083,0.1673811949789524,5.404568561363969
1,30,3,Car,0.8213644027709961,360.27679443359375,281.5351867675781,441.2099914550781,319.4980773925781,400.743408203125,319.4980773925781,2.594165802001953,-22.648096084594727,0.3401193916797638,0.19627852365374565,5.415423120447438
1,31,3,Car,0.8221418261528015,360.2607421875,281.54388427734375,441.19140625,319.513671875,400.72607421875,319.513671875,2.595900297164917,-22.650588989257812,0.21866018325090408,0.21638422328978776,5.422975323873226
1,32,3,Car,0.8238480091094971,360.2187194824219,281.53814697265625,441.1598205566406,319.51715087890625,400.68927001953125,319.51715087890625,2.5965917110443115,-22.656078338623047,0.39835594967007637,0.24762325454503298,5.434709484988478
1,33,3,Car,0.820025622844696,360.3224182128906,281.5393981933594,441.0870666503906,319.4341125488281,400.7047424316406,319.4341125488281,2.588066816329956,-22.65430450439453,0.6269389986991882,0.34628377854824066,5.471768844317182
1,34,3,Car,0.8198153972625732,360.3472595214844,281.5285339355469,441.13568115234375,319.4323425292969,400.741455078125,319.4323425292969,2.5875489711761475,-22.648818969726562,0.3967144712805748,0.3961577989161015,5.490502773217861
1,35,3,Car,0.822571873664856,360.3438720703125,281.5332946777344,441.14453125,319.4384765625,400.74420166015625,319.4384765625,2.5881428718566895,-22.648366928100586,0.05373822944238782,0.33888156646862627,5.468988388404777
1,36,3,Car,0.8168284296989441,360.5172119140625,281.61444091796875,441.0672607421875,319.39385986328125,400.792236328125,319.39385986328125,2.5831961631774902,-22.64146614074707,0.6113253235816956,0.4174145945347846,5.498487357072128
1,37,3,Car,0.8198146820068359,360.5528564453125,281.63568115234375,441.0523986816406,319.38568115234375,400.8026123046875,319.38568115234375,2.582275152206421,-22.63996696472168,0.12668296974152327,0.3630799985490739,5.478077924454996
1,38,3,Car,0.8195111751556396,360.5542297363281,281.6331481933594,441.0532531738281,319.38128662109375,400.8037414550781,319.38128662109375,2.5818212032318115,-22.63982582092285,0.034227746771648526,0.244537748163566,5.433550491653939
1,39,3,Car,0.8168742060661316,360.5353088378906,281.63134765625,441.0584411621094,319.38946533203125,400.796875,319.38946533203125,2.582710027694702,-22.64080047607422,0.09497347567230463,0.18418954904191195,5.410882199358868
1,40,3,Car,0.8131237030029297,360.5572814941406,281.6427307128906,441.05682373046875,319.3824462890625,400.80706787109375,319.3824462890625,2.5819075107574463,-22.639320373535156,0.12122407928109169,0.19768671900965273,5.4159520738280005
1,41,3,Car,0.8149510622024536,360.5581970214844,281.6431884765625,441.06298828125,319.3807067871094,400.81060791015625,319.3807067871094,2.5816993713378906,-22.63880157470703,0.04024756466969848,0.08347116722725331,5.373049857189737
1,42,3,Car,0.8132526278495789,360.5375061035156,281.64306640625,441.06561279296875,319.3851013183594,400.80157470703125,319.3851013183594,2.582226037979126,-22.640125274658203,0.10257307067513466,0.0786491874139756,5.371238601022374
1,43,3,Car,0.816384494304657,360.55859375,281.6565856933594,441.052001953125,319.3708190917969,400.8052978515625,319.3708190917969,2.5807504653930664,-22.63966178894043,0.11135896481573582,0.09407543102279306,5.3770330837779365
1,44,3,Car,0.8173893094062805,360.553955078125,281.6658935546875,441.036865234375,319.36444091796875,400.79541015625,319.36444091796875,2.580197811126709,-22.641183853149414,0.11658901255577803,0.09839853839948773,5.378656950986307
1,45,3,Car,0.820141077041626,360.5201721191406,281.6678161621094,441.0498046875,319.3798522949219,400.78497314453125,319.3798522949219,2.5818495750427246,-22.64264488220215,0.15877477079629898,0.1059086767025292,5.381477946686387
1,46,3,Car,0.8204571008682251,360.5160827636719,281.6653747558594,441.0621643066406,319.3775634765625,400.78912353515625,319.3775634765625,2.58158016204834,-22.642038345336914,0.047784915659576654,0.10741614690050483,5.382044190179502
1,47,3,Car,0.8196660280227661,360.5153503417969,281.671630859375,441.0719299316406,319.38055419921875,400.79364013671875,319.38055419921875,2.5818405151367188,-22.64134407043457,0.053386985789984465,0.09757892992347479,5.378349085552505
1,48,3,Car,0.8124323487281799,360.33905029296875,281.6333312988281,441.12933349609375,319.44451904296875,400.73419189453125,319.44451904296875,2.5888452529907227,-22.649826049804688,0.7920337915420532,0.23371389526873826,5.42948478191032
1,49,3,Car,0.8080050349235535,360.31951904296875,281.6315612792969,441.13079833984375,319.4450988769531,400.72515869140625,319.4450988769531,2.588987112045288,-22.651174545288086,0.09762743767350912,0.2299215802922845,5.428060293597289
1,50,3,Car,0.8101467490196228,360.2708435058594,281.6073913574219,441.1614990234375,319.4544677734375,400.7161865234375,319.4544677734375,2.5900156497955322,-22.65245819091797,0.11843148898333311,0.2218529239296913,5.42502950455109
1,51,3,Car,0.8137865662574768,360.2584228515625,281.5992736816406,441.1745300292969,319.4586486816406,400.71649169921875,319.4586486816406,2.5904347896575928,-22.65238380432129,0.03064964641816914,0.21842587008140982,5.4237422174493295
1,52,3,Car,0.8126451373100281,360.2796325683594,281.6014404296875,441.1788635253906,319.45172119140625,400.729248046875,319.45172119140625,2.5896177291870117,-22.65052032470703,0.14650088176131248,0.23704864927567543,5.430737398884175
1,53,3,Car,0.8141759037971497,360.299072265625,281.59710693359375,441.1971435546875,319.4449462890625,400.74810791015625,319.4449462890625,2.5887598991394043,-22.64773941040039,0.20953554287552834,0.12054899954237044,5.386977217953103
1,54,3,Car,0.8126751184463501,360.31219482421875,281.6058654785156,441.18450927734375,319.4378356933594,400.74835205078125,319.4378356933594,2.5880398750305176,-22.647748947143555,0.05184628302231431,0.11139276861213147,5.383537908709932
1,55,3,Car,0.8111268281936646,360.3204345703125,281.60980224609375,441.1835021972656,319.4341125488281,400.751953125,319.4341125488281,2.5876307487487793,-22.647233963012695,0.04735569516196847,0.09717760984785855,5.378198339699102
1,56,3,Car,0.8095337152481079,360.3133850097656,281.615234375,441.181396484375,319.4405517578125,400.74737548828125,319.4405517578125,2.588322877883911,-22.647878646850586,0.06810225499793887,0.1046681315638125,5.381011966918657
1,57,3,Car,0.8102295398712158,360.2829895019531,281.6037902832031,441.1956481933594,319.4513244628906,400.73931884765625,319.4513244628906,2.589484691619873,-22.64901351928711,0.1169362161308527,0.09875519843772054,5.378790921413168
1,58,3,Car,0.8119363188743591,360.2578430175781,281.5924377441406,441.2168273925781,319.4671630859375,400.7373352050781,319.4671630859375,2.59110164642334,-22.649208068847656,0.11726040299981833,0.08030017046257854,5.371858751530006
1,59,3,Car,0.8119093179702759,360.25732421875,281.5904235839844,441.21429443359375,319.4671936035156,400.7358093261719,319.4671936035156,2.591118812561035,-22.64943504333496,0.016388834570534527,0.07320868077222258,5.369195010715066
1,60,3,Car,0.8260670900344849,360.40545654296875,281.6423034667969,441.0640563964844,319.36920166015625,400.7347412109375,319.36920166015625,2.58123779296875,-22.650236129760742,0.7137676700949669,0.20649107575882225,5.419259210331908
1,61,3,Car,0.8207031488418579,360.4420471191406,281.65673828125,441.0562438964844,319.3557434082031,400.7491455078125,319.3557434082031,2.5797464847564697,-22.648168563842773,0.18354817293584347,0.2295802593464032,5.427932084916993
1,62,3,Car,0.8170917630195618,360.4413146972656,281.6795349121094,441.0415954589844,319.36505126953125,400.741455078125,319.36505126953125,2.580756902694702,-22.649259567260742,0.1070655444636941,0.22760612501297145,5.427190550707997
1,63,3,Car,0.8165313005447388,360.4248352050781,281.67523193359375,441.0520324707031,319.3690490722656,400.7384338378906,319.3690490722656,2.581188440322876,-22.64968490600586,0.04362616315484047,0.21287927704397588,5.421658778439643
1,64,3,Car,0.8180026412010193,360.4331970214844,281.6744689941406,441.0372009277344,319.35101318359375,400.7351989746094,319.35101318359375,2.579397678375244,-22.650287628173828,0.13604194298386574,0.23680989872664213,5.430647718209195
1,65,3,Car,0.8185648322105408,360.4155578613281,281.66595458984375,441.059326171875,319.3578796386719,400.7374267578125,319.3578796386719,2.5800702571868896,-22.6499080657959,0.055604787077754736,0.1051773221231997,5.381203231622527
1,66,3,Car,0.8193938136100769,360.38824462890625,281.6583557128906,441.07196044921875,319.36968994140625,400.7301025390625,319.36968994140625,2.581329822540283,-22.650928497314453,0.11671520210802555,0.09181072795763612,5.376182404689087
1,67,3,Car,0.8201072216033936,360.37225341796875,281.6495361328125,441.0760803222656,319.37237548828125,400.72418212890625,319.37237548828125,2.581655502319336,-22.651798248291016,0.06686835503205657,0.08377129007130861,5.373162590833035
1,68,3,Car,0.8203361630439758,360.3899841308594,281.6553955078125,441.0787353515625,319.3697509765625,400.734375,319.3697509765625,2.581296682357788,-22.650287628173828,0.1117908675223589,0.09740423094481229,5.378283464248645
1,69,3,Car,0.8208049535751343,360.39447021484375,281.6585693359375,441.0772399902344,319.3687438964844,400.73583984375,319.3687438964844,2.581181526184082,-22.650075912475586,0.01735251978971064,0.07366634630598128,5.369366921331184
1,70,3,Car,0.819519579410553,360.4070739746094,281.6742858886719,441.0605163574219,319.3686828613281,400.7337951660156,319.3686828613281,2.5811941623687744,-22.65038299560547,0.02212869585491717,0.06697112806141377,5.366852029978069
1,71,3,Car,0.8201643228530884,360.3992919921875,281.6722412109375,441.06402587890625,319.3713073730469,400.7316589355469,319.3713073730469,2.5814788341522217,-22.650684356689453,0.029848017962649465,0.04959769123233855,5.360326132769147
1,72,3,Car,0.8114408254623413,360.29254150390625,281.64093017578125,441.1661682128906,319.4571228027344,400.7293701171875,319.4571228027344,2.5901618003845215,-22.65046501159668,0.6253730580210686,0.16129863183014095,5.4022837985811965
1,73,3,Car,0.8080940246582031,360.30792236328125,281.64141845703125,441.15032958984375,319.4582824707031,400.7291259765625,319.4582824707031,2.5902812480926514,-22.650495529174805,0.008876486797817051,0.1407157556852326,5.394552355729266
1,74,3,Car,0.8076061010360718,360.31829833984375,281.6434631347656,441.1321716308594,319.4560241699219,400.7252197265625,319.4560241699219,2.5900893211364746,-22.651094436645508,0.04528142558410764,0.14630153684411198,5.396650514777069
1,75,3,Car,0.8067627549171448,360.33856201171875,281.6436767578125,441.12115478515625,319.4440612792969,400.7298583984375,319.4440612792969,2.588839054107666,-22.65047836303711,0.10035452339798212,0.16194670235272496,5.402527230071242
1,76,3,Car,0.8052573204040527,360.36572265625,281.6549377441406,441.1036376953125,319.43072509765625,400.73468017578125,319.43072509765625,2.5874483585357666,-22.649843215942383,0.11007869616150856,0.1779928379924968,5.4085545597709315
1,77,3,Car,0.8055189251899719,360.3705139160156,281.65264892578125,441.10284423828125,319.4234619140625,400.7366943359375,319.4234619140625,2.5866966247558594,-22.64958953857422,0.0571235460229218,0.06434293559286744,5.3658648151820705
1,78,3,Car,0.8048726916313171,360.36285400390625,281.6479797363281,441.1215515136719,319.4350280761719,400.7421875,319.4350280761719,2.587813377380371,-22.648691177368164,0.10319359134882689,0.0832063565030694,5.372950387661465
1,79,3,Car,0.8052947521209717,360.3758239746094,281.64892578125,441.1258239746094,319.4342346191406,400.7508239746094,319.4342346191406,2.587653636932373,-22.647403717041016,0.09340792894363403,0.09283165717497469,5.37656589122635
1,80,3,Car,0.8063179850578308,360.34747314453125,281.6490173339844,441.123779296875,319.4510498046875,400.7356262207031,319.4510498046875,2.589491128921509,-22.649568557739258,0.20444593392312527,0.1136499392800033,5.384385758442051
1,81,3,Car,0.8084596991539001,360.3388977050781,281.6476745605469,441.1189270019531,319.454833984375,400.7289123535156,319.454833984375,2.589935064315796,-22.650548934936523,0.07748678885400295,0.10713155781850218,5.381937291405575
1,82,3,Car,0.8071298599243164,360.33636474609375,281.6479797363281,441.12432861328125,319.46331787109375,400.7303466796875,319.46331787109375,2.590778112411499,-22.650278091430664,0.06375502701848745,0.10845785401761532,5.382435481415366
1,83,3,Car,0.8061286211013794,360.3291931152344,281.6479797363281,441.1081237792969,319.46307373046875,400.7186584472656,319.46307373046875,2.5908615589141846,-22.65203094482422,0.1263483725488186,0.11308881025761366,5.384174984353016
1,84,3,Car,0.8233256340026855,360.301025390625,281.6346740722656,441.0444030761719,319.4105529785156,400.6727294921875,319.4105529785156,2.585983991622925,-22.65925407409668,0.627533845603466,0.21991399358958005,5.424301193842086
1,85,3,Car,0.8211510181427002,360.3232727050781,281.6326904296875,441.051513671875,319.3846130371094,400.6873779296875,319.3846130371094,2.583230495452881,-22.657230377197266,0.24603665247559547,0.2282321373000741,5.42742569657334
1,86,3,Car,0.8184731006622314,360.31817626953125,281.6331787109375,441.0823669433594,319.390869140625,400.70025634765625,319.390869140625,2.583743095397949,-22.65526008605957,0.14658332616090775,0.24205144476145507,5.432616573938521
1,87,3,Car,0.8203132152557373,360.2999572753906,281.61767578125,441.1070556640625,319.3883361816406,400.7034912109375,319.3883361816406,2.5834574699401855,-22.6547908782959,0.039550081361085176,0.23721045562997461,5.430798177396009
1,88,3,Car,0.8205570578575134,360.30511474609375,281.6208801269531,441.11285400390625,319.3854675292969,400.708984375,319.3854675292969,2.5831172466278076,-22.653987884521484,0.06279089022427797,0.2244989591650665,5.426023421536378
1,89,3,Car,0.8210930824279785,360.3118896484375,281.6243591308594,441.1298828125,319.38897705078125,400.72088623046875,319.38897705078125,2.5833616256713867,-22.65218162536621,0.13123554177582264,0.1252392983995378,5.388739011461326
1,90,3,Car,0.8231235146522522,360.2965087890625,281.6259460449219,441.1290283203125,319.3946533203125,400.7127685546875,319.3946533203125,2.5840096473693848,-22.65336036682129,0.0968490606173873,0.09540178002789616,5.377531293622979
1,91,3,Car,0.823593020439148,360.28558349609375,281.62579345703125,441.1222229003906,319.39276123046875,400.70391845703125,319.39276123046875,2.583900213241577,-22.654699325561523,0.0967264836654067,0.08543041152879596,5.373785798330504
1,92,3,Car,0.8230265974998474,360.2854919433594,281.6239013671875,441.1305847167969,319.39190673828125,400.7080383300781,319.39190673828125,2.5837759971618652,-22.65408706665039,0.044980733189731836,0.08651654189452529,5.374193776049131
1,93,3,Car,0.8334231376647949,360.83453369140625,281.6229553222656,441.68133544921875,319.39630126953125,401.2579345703125,319.39630126953125,2.5791494846343994,-22.571775436401367,5.935791850090027,1.261116733867675,5.8154029731590455
1,94,3,Car,0.8327279090881348,362.2189636230469,281.6520690917969,443.0788879394531,319.4205627441406,402.64892578125,319.4205627441406,2.568804979324341,-22.364112854003906,14.970245361328125,4.228918697778136,6.930183585852912
1,95,3,Car,0.8102631568908691,363.4405822753906,281.6269226074219,444.7958984375,319.6287841796875,404.11822509765625,319.6287841796875,2.5762596130371094,-22.144567489624023,15.816376090049744,7.372824103664607,8.111113053939018
1,96,3,Car,0.8031721711158752,365.2804870605469,281.5455017089844,446.59814453125,319.53765869140625,405.9393310546875,319.53765869140625,2.5504918098449707,-21.876108169555664,19.417905807495117,11.237059968430549,9.562616650641726
1,97,3,Car,0.8105221390724182,366.80517578125,281.3490905761719,448.7420349121094,319.61859130859375,407.77362060546875,319.61859130859375,2.5419278144836426,-21.60614585876465,19.447064638137817,15.117476749420167,11.02019820400095
1,98,3,Car,0.8185287714004517,369.9283752441406,281.8024597167969,450.4350280761719,319.3404541015625,410.18170166015625,319.3404541015625,2.492528200149536,-21.256502151489258,25.424365282058716,19.015191435813904,12.484277283077597
1,99,3,Car,0.83197420835495,372.8123779296875,281.94976806640625,453.009521484375,319.2453308105469,412.91094970703125,319.2453308105469,2.458784341812134,-20.86198616027832,28.508864879608154,21.72291533946991,13.501366074388386
1,100,3,Car,0.8118253946304321,375.5101623535156,282.08929443359375,456.01025390625,319.3493347167969,415.76019287109375,319.3493347167969,2.443908452987671,-20.452407836914062,29.509084224700928,24.461456966400146,14.530030773004054
1,101,3,Car,0.796619713306427,378.620361328125,282.19793701171875,458.8692321777344,319.248291015625,418.74481201171875,319.248291015625,2.4078524112701416,-20.028499603271484,30.63159728050232,26.704195261001587,15.372459344913722
1,102,3,Car,0.8284031748771667,382.1449279785156,282.6582946777344,461.47869873046875,319.0980224609375,421.81182861328125,319.0980224609375,2.366605758666992,-19.597187042236328,31.196180820465088,29.05401849746704,16.255111698111058
1,103,3,Car,0.8436964750289917,385.2264709472656,282.2669982910156,466.0782470703125,319.4730529785156,425.65234375,319.4730529785156,2.3702075481414795,-19.05941390991211,38.72053241729736,31.713251924514772,17.25398625414586
1,104,3,Car,0.8539115786552429,388.9690246582031,282.3719482421875,470.0597839355469,319.8039855957031,429.514404296875,319.8039855957031,2.3693253993988037,-18.525226593017578,38.461538314819336,33.70378661155701,18.0016808459661
1,105,3,Car,0.8325339555740356,393.94049072265625,282.8277587890625,474.370849609375,320.0190734863281,434.1556701660156,320.0190734863281,2.3507678508758545,-17.892545700073242,45.57261514663696,36.916492795944215,19.208453606476546
1,106,3,Car,0.8511963486671448,398.0062561035156,282.93218994140625,478.7996826171875,320.3080139160156,438.4029541015625,320.3080139160156,2.342787981033325,-17.32074546813965,41.173624992370605,39.02489833831787,20.00042343833065
1,107,3,Car,0.8431742191314697,403.1001892089844,283.302490234375,482.9919128417969,320.2308654785156,443.0460510253906,320.2308654785156,2.296987771987915,-16.706096649169922,44.377405643463135,41.66114330291748,20.990662953158377
1,108,3,Car,0.8508822321891785,407.21844482421875,283.50164794921875,487.1202392578125,320.30389404296875,447.1693420410156,320.30389404296875,2.270153045654297,-16.166519165039062,38.897592544555664,41.69655532836914,21.003964595218658
1,109,3,Car,0.8387734293937683,411.57666015625,283.8886413574219,491.6088562011719,320.6021423339844,451.5927734375,320.6021423339844,2.2622764110565186,-15.593730926513672,41.244654178619385,42.25317850112915,21.213046174486635
1,110,3,Car,0.8659836053848267,415.530029296875,283.5344543457031,497.50244140625,321.24365234375,456.5162353515625,321.24365234375,2.282349109649658,-14.963258743286133,45.41699981689453,42.222055435180664,21.201355572839738
1,111,3,Car,0.8675119280815125,420.9173278808594,284.0230407714844,502.4494934082031,321.8044128417969,461.68341064453125,321.8044128417969,2.2927467823028564,-14.311859130859375,46.90674591064453,43.36867961883545,21.632056281825065
1,112,3,Car,0.8544516563415527,426.671142578125,284.67108154296875,506.4189147949219,321.7271423339844,466.5450439453125,321.7271423339844,2.2470781803131104,-13.710884094238281,43.394957542419434,43.172189998626706,21.558249868234157
1,113,3,Car,0.8505377769470215,433.9416198730469,285.616455078125,512.113037109375,321.8271179199219,473.02734375,321.8271179199219,2.2055580615997314,-12.921438217163086,56.91866397857666,46.77640428543091,22.91208285971498
1,114,3,Car,0.8564400672912598,438.3553771972656,285.46270751953125,517.7958984375,322.1887512207031,478.07562255859375,322.1887512207031,2.1992781162261963,-12.3152494430542,43.647934913635254,47.25706043243408,23.09262932493305
1,115,3,Car,0.8494240045547485,443.7767333984375,285.70068359375,523.1826782226562,322.3163146972656,483.4797058105469,322.3163146972656,2.1694798469543457,-11.677081108093262,45.99818515777588,47.37329750061035,23.13629087366676
1,116,3,Car,0.8577189445495605,447.43328857421875,285.4935607910156,530.6353149414062,324.070068359375,489.0343017578125,324.070068359375,2.28306245803833,-11.023604393005371,47.75575304031372,47.54309892654419,23.20007253428316
1,117,3,Car,0.8657376170158386,453.9930419921875,285.71649169921875,536.4459838867188,324.1979675292969,495.2195129394531,324.1979675292969,2.2472102642059326,-10.316176414489746,51.00018310546875,49.06414403915405,23.771415104707238
1,118,3,Car,0.8375351428985596,460.6212463378906,286.7642822265625,541.3973999023438,324.60174560546875,501.00933837890625,324.60174560546875,2.238948106765747,-9.663535118103027,46.99394130706787,47.0791995048523,23.025820314010144
1,119,3,Car,0.8751470446586609,466.93621826171875,286.65460205078125,548.6702880859375,325.0065612792969,507.8032531738281,325.0065612792969,2.223463296890259,-8.911081314086914,54.18814516067505,49.187241554260254,23.817653608819008
1,120,3,Car,0.8654423356056213,473.2104187011719,287.2174987792969,554.4149169921875,325.2514343261719,513.8126831054688,325.2514343261719,2.2003090381622314,-8.257450103759766,47.09096431732178,49.40579738616943,23.89974864317989
1,121,3,Car,0.885166347026825,478.918212890625,287.28692626953125,562.6943359375,326.6237487792969,520.8062744140625,326.6237487792969,2.2660670280456543,-7.505465507507324,54.349506855010986,50.724548149108884,24.395104398509023
1,122,3,Car,0.901161789894104,484.3245849609375,287.1552429199219,570.2645263671875,327.9918518066406,527.2945556640625,327.9918518066406,2.3339602947235107,-6.819971084594727,49.59708309173584,50.4439281463623,24.28969650997734
1,123,3,Car,0.901736855506897,489.94677734375,287.9040832519531,576.3228759765625,329.5617980957031,533.1348266601562,329.5617980957031,2.422312021255493,-6.211683750152588,44.25625562667847,49.896391010284425,24.084027873238085
1,124,3,Car,0.9107122421264648,497.2024230957031,288.0196533203125,584.7457275390625,330.6451416015625,540.9740600585938,330.6451416015625,2.4542362689971924,-5.413793563842773,57.494060039520264,50.55757398605347,24.332384728511332
1,125,3,Car,0.9183485507965088,503.73040771484375,288.4317626953125,593.0209350585938,332.4271240234375,548.3756713867188,332.4271240234375,2.5458552837371826,-4.672456741333008,53.782329082489014,51.895846939086915,24.83507350649452
1,126,3,Car,0.9205077886581421,510.8938293457031,288.6906433105469,601.4571533203125,333.8699035644531,556.1754760742188,333.8699035644531,2.6053013801574707,-3.908095121383667,55.20022201538086,52.06598997116089,24.898983482917306
1,127,3,Car,0.9147486090660095,519.2506103515625,290.6312255859375,606.781494140625,334.7140808105469,563.0160522460938,334.7140808105469,2.6226749420166016,-3.2516956329345703,47.277315616607666,51.602036476135254,24.724710951348303
1,128,3,Car,0.9132732152938843,527.4530029296875,291.885986328125,614.0402221679688,335.7114562988281,570.74658203125,335.7114562988281,2.6453962326049805,-2.523303508758545,52.46974182128906,53.24473371505737,25.341749101718424
1,129,3,Car,0.9175565838813782,534.1348266601562,292.4471740722656,622.0427856445312,337.2841491699219,578.0888061523438,337.2841491699219,2.7158074378967285,-1.8423744440078735,49.288307189941406,51.6035831451416,24.725291918893813
1,130,3,Car,0.919827938079834,543.1797485351562,293.65716552734375,630.0519409179688,338.2878723144531,586.6158447265625,338.2878723144531,2.7318925857543945,-1.069745421409607,55.64134454727173,51.975386238098146,24.864950455685616
1,131,3,Car,0.9112125039100647,551.226806640625,294.5799865722656,638.0271606445312,339.4266357421875,594.626953125,339.4266357421875,2.761800527572632,-0.35785767436027527,51.30113124847412,51.1955680847168,24.572031261821746
1,132,3,Car,0.9173774123191833,560.2380981445312,296.1416320800781,646.378173828125,340.62689208984375,603.30810546875,340.62689208984375,2.7909812927246094,0.39793798327445984,54.45782947540283,52.63167085647583,25.11146736546373
1,133,3,Car,0.9200469255447388,569.3607788085938,297.3140563964844,654.6907348632812,341.4277648925781,612.0257568359375,341.4277648925781,2.789130926132202,1.1399595737457275,53.42571544647217,52.82286558151245,25.183284884055613
1,134,3,Car,0.9124953150749207,579.1634521484375,298.5339660644531,662.0213623046875,341.2895202636719,620.5924072265625,341.2895202636719,2.718165636062622,1.8516361713409424,51.4948296546936,53.26417007446289,25.349049884220122
1,135,3,Car,0.9021204710006714,589.1337280273438,299.8267517089844,668.6055297851562,340.3435363769531,628.86962890625,340.3435363769531,2.590757131576538,2.5235977172851562,49.24322462081909,51.98454608917236,24.868391124745365
1,136,3,Car,0.8783283829689026,600.3427734375,302.2813720703125,674.5282592773438,338.8921813964844,637.435546875,338.8921813964844,2.426776170730591,3.2043821811676025,50.4183669090271,51.807993221282956,24.80207345374441
1,137,3,Car,0.8700912594795227,606.4916381835938,301.34228515625,682.7168579101562,338.25653076171875,644.604248046875,338.25653076171875,2.334113359451294,3.7655625343322754,40.952104568481445,49.10684823989868,23.78745587011194
1,138,3,Car,0.8847563862800598,611.0449829101562,299.5211486816406,692.1897583007812,338.7143859863281,651.6173706054688,338.7143859863281,2.3228719234466553,4.308603763580322,39.10734558105469,46.24317426681519,22.711788333972454
1,139,3,Car,0.8988791108131409,612.822265625,295.5184020996094,702.3694458007812,339.36236572265625,657.5958251953125,339.36236572265625,2.3319091796875,4.7654008865356445,32.89582800865173,42.52337393760681,21.314538335313557
1,140,3,Car,0.8968079686164856,614.0440063476562,291.6944885253906,710.1580200195312,339.8623046875,662.1010131835938,339.8623046875,2.3394696712493896,5.105600833892822,24.500445127487183,37.57481803894043,19.455737025877
1,141,3,Car,0.9034596085548401,616.854248046875,289.3547668457031,715.6051025390625,340.1120910644531,666.2296752929688,340.1120910644531,2.3315322399139404,5.413845062255859,22.200942277908325,31.931333112716676,17.3359030004642
1,142,3,Car,0.9113563895225525,618.7395629882812,284.44134521484375,723.8883666992188,340.2778015136719,671.31396484375,340.2778015136719,2.311836004257202,5.789215564727783,27.06385588645935,29.153683376312255,16.29254831822729
1,143,3,Car,0.9143657684326172,619.5335693359375,280.1132507324219,728.1900634765625,339.9120178222656,673.86181640625,339.9120178222656,2.2704379558563232,5.974667072296143,13.681147813796997,24.06844382286072,14.382405210962055
1,144,3,Car,0.9211486577987671,622.6237182617188,277.4652404785156,731.6444091796875,339.5972900390625,677.134033203125,339.5972900390625,2.2284889221191406,6.211702346801758,17.33173942565918,20.95562610626221,13.213153056164742
1,145,3,Car,0.9229324460029602,625.3129272460938,274.1568603515625,735.2646484375,339.0830078125,680.288818359375,339.0830078125,2.173579216003418,6.438143253326416,16.776241064071655,19.410785293579103,12.63287222590065
1,146,3,Car,0.9235009551048279,627.1785888671875,270.35589599609375,738.0834350585938,338.3198547363281,682.6309814453125,338.3198547363281,2.106445789337158,6.604376792907715,12.907992482185364,17.552195334434508,11.934739372496962
1,147,3,Car,0.9250035285949707,630.3513793945312,268.06219482421875,739.015380859375,336.9359130859375,684.683349609375,336.9359130859375,1.9980894327163696,6.74771785736084,12.937533259391785,14.726930809020995,10.873499385138512
1,148,3,Car,0.9225568175315857,633.8549194335938,265.92340087890625,740.3294067382812,335.5406799316406,687.0921630859375,335.5406799316406,1.887415885925293,6.915698528289795,14.483662605285645,14.887433767318726,10.933788308849095
1,149,3,Car,0.9187929630279541,636.676025390625,262.951904296875,741.5557250976562,333.5142517089844,689.1158447265625,333.5142517089844,1.7356325387954712,7.05423641204834,14.796119570732117,14.380309796333313,10.7432998672477
1,150,3,Car,0.9143821597099304,639.9536743164062,258.9856872558594,743.9550170898438,331.24493408203125,691.954345703125,331.24493408203125,1.5634058713912964,7.248890399932861,18.713379621505737,14.76773750782013,10.888827401374936
1,151,3,Car,0.9142104983329773,642.2376098632812,256.64569091796875,744.8282470703125,330.1253967285156,693.532958984375,330.1253967285156,1.477895975112915,7.3569769859313965,9.923118710517883,14.170762753486633,10.664588759278416
1,152,3,Car,0.9149848818778992,643.9063720703125,253.3328399658203,746.6887817382812,329.08294677734375,695.297607421875,329.08294677734375,1.397044062614441,7.477850914001465,10.47037947177887,13.67733199596405,10.479243830983997
1,153,3,Car,0.9190028309822083,647.2559204101562,251.31246948242188,747.7824096679688,327.418212890625,697.5191650390625,327.418212890625,1.271439790725708,7.6286211013793945,14.128902912139893,13.6063800573349,10.452592509036421
1,154,3,Car,0.9170548319816589,648.905517578125,248.41131591796875,748.5926513671875,325.86810302734375,698.7490844726562,325.86810302734375,1.1589674949645996,7.710419654846191,10.013184070587158,12.649792957305909,10.093274479588032
1,155,3,Car,0.9150585532188416,651.47705078125,246.1036376953125,749.1668701171875,323.7564392089844,700.3219604492188,323.7564392089844,1.0066545009613037,7.81445837020874,13.28069293498993,11.563255620002746,9.68514389226353
1,156,3,Car,0.9217881560325623,653.5345458984375,243.69349670410156,750.1508178710938,322.3886413574219,701.8426513671875,322.3886413574219,0.9060065150260925,7.916207313537598,10.304521322250366,11.639536142349243,9.713796763469933
1,157,3,Car,0.9225736856460571,655.4511108398438,240.9696807861328,750.860595703125,320.5025329589844,703.1558837890625,320.5025329589844,0.7710943818092346,8.002300262451172,11.522987723350525,11.850057792663574,9.792873958369254
1,158,3,Car,0.9238430857658386,657.902099609375,237.0181884765625,752.2040405273438,317.8673095703125,705.0531005859375,317.8673095703125,0.5829129815101624,8.12648868560791,16.23356580734253,12.270990371704102,9.950986758371354
1,159,3,Car,0.9179761409759521,660.5067138671875,234.56712341308594,752.6434326171875,315.7801208496094,706.5750732421875,315.7801208496094,0.4342786371707916,8.225842475891113,12.87237274646759,12.842828106880187,10.165783307646869
1,160,3,Car,0.9173206090927124,661.5944213867188,231.30885314941406,753.0343017578125,313.7685546875,707.3143310546875,313.7685546875,0.2941915988922119,8.271866798400879,10.616671442985535,12.31002380847931,9.96564869306004
1,161,3,Car,0.9162079095840454,663.8814697265625,229.0941925048828,753.5536499023438,311.8131103515625,708.717529296875,311.8131103515625,0.1556975394487381,8.363022804260254,11.93768298625946,12.636656141281128,10.088339963068723
1,162,3,Car,0.9138177037239075,664.8587646484375,225.93963623046875,754.1589965820312,309.8670959472656,709.5089111328125,309.8670959472656,0.020347973331809044,8.412537574768066,10.376800417900085,12.40741868019104,10.002232641746758
1,163,3,Car,0.9076982736587524,667.4230346679688,222.5001678466797,755.2850341796875,306.9748229980469,711.35400390625,306.9748229980469,-0.18265114724636078,8.531180381774902,16.92915165424347,12.546535849571228,10.054488528495192
1,164,3,Car,0.9107930660247803,670.9746704101562,219.84963989257812,756.42578125,304.2276306152344,713.7001953125,304.2276306152344,-0.3766244053840637,8.683394432067871,17.75274431705475,13.52261016368866,10.421126442735552
1,165,3,Car,0.9090602397918701,673.168212890625,217.3394317626953,755.3338623046875,300.435791015625,714.2510375976562,300.435791015625,-0.6354719996452332,8.712459564208984,18.754149198532104,15.150105714797974,11.032454459120988
1,166,3,Car,0.9082236289978027,674.75634765625,213.7456512451172,755.3715209960938,297.3787841796875,715.06396484375,297.3787841796875,-0.8449832797050476,8.760612487792969,15.47810447216034,15.858190011978149,11.298428623249292
1,167,3,Car,0.9051342010498047,676.025390625,209.1612091064453,755.6109619140625,294.1552429199219,715.8181762695312,294.1552429199219,-1.0653809309005737,8.804428100585938,16.179175972938538,17.01866512298584,11.734332086821556
1,168,3,Car,0.9162681698799133,677.9847412109375,204.35308837890625,756.0118408203125,290.1637268066406,716.998291015625,290.1637268066406,-1.3384428024291992,8.875067710876465,20.307669639587402,17.694368720054626,11.988143250470518
1,169,3,Car,0.9183434247970581,679.2881469726562,200.65821838378906,755.1705322265625,286.51898193359375,717.2293701171875,286.51898193359375,-1.5858335494995117,8.882953643798828,17.821181416511536,17.708056139945985,11.99328458756721
1,170,3,Car,0.9151787161827087,680.7932739257812,197.14111328125,753.6517333984375,281.58587646484375,717.2225341796875,281.58587646484375,-1.9202390909194946,8.872272491455078,24.089479207992554,18.775122141838075,12.394101254527927
1,171,3,Car,0.9143776893615723,682.3721313476562,193.22451782226562,753.2481689453125,277.6857604980469,717.8101806640625,277.6857604980469,-2.185467004776001,8.903453826904297,19.227926015853882,19.525086450576783,12.675806597997903
1,172,3,Car,0.9114914536476135,682.7926025390625,189.0760040283203,752.2384643554688,274.22625732421875,717.5155029296875,274.22625732421875,-2.4198594093322754,8.876596450805664,16.98667860031128,19.68658697605133,12.736470232879281
1,173,3,Car,0.9032690525054932,684.6229248046875,185.06869506835938,751.7099609375,270.0843200683594,718.1664428710938,270.0843200683594,-2.7014286518096924,8.911510467529297,20.428244590759277,19.710701966285704,12.745528426086068
1,174,3,Car,0.9044724106788635,686.0733032226562,180.98577880859375,750.9320068359375,265.8616027832031,718.502685546875,265.8616027832031,-2.988172769546509,8.925224304199219,20.6691734790802,20.28030037879944,12.959483829786539
1,175,3,Car,0.8904333710670471,687.6456298828125,177.63961791992188,749.5513305664062,261.788818359375,718.5985107421875,261.788818359375,-3.264711856842041,8.923195838928223,19.9113507270813,19.444674682617187,12.645601927658081
1,176,3,Car,0.867586612701416,690.2461547851562,174.0933837890625,747.9329833984375,255.94769287109375,719.089599609375,255.94769287109375,-3.6613593101501465,8.943902015686035,28.597504377365112,21.318590354919433,13.349491502066613
1,177,3,Car,0.8418629765510559,690.913818359375,171.2873992919922,745.1512451171875,251.49365234375,718.0325317382812,251.49365234375,-3.9648332595825195,8.864008903503418,22.594621896743774,22.44017901420593,13.770788242211104
1,178,3,Car,0.8897221088409424,688.2713623046875,167.0061798095703,742.1653442382812,248.1218719482422,715.2183837890625,248.1218719482422,-4.197151184082031,8.668000221252441,21.885042428970337,22.731538581848145,13.88023017980671
1,179,3,Car,0.8908265233039856,687.493408203125,162.43820190429688,741.5753173828125,244.75576782226562,714.5343627929688,244.75576782226562,-4.427937030792236,8.614809036254883,17.052210330963135,22.00814595222473,13.608505823304412
1,180,3,Car,0.9017423391342163,684.7548217773438,157.4393768310547,741.0167846679688,243.05062866210938,712.8858032226562,243.05062866210938,-4.546796798706055,8.49975299835205,11.910622715950012,20.408000349998474,13.007451131468176
1,181,3,Car,0.9056184887886047,683.5100708007812,152.9226837158203,739.92578125,238.20941162109375,711.7178955078125,238.20941162109375,-4.880619525909424,8.410257339477539,24.884005308151245,19.6653005361557,12.728474513893484
1,182,3,Car,0.9124900698661804,681.2731323242188,148.21556091308594,738.7337036132812,233.751708984375,710.00341796875,233.751708984375,-5.190260410308838,8.284029960632324,24.07545018196106,19.961466193199158,12.839721738820433
1,183,3,Car,0.9154670834541321,677.5530395507812,144.14085388183594,736.600341796875,229.96803283691406,707.07666015625,229.96803283691406,-5.457594871520996,8.075560569763184,24.408657789230347,20.46618926525116,13.029308342759967
1,184,3,Car,0.9157363176345825,674.5900268554688,139.80972290039062,735.4429321289062,226.22955322265625,705.0164794921875,226.22955322265625,-5.721334457397461,7.925617218017578,21.843614101409912,21.424470019340514,13.389262551014781
1,185,3,Car,0.9077537655830383,671.8693237304688,134.9201202392578,734.7966918945312,222.01181030273438,703.3330078125,222.01181030273438,-6.018561363220215,7.799985408782959,23.23349618911743,23.689044713974,14.239893420686482
1,186,3,Car,0.9111466407775879,669.365966796875,131.80471801757812,733.2382202148438,217.5303955078125,701.3021240234375,217.5303955078125,-6.336562156677246,7.649055480957031,25.3440363407135,23.78105092048645,14.27445325200772
1,187,3,Car,0.9125632643699646,665.5714111328125,128.41085815429688,730.763671875,212.4713592529297,698.1675415039062,212.4713592529297,-6.700622081756592,7.418753623962402,31.01675820350647,25.169312524795533,14.795919017126323
1,188,3,Car,0.9051574468612671,661.65478515625,124.19644927978516,728.949951171875,207.7518768310547,695.3023681640625,207.7518768310547,-7.0424909591674805,7.2065043449401855,28.97265100479126,26.082111167907716,15.138789007445336
1,189,3,Car,0.9141302704811096,655.5059814453125,120.62040710449219,725.90576171875,204.8418426513672,690.7058715820312,204.8418426513672,-7.266825199127197,6.873615741729736,28.902477979660034,27.49388394355774,15.669086156298874
1,190,3,Car,0.9172784686088562,650.7645874023438,117.62283325195312,722.4779052734375,200.66644287109375,686.6212158203125,200.66644287109375,-7.580901622772217,6.5711493492126465,31.3948016166687,29.12614502906799,16.282204226543662
1,191,3,Car,0.9233754873275757,643.6882934570312,113.88218688964844,718.2708129882812,197.24314880371094,680.9795532226562,197.24314880371094,-7.852270126342773,6.154152870178223,35.82149577140808,31.221636915206908,17.069323366274595
1,192,3,Car,0.9137718081474304,639.2716674804688,110.70376586914062,713.6339111328125,190.60888671875,676.4527587890625,190.60888671875,-8.351828575134277,5.806227207183838,43.83202886581421,33.78469104766846,18.032070574780466
1,193,3,Car,0.9172045588493347,635.7801513671875,109.41785430908203,708.2454833984375,183.69300842285156,672.0128173828125,183.69300842285156,-8.8767671585083,5.460206985473633,45.267937660217285,37.04374837875366,19.256253984769344
1,194,3,Car,0.9182906746864319,629.3681640625,106.8507308959961,703.2179565429688,179.6517791748047,666.2930908203125,179.6517791748047,-9.207023620605469,5.021019458770752,39.56431245803833,39.17611527442932,20.057224299957515
1,195,3,Car,0.9119110703468323,622.98876953125,103.42053985595703,699.7066650390625,176.29322814941406,661.3477172851562,176.29322814941406,-9.486252784729004,4.636830806732178,34.19581961631775,39.73631887435913,20.267650777181146
1,196,3,Car,0.9094232320785522,615.1226806640625,98.75438690185547,696.3283081054688,173.81915283203125,655.7254638671875,173.81915283203125,-9.708552360534668,4.198054790496826,35.41503381729126,39.655026483535764,20.23711532287812
1,197,3,Car,0.9168139100074768,607.8515014648438,95.14801025390625,692.1234130859375,171.30015563964844,649.9874267578125,171.30015563964844,-9.938026428222656,3.744249105453491,36.61382246017456,38.21138520240784,19.694847566654445
1,198,3,Car,0.9152988791465759,604.1090087890625,92.305419921875,684.8897705078125,163.3458251953125,644.4993896484375,163.3458251953125,-10.575247764587402,3.28938364982605,56.36977243423462,40.43175215721131,20.528872904052495
1,199,3,Car,0.914980411529541,597.9609375,88.0428466796875,678.8412475585938,157.57981872558594,638.401123046875,157.57981872558594,-11.06194019317627,2.7849700450897217,50.466947078704834,42.6122790813446,21.347933329930065
1,200,3,Car,0.9146776795387268,590.9369506835938,83.12728118896484,673.8424682617188,153.6871337890625,632.3897094726562,153.6871337890625,-11.412752151489258,2.2853009700775146,43.957650661468506,44.564645290374756,22.081290887197017
1,201,3,Car,0.9037238359451294,584.1644287109375,78.48800659179688,668.7152709960938,149.65292358398438,626.4398193359375,149.65292358398438,-11.778990745544434,1.782924771308899,44.76249361038208,46.43413724899292,22.783518804152962
1,202,3,Car,0.905928909778595,576.7314453125,73.30216217041016,664.4833374023438,146.65988159179688,620.607421875,146.65988159179688,-12.069036483764648,1.2860918045043945,41.42156410217285,47.39568557739258,23.144700395008083
1,203,3,Car,0.9149077534675598,570.7982788085938,69.44670104980469,657.5277099609375,141.4792938232422,614.1629638671875,141.4792938232422,-12.540247917175293,0.7230820059776306,52.860958099365234,46.693922710418704,22.881100718101024
1,204,3,Car,0.9165255427360535,566.1471557617188,66.00776672363281,649.2146606445312,133.9534454345703,607.680908203125,133.9534454345703,-13.20389461517334,0.14026473462581635,63.59287118911743,49.31910753250122,23.86718576689577
1,205,3,Car,0.9124830365180969,557.7596435546875,62.178802490234375,642.1438598632812,130.577880859375,599.9517822265625,130.577880859375,-13.565518379211426,-0.5498274564743042,56.095298767089844,51.746637153625485,24.77902658083057
1,206,3,Car,0.9083123803138733,550.9887084960938,58.53337097167969,636.2402954101562,126.7589111328125,593.614501953125,126.7589111328125,-13.951452255249023,-1.1291718482971191,50.120731830596924,52.818284797668454,25.181564227124213
1,207,3,Car,0.9124621748924255,543.937255859375,56.45270919799805,628.7418212890625,123.24061584472656,586.3395385742188,123.24061584472656,-14.332311630249023,-1.803044319152832,55.731810092926025,55.68033399581909,26.256621457179545
1,208,3,Car,0.9199598431587219,537.136474609375,55.69307327270508,620.683349609375,119.96502685546875,578.909912109375,119.96502685546875,-14.7027587890625,-2.503260850906372,57.03628206253052,56.515398788452146,26.570292669912334
1,209,3,Car,0.913638174533844,532.4226684570312,55.8197021484375,610.6630249023438,114.08184051513672,571.5428466796875,114.08184051513672,-15.294503211975098,-3.2203245162963867,66.93838834762573,57.18450222015381,26.821624646445272
1,210,3,Car,0.9036030769348145,526.2255249023438,55.691123962402344,599.7068481445312,108.09805297851562,562.9661865234375,108.09805297851562,-15.925992012023926,-4.069942474365234,76.21902465820312,61.20924739837646,28.33341955401516
1,211,3,Car,0.9063026905059814,518.5423583984375,53.5395622253418,592.3524780273438,103.89392852783203,555.4473876953125,103.89392852783203,-16.40377426147461,-4.827102184295654,64.46178674697876,64.07745838165283,29.410791304608342
1,212,3,Car,0.9131370186805725,507.0391845703125,51.130836486816406,584.7911987304688,102.64834594726562,545.9151611328125,102.64834594726562,-16.674339294433594,-5.793354511260986,72.24614524841309,67.38032541275024,30.651430733164307
1,213,3,Car,0.9134059548377991,494.8155212402344,49.09608840942383,579.5835571289062,104.86394500732422,537.1995239257812,104.86394500732422,-16.63772201538086,-6.684874057769775,64.24352788925171,68.82177457809448,31.192875075896737
1,214,3,Car,0.908716082572937,486.30609130859375,46.48358154296875,570.9653930664062,101.6937255859375,528.6357421875,101.6937255859375,-17.06854248046875,-7.603017807006836,73.02214050292969,70.03852500915528,31.64991695656395
1,215,3,Car,0.9126721620559692,475.3985290527344,43.940452575683594,563.545166015625,101.26818084716797,519.4718627929688,101.26818084716797,-17.277982711791992,-8.59697151184082,73.1361665725708,69.42195339202881,31.41831724288082
1,216,3,Car,0.9215463399887085,466.699462890625,41.95094680786133,554.5870971679688,98.89178466796875,510.6432800292969,98.89178466796875,-17.66118812561035,-9.587054252624512,76.43912029266357,71.81742010116577,32.31811442550039
1,217,3,Car,0.9179918766021729,456.12640380859375,39.42426300048828,546.1790161132812,97.75643920898438,501.1527099609375,97.75643920898438,-17.9547176361084,-10.672476768493652,80.95764255523682,73.55971956253052,32.97256566067553
1,218,3,Car,0.9049186110496521,445.868408203125,36.364906311035156,536.96728515625,95.63481140136719,491.4178466796875,95.63481140136719,-18.352338790893555,-11.820887565612793,87.50147724151611,78.2113094329834,34.71981910576439
1,219,3,Car,0.911537230014801,436.2926330566406,33.324623107910156,528.0567626953125,93.20586395263672,482.1746826171875,93.20586395263672,-18.779056549072266,-12.943404197692871,86.46392154693604,80.89966564178467,35.729632906695365
1,220,3,Car,0.9162747263908386,428.4580078125,31.210750579833984,517.0880126953125,89.07950592041016,472.77301025390625,89.07950592041016,-19.382192611694336,-14.125146865844727,95.52662944793701,85.37775821685791,37.41171643020725
1,221,3,Car,0.8978114724159241,422.50115966796875,28.614198684692383,503.7257080078125,80.9714126586914,463.1134338378906,80.9714126586914,-20.39280128479004,-15.39515495300293,116.85869693756104,93.4616735458374,40.44823712565517
1,222,3,Car,0.9092420339584351,411.0799865722656,25.08300018310547,495.45269775390625,79.04524993896484,453.266357421875,79.04524993896484,-20.833520889282227,-16.69438362121582,98.7799301147461,97.02613105773926,41.78713647856331
1,223,3,Car,0.9147441387176514,398.84765625,22.2452449798584,486.1330871582031,78.03044891357422,442.4903564453125,78.03044891357422,-21.222251892089844,-18.15496253967285,108.8225326538086,101.29034214019775,43.38888076641178
1,247,3,Car,0.9242753982543945,223.41287231445312,22.22806739807129,321.7882080078125,105.46849822998047,272.60052490234375,105.46849822998047,-23.77768898010254,-49.2415771484375,93.57441329956056,102.71244049072266,43.9230564593277
1,248,3,Car,0.9206682443618774,222.39297485351562,25.84325408935547,318.6065673828125,109.80268859863281,270.499755859375,109.80268859863281,-23.282634735107422,-49.71064376831055,49.102848529815674,93.42768430709839,40.43546991785383
1,249,3,Car,0.9170790910720825,220.37942504882812,28.643199920654297,315.09527587890625,114.453857421875,267.73736572265625,114.453857421875,-22.76766586303711,-50.345794677734375,58.87335920333862,81.8306167602539,36.07932142057037
1,250,3,Car,0.9165666699409485,219.63394165039062,30.493864059448242,313.2381591796875,118.46866607666016,266.43603515625,118.46866607666016,-22.276412963867188,-50.624351501464844,40.66077375411987,70.20678548812866,31.713119798978326
1,251,3,Car,0.9190826416015625,219.82937622070312,33.67736053466797,311.1728820800781,122.57735443115234,265.5011291503906,122.57735443115234,-21.75635528564453,-50.809791564941406,39.75338888168335,56.39295673370361,26.524300373097418
1,252,3,Car,0.9197924137115479,219.6731414794922,36.42403793334961,309.03662109375,126.35346984863281,264.3548889160156,126.35346984863281,-21.287853240966797,-51.05377197265625,38.032127380371094,45.28449954986572,22.35168614341831
1,253,3,Car,0.9218184947967529,220.18670654296875,40.14787673950195,306.0915222167969,129.3412628173828,263.13909912109375,129.3412628173828,-20.92724609375,-51.32645797729492,32.55126070976257,41.974181985855104,21.108248108436822
1,254,3,Car,0.9175825715065002,220.5895233154297,43.99017333984375,303.3522644042969,132.53741455078125,261.97088623046875,132.53741455078125,-20.535066604614258,-51.58539962768555,33.836594581604004,36.96682906150818,19.22736116622901
1,255,3,Car,0.9172157645225525,219.86541748046875,46.61148452758789,302.0455017089844,137.3583984375,260.9554443359375,137.3583984375,-19.914684295654297,-51.785118103027344,46.9250922203064,38.21969275474548,19.69796809100127
1,256,3,Car,0.9158627986907959,220.0526580810547,48.81281661987305,299.9687805175781,140.01919555664062,260.0107116699219,140.01919555664062,-19.584585189819336,-51.99490737915039,28.160834312438965,35.901181840896605,18.827077428986787
1,257,3,Car,0.9150872230529785,220.0894012451172,51.78377914428711,297.975830078125,143.85562133789062,259.0326232910156,143.85562133789062,-19.094097137451172,-52.19883346557617,38.2457857131958,35.943913507461545,18.84312851124024
1,258,3,Car,0.9165220260620117,220.47935485839844,55.490840911865234,295.6162109375,147.55372619628906,258.04779052734375,147.55372619628906,-18.621259689331055,-52.406917572021484,37.19511079788208,36.87268352508545,19.19199774911022
1,259,3,Car,0.9112017154693604,221.44479370117188,60.0440673828125,293.09857177734375,151.2679443359375,257.27166748046875,151.2679443359375,-18.138277053833008,-52.560951232910156,36.500422954559326,37.40544919967651,19.392117855628488
1,260,3,Car,0.9129611253738403,222.4327392578125,64.22042083740234,291.50897216796875,155.3046417236328,256.9708557128906,155.3046417236328,-17.59587860107422,-52.58695602416992,39.097543716430664,35.839939498901366,18.804073274274824
1,261,3,Car,0.9142391085624695,224.02845764160156,69.05660247802734,290.1387939453125,159.2939453125,257.0836181640625,159.2939453125,-17.0479736328125,-52.50571823120117,39.88042688369751,38.18385801315308,19.684507666190623
1,262,3,Car,0.9124769568443298,226.080078125,73.71991729736328,289.41778564453125,163.36293029785156,257.7489318847656,163.36293029785156,-16.474853515625,-52.27997970581055,44.350162982940674,39.40473346710205,20.143099008580204
1,263,3,Car,0.908693253993988,227.945068359375,78.21202850341797,288.52838134765625,167.5833282470703,258.2367248535156,167.5833282470703,-15.88811206817627,-52.09910583496094,44.20711326599121,40.807133960723874,20.669875693996904
1,264,3,Car,0.90870600938797,229.703857421875,83.01071166992188,286.77008056640625,171.29995727539062,258.2369689941406,171.29995727539062,-15.383807182312012,-52.05120849609375,36.47335195541382,40.80171976089478,20.6678419851861
1,265,3,Car,0.8746307492256165,232.473876953125,88.41932678222656,285.5828857421875,174.8619384765625,259.02838134765625,174.8619384765625,-14.881864547729492,-51.80131149291992,40.37106943130493,41.056424903869626,20.763515604516027
1,266,3,Car,0.9002974629402161,234.58663940429688,92.969970703125,285.73712158203125,179.64024353027344,260.161865234375,179.64024353027344,-14.210280418395996,-51.449378967285156,54.59109020233154,43.998557567596436,21.86865418632841
1,267,3,Car,0.9125315546989441,236.7875518798828,98.79859161376953,286.23309326171875,184.81527709960938,261.51031494140625,184.81527709960938,-13.484965324401855,-51.039894104003906,59.97041702270508,47.12260837554932,23.042125771065713
1,268,3,Car,0.9261494874954224,238.106689453125,102.24402618408203,288.8419189453125,191.04757690429688,263.47430419921875,191.04757690429688,-12.61168384552002,-50.46487808227539,75.28267192840576,53.33772010803223,25.376677115579604
1,269,3,Car,0.9264189004898071,239.52789306640625,107.0621566772461,291.6650085449219,197.06423950195312,265.596435546875,197.06423950195312,-11.772793769836426,-49.85871887207031,74.51792907714844,60.94663553237915,28.234775971849917
1,270,3,Car,0.9268661141395569,241.03280639648438,111.39427947998047,294.3074645996094,201.14991760253906,267.6701354980469,201.14991760253906,-11.197856903076172,-49.29426956176758,58.01053333282471,64.4745283126831,29.55994069745159
1,271,3,Car,0.9287117123603821,243.04994201660156,117.08682250976562,297.7825622558594,206.5684814453125,270.416259765625,206.5684814453125,-10.44385814666748,-48.55495834350586,76.03060913085938,68.76243209838867,31.170584556957245
1,272,3,Car,0.9306646585464478,244.75674438476562,122.90072631835938,301.2220458984375,211.99754333496094,272.9893798828125,211.99754333496094,-9.700178146362305,-47.86647033691406,72.96821308135986,71.36199131011963,32.14704398586369
1,273,3,Car,0.9283758401870728,246.3776397705078,127.75672912597656,305.3880920410156,217.2017059326172,275.88287353515625,217.2017059326172,-8.990639686584473,-47.1124267578125,74.54787540435791,71.21503200531006,32.09184239699459
1,274,3,Car,0.9272801280021667,248.05458068847656,132.8357391357422,309.5097351074219,222.41024780273438,278.78216552734375,222.41024780273438,-8.289632797241211,-46.366695404052734,73.69107055664062,71.04966030120849,32.02972465064144
1,275,3,Car,0.9228070974349976,251.03973388671875,138.5111083984375,313.3732604980469,225.5791015625,282.20648193359375,225.5791015625,-7.852500915527344,-45.53185272216797,67.85008192062378,73.01757001876831,32.76892073829985
1,276,3,Car,0.9101127982139587,254.29034423828125,144.5113983154297,317.84722900390625,229.7770538330078,286.06878662109375,229.7770538330078,-7.28826379776001,-44.59758377075195,78.58304214477539,73.52805662155151,32.96067226847029
1,277,3,Car,0.9181784987449646,258.5828857421875,148.8437957763672,324.30712890625,233.70529174804688,291.44500732421875,233.70529174804688,-6.756561756134033,-43.3426513671875,98.13054370880127,78.5605227470398,34.85099235685682
1,278,3,Car,0.9163841605186462,263.7757873535156,155.03738403320312,329.6607971191406,236.04823303222656,296.7182922363281,236.04823303222656,-6.432341575622559,-42.15390396118164,88.71612739562988,81.39417314529419,35.91538228770113
1,279,3,Car,0.9127185344696045,267.86474609375,160.1368865966797,336.0049743652344,240.13916015625,301.93487548828125,240.13916015625,-5.901878833770752,-40.983829498291016,92.49870300292969,85.15569963455201,37.3283056752286
1,280,3,Car,0.9188109636306763,272.58038330078125,165.83428955078125,342.3284606933594,243.7329559326172,307.45440673828125,243.7329559326172,-5.441067695617676,-39.77933120727539,92.85385322570801,90.15645389556884,39.20671399452304
1,281,3,Car,0.9304913282394409,280.02093505859375,171.5254669189453,348.95306396484375,244.14608764648438,314.48699951171875,244.14608764648438,-5.363578796386719,-38.32197952270508,105.07754230499268,95.45535392761231,41.19711331905937
1,282,3,Car,0.9221290349960327,284.9888610839844,175.33465576171875,356.58758544921875,246.8547821044922,320.7882080078125,246.8547821044922,-5.02089262008667,-37.026153564453125,96.5068244934082,95.13061008453369,41.075131413002964
1,283,3,Car,0.9123219847679138,291.8905334472656,180.1511688232422,363.282958984375,247.92971801757812,327.58673095703125,247.92971801757812,-4.874531269073486,-35.67881774902344,97.57887554168701,96.90315971374511,41.740945367475504
1,284,3,Car,0.9190550446510315,298.6785583496094,184.5354766845703,369.6459045410156,248.73130798339844,334.1622314453125,248.73130798339844,-4.763681411743164,-34.409149169921875,91.7638807296753,96.75619525909424,41.685741844197274
1,285,3,Car,0.9187921285629272,304.64947509765625,187.91786193847656,378.2320556640625,252.12567138671875,341.4407653808594,252.12567138671875,-4.360305309295654,-33.016807556152344,104.37088108062744,99.05960083007812,42.55095856179809
1,286,3,Car,0.9249206185340881,310.9172058105469,191.4903564453125,386.1986389160156,254.9180908203125,348.55792236328125,254.9180908203125,-4.034836769104004,-31.694780349731445,98.0280876159668,97.64970989227295,42.021368278285024
1,287,3,Car,0.9289341568946838,317.5708312988281,195.29315185546875,394.6213073730469,258.3391418457031,356.0960693359375,258.3391418457031,-3.647960901260376,-30.326919555664062,102.34936237335205,98.81821746826172,42.46028893651581
1,288,3,Car,0.9264795184135437,324.0279541015625,198.53538513183594,402.7203674316406,261.8554382324219,363.3741455078125,261.8554382324219,-3.260899305343628,-29.0386962890625,96.8483190536499,98.6721061706543,42.40540588035202
1,289,3,Car,0.9238001704216003,330.7112731933594,202.16110229492188,411.0240173339844,265.6990661621094,370.8676452636719,265.6990661621094,-2.8485898971557617,-27.744434356689453,97.80115127563477,99.87956027984619,42.858955830117225
1,290,3,Car,0.9290666580200195,338.08563232421875,205.97377014160156,418.7473449707031,268.5574645996094,378.41650390625,268.5574645996094,-2.5511300563812256,-26.48140525817871,93.42606925964355,97.69059791564942,42.03672684206581
1,291,3,Car,0.9248695969581604,346.3555603027344,209.38186645507812,428.42010498046875,272.27056884765625,387.3878173828125,272.27056884765625,-2.1744046211242676,-25.019439697265625,108.70010375976562,99.82500114440919,42.8384620548687
1,292,3,Car,0.926855742931366,353.8285827636719,212.79371643066406,435.7367248535156,275.2223815917969,394.78265380859375,275.2223815917969,-1.883448839187622,-23.84761619567871,86.93312358856201,96.74175338745117,41.68031711616134
1,293,3,Car,0.9269767999649048,362.97833251953125,217.9735107421875,442.9813232421875,278.36029052734375,402.9798278808594,278.36029052734375,-1.5827099084854126,-22.582426071166992,93.63183975219727,96.09845752716065,41.43867910863972
1,294,3,Car,0.931724488735199,372.1092224121094,221.8613739013672,451.420166015625,280.94293212890625,411.76470947265625,280.94293212890625,-1.3472179174423218,-21.268287658691406,96.12516117095947,95.76325950622558,41.31277035202598
1,295,3,Car,0.928634524345398,379.08544921875,224.1781768798828,461.4168395996094,285.1390075683594,420.25115966796875,285.1390075683594,-0.9580356478691101,-20.022829055786133,93.94910430908203,95.86786651611328,41.35206336011505
1,296,3,Car,0.9257129430770874,387.1982116699219,227.70095825195312,471.1357116699219,289.8988952636719,429.1669616699219,289.8988952636719,-0.526142418384552,-18.747997283935547,96.91231441497803,93.51030864715577,40.46650568558788
1,297,3,Car,0.9231909513473511,396.0650634765625,231.79022216796875,479.55816650390625,293.6368713378906,437.8116149902344,293.6368713378906,-0.20289768278598785,-17.55057716369629,89.30038547515869,93.9837610244751,40.64434623481846
1,298,3,Car,0.9253853559494019,403.3690185546875,235.49728393554688,489.22125244140625,298.892822265625,446.2951354980469,298.892822265625,0.2562703788280487,-16.397380828857422,89.36987400054932,93.13136787414551,40.324166057725904
1,299,3,Car,0.9240962862968445,413.1337890625,239.79351806640625,497.61029052734375,301.76165771484375,455.3720397949219,301.76165771484375,0.4775177836418152,-15.210986137390137,86.89307498931885,91.28495063781739,39.63060558333015
1,300,3,Car,0.922612726688385,423.80718994140625,244.9770965576172,506.1643371582031,305.1612243652344,464.98577880859375,305.1612243652344,0.7386253476142883,-13.987045288085938,90.10673904418945,90.51647758483887,39.341947892805095
1,301,3,Car,0.9272153377532959,432.837158203125,249.04818725585938,515.5835571289062,309.1704406738281,474.2103576660156,309.1704406738281,1.0500832796096802,-12.841086387634277,85.50217151641846,88.23444900512695,38.48476090755081
1,302,3,Car,0.9272366762161255,440.8216552734375,252.40338134765625,527.0518798828125,314.88250732421875,483.936767578125,314.88250732421875,1.5022242069244385,-11.658709526062012,91.14319610595703,88.60301113128662,38.623202056189534
1,303,3,Car,0.9248929619789124,449.5525207519531,255.81124877929688,536.7288208007812,318.8411560058594,493.14068603515625,318.8411560058594,1.790945053100586,-10.57681941986084,80.62219047546387,86.85347442626953,37.96603233136749
1,304,3,Car,0.9228814840316772,461.2614440917969,262.270263671875,543.775146484375,321.2964782714844,502.518310546875,321.2964782714844,1.9401836395263672,-9.510144233703613,77.54864501953125,84.98458843231201,37.2640320298872
1,305,3,Car,0.9279366731643677,472.4703674316406,266.6593017578125,553.3289184570312,323.7332458496094,512.899658203125,323.7332458496094,2.076810121536255,-8.362344741821289,83.22498035430908,83.60823669433594,36.74703990830994
1,306,3,Car,0.9258615970611572,483.17205810546875,270.8881530761719,561.2933959960938,324.8297119140625,522.2327270507812,324.8297119140625,2.103720188140869,-7.362297534942627,72.029465675354,80.91369552612305,35.73490288199997
1,307,3,Car,0.9222413897514343,494.3255310058594,274.96795654296875,568.6761474609375,324.6281433105469,531.5008544921875,324.6281433105469,2.021829843521118,-6.3986687660217285,69.63134765625,76.61132583618163,34.118825267215726
1,308,3,Car,0.923040509223938,506.5144348144531,279.3038330078125,577.1314697265625,324.4250183105469,541.8229370117188,324.4250183105469,1.9346941709518433,-5.352476119995117,75.58668422698975,75.60422458648682,33.74053286029911
1,309,3,Car,0.8992487788200378,517.4548950195312,282.4534912109375,583.8408203125,322.46807861328125,550.6478271484375,322.46807861328125,1.7163994312286377,-4.4864349365234375,64.30530881881714,72.955557346344,32.745627228220464
1,310,3,Car,0.8433354496955872,527.201904296875,282.97393798828125,592.738037109375,320.380126953125,559.969970703125,320.380126953125,1.4893286228179932,-3.5922951698303223,66.4215931892395,69.59487991333008,31.483272767444607
1,311,3,Car,0.886935830116272,533.6513671875,280.3640441894531,606.3239135742188,320.7432556152344,569.9876708984375,320.7432556152344,1.459012508392334,-2.6452717781066895,68.2206130027771,68.8331093788147,31.197132710417268
1,312,3,Car,0.9136219620704651,536.4925537109375,275.2548522949219,621.0166625976562,322.0248718261719,578.754638671875,322.0248718261719,1.509111762046814,-1.8325101137161255,58.6299090385437,66.63282165527343,30.37064963426208
1,313,3,Car,0.9161894917488098,540.5260620117188,270.92535400390625,633.2308349609375,322.7887268066406,586.87841796875,322.7887268066406,1.5214879512786865,-1.0964261293411255,53.005539894104004,62.11659278869629,28.674241166254042
1,314,3,Car,0.9188922643661499,543.9649658203125,265.7837829589844,643.8238525390625,323.1656799316406,593.8944091796875,323.1656799316406,1.5100932121276855,-0.47332847118377686,44.87053298950195,58.22963762283325,27.21420363207674
1,315,3,Car,0.924705982208252,549.7324829101562,260.66131591796875,653.6806640625,322.4612731933594,601.70654296875,322.4612731933594,1.4114220142364502,0.20464776456356049,49.328553199768066,54.81102962493897,25.9300890028677
1,316,3,Car,0.921298086643219,555.6080322265625,255.48561096191406,661.539306640625,320.7662048339844,608.5736694335938,320.7662048339844,1.2443292140960693,0.7870498895645142,43.62464475631714,49.89183597564697,24.08231688835239
1,317,3,Car,0.9192131757736206,560.42529296875,248.60858154296875,669.1357421875,318.4106750488281,614.780517578125,318.4106750488281,1.0333698987960815,1.3030518293380737,40.13713359832764,46.19328088760376,22.69304713340616
1,318,3,Car,0.9264224767684937,566.3126831054688,242.6894989013672,674.1875,314.96356201171875,620.2501220703125,314.96356201171875,0.7469287514686584,1.7477473020553589,38.0853853225708,43.20924997329712,21.57217052121973
1,319,3,Car,0.9256064295768738,572.4102783203125,236.107421875,679.00927734375,310.7794189453125,625.7097778320312,310.7794189453125,0.4089694917201996,2.1841208934783936,39.73972034454346,42.18308744430542,21.186718221267224
1,320,3,Car,0.9272044897079468,577.814208984375,229.8293914794922,682.4205932617188,306.5898132324219,630.117431640625,306.5898132324219,0.07872463762760162,2.5303285121917725,34.44892358779907,39.20716152191162,20.06888604666805
1,321,3,Car,0.9256111979484558,582.7291870117188,223.6613311767578,685.9234008789062,302.9156188964844,634.3262939453125,302.9156188964844,-0.20951655507087708,2.8587450981140137,31.461646556854248,36.77456188201904,19.155140806933403
1,322,3,Car,0.9272400140762329,586.6013793945312,218.64297485351562,687.5740966796875,299.5866394042969,637.0877685546875,299.5866394042969,-0.4650298058986664,3.0700953006744385,23.87491536140442,33.5221182346344,17.933441661884544
1,323,3,Car,0.9262261390686035,590.2694702148438,213.58213806152344,688.5758666992188,295.9063415527344,639.4226684570312,295.9063415527344,-0.7437063455581665,3.2454984188079834,23.70832872390747,30.646706914901735,16.853365284909962
1,324,3,Car,0.9223784804344177,593.9584350585938,208.3584442138672,689.0933837890625,291.70831298828125,641.52587890625,291.70831298828125,-1.058551549911499,3.4004087448120117,25.264175176620483,27.75159788131714,15.76588995416975
1,325,3,Car,0.9232523441314697,597.2221069335938,203.8187713623047,689.61767578125,288.36138916015625,643.419921875,288.36138916015625,-1.3091139793395996,3.540520668029785,20.669503927230835,24.99571394920349,14.73071105216956
1,326,3,Car,0.9260769486427307,599.995849609375,198.89080810546875,689.8289184570312,284.6361389160156,644.912353515625,284.6361389160156,-1.5857038497924805,3.6476571559906006,21.35624599456787,22.974633836746214,13.971542834927796
1,327,3,Car,0.9280881285667419,602.3623657226562,195.41175842285156,688.972900390625,281.4944152832031,645.6676025390625,281.4944152832031,-1.81753408908844,3.6984269618988037,17.087350487709045,21.61712086200714,13.461627023791433
1,328,3,Car,0.9268357753753662,605.1530151367188,192.41404724121094,687.5322265625,277.3703308105469,646.3426513671875,277.3703308105469,-2.1210107803344727,3.740269184112549,22.057029962539673,21.286861109733582,13.337573204343677
1,329,3,Car,0.9255553483963013,605.5740966796875,188.2078857421875,687.4398193359375,275.9638977050781,646.5069580078125,275.9638977050781,-2.224365472793579,3.749382495880127,7.470410227775574,17.7281081199646,12.000816612561703
1,330,3,Car,0.9223693609237671,607.2543334960938,185.92098999023438,686.1000366210938,273.6492919921875,646.6771850585938,273.6492919921875,-2.3943262100219727,3.756554126739502,12.2480628490448,16.043819904327393,11.368155851562976
1,331,3,Car,0.919519305229187,609.6416625976562,183.48974609375,685.1265869140625,270.61907958984375,647.3841552734375,270.61907958984375,-2.6171822547912598,3.803727388381958,16.401172757148743,15.052805256843566,10.995905974601865
1,332,3,Car,0.917660117149353,611.45751953125,181.192626953125,683.7694702148438,267.93414306640625,647.613525390625,267.93414306640625,-2.814232587814331,3.8145294189453125,14.20892608165741,14.47712037563324,10.779664341097234
1,333,3,Car,0.9176089763641357,612.9865112304688,179.81488037109375,681.9804077148438,265.3318786621094,647.4834594726562,265.3318786621094,-3.0050947666168213,3.7975106239318848,13.796598672866821,12.825034117698669,10.159099440460562
1,334,3,Car,0.9165621995925903,614.9559326171875,178.36878967285156,681.1454467773438,263.1051025390625,648.0506591796875,263.1051025390625,-3.1685941219329834,3.8358724117279053,12.091641783714294,13.749280428886413,10.506269461100459
1,335,3,Car,0.9179797172546387,615.2272338867188,176.28428649902344,680.1485595703125,261.9911804199219,647.6878662109375,261.9911804199219,-3.250319004058838,3.8046364784240723,6.299337387084961,12.559535336494445,10.059371460770725
1,336,3,Car,0.9180184006690979,616.2179565429688,174.0824432373047,679.0713500976562,259.38226318359375,647.6446533203125,259.38226318359375,-3.4418795108795166,3.794370651245117,13.812147974967957,12.041730380058288,9.864870974009394
1,337,3,Car,0.9164794683456421,617.4071044921875,172.7799530029297,678.0015869140625,257.3416442871094,647.704345703125,257.3416442871094,-3.591745138168335,3.793637275695801,10.790454983711243,11.358036160469055,9.608058332776189
1,338,3,Car,0.9154731035232544,618.0833740234375,171.6089630126953,676.7127685546875,255.68600463867188,647.3980712890625,255.68600463867188,-3.7135422229766846,3.765336275100708,9.003016948699951,10.399319815635682,9.247940505748153
1,339,3,Car,0.9169609546661377,617.88037109375,170.1996612548828,675.18798828125,254.22467041015625,646.5341796875,254.22467041015625,-3.821523904800415,3.6938843727111816,9.322656869888306,9.845522832870483,9.039920514096975
1,340,3,Car,0.9141464233398438,617.669189453125,168.73545837402344,674.3489990234375,253.36952209472656,646.0090942382812,253.36952209472656,-3.8848378658294678,3.650465965270996,5.527525842189789,9.69116052389145,8.981938171786725
1,341,3,Car,0.9094708561897278,617.8129272460938,167.2113494873047,673.1780395507812,251.45932006835938,645.4954833984375,251.45932006835938,-4.025992393493652,3.6050775051116943,10.675614595413208,9.0638538479805,8.746306101647676
1,342,3,Car,0.9072358012199402,618.4468383789062,165.4273681640625,672.7160034179688,249.67164611816406,645.5814208984375,249.67164611816406,-4.157699108123779,3.6070594787597656,9.483957409858704,8.802554333209992,8.648155471412004
1,343,3,Car,0.9022994041442871,618.6187744140625,163.91949462890625,672.0782470703125,248.65602111816406,645.3485107421875,248.65602111816406,-4.232844352722168,3.5860559940338135,5.617824554443359,8.125515854358673,8.393842892793476
1,344,3,Car,0.9003116488456726,619.09716796875,162.27349853515625,671.2921142578125,246.742431640625,645.1946411132812,246.742431640625,-4.37420654296875,3.5688536167144775,10.253162384033203,8.311616957187653,8.463747119543612
1,345,3,Car,0.8961901068687439,619.9259643554688,161.33404541015625,670.5370483398438,245.3052520751953,645.2315063476562,245.3052520751953,-4.480222702026367,3.567913293838501,7.6334638595581055,8.732804560661316,8.621955713098407
1,346,3,Car,0.894828200340271,620.0929565429688,160.3298797607422,669.232421875,243.7197723388672,644.6627197265625,243.7197723388672,-4.5981316566467285,3.518918991088867,9.193180203437805,8.436317682266235,8.510587829401254
1,347,3,Car,0.8895733952522278,619.8653564453125,157.7303924560547,668.249755859375,241.2964630126953,644.0575561523438,241.2964630126953,-4.778242111206055,3.464731216430664,13.542143940925598,9.247954988479615,8.815459092547655
1,348,3,Car,0.885578989982605,620.2279052734375,155.87867736816406,667.5057373046875,239.27703857421875,643.8668212890625,239.27703857421875,-4.927977561950684,3.4442596435546875,10.881244540214539,10.30063898563385,9.210873518978715
1,349,3,Car,0.9035124182701111,619.7715454101562,154.14730834960938,666.2039184570312,236.78089904785156,642.9877319335938,236.78089904785156,-5.114589214324951,3.368076801300049,14.51255214214325,11.152516937255859,9.530860174556732
1,350,3,Car,0.9051433801651001,618.9189453125,150.81893920898438,665.8280639648438,234.036376953125,642.37353515625,234.036376953125,-5.319455146789551,3.3120365142822266,15.292258501052856,12.68427586555481,10.106227121999025
1,351,3,Car,0.9071165323257446,617.4165649414062,147.95004272460938,665.6760864257812,232.36199951171875,641.5463256835938,232.36199951171875,-5.445765495300293,3.2418792247772217,10.403028130531311,12.92624545097351,10.197116947521923
1,352,3,Car,0.9183194041252136,615.7119140625,144.78408813476562,665.6110229492188,230.00732421875,640.6614990234375,230.00732421875,-5.623101234436035,3.165132999420166,13.9125816822052,13.000332999229432,10.224946082835555
1,353,3,Car,0.9185017943382263,613.5498046875,141.94847106933594,665.3148803710938,228.12811279296875,639.432373046875,228.12811279296875,-5.76645040512085,3.0620195865631104,12.713936805725098,13.366871452331543,10.362627089282036
1,354,3,Car,0.9118539094924927,611.2884521484375,138.9399871826172,664.8615112304688,225.73692321777344,638.074951171875,225.73692321777344,-5.948863506317139,2.9468984603881836,15.530553460121155,13.570471715927123,10.439104438295125
1,355,3,Car,0.9105848073959351,609.8748779296875,135.8011474609375,664.6937255859375,222.7039794921875,637.2843017578125,222.7039794921875,-6.17800760269165,2.8751375675201416,17.28849470615387,13.969718956947327,10.58907168320334
1,356,3,Car,0.911650538444519,607.69677734375,133.13694763183594,664.4329223632812,220.63558959960938,636.0648193359375,220.63558959960938,-6.337010860443115,2.771354913711548,13.67106807231903,14.623326945304871,10.83458318383014
1,357,3,Car,0.913168728351593,605.1339721679688,129.80067443847656,663.439453125,216.67893981933594,634.2867431640625,216.67893981933594,-6.640392303466797,2.616821765899658,24.513944149017334,16.743599438667296,11.631010539149402
1,358,3,Car,0.9142510294914246,603.2738037109375,127.0685806274414,663.077392578125,213.30369567871094,633.1755981445312,213.30369567871094,-6.898619651794434,2.5173490047454834,19.92413091659546,18.18563826084137,12.172676371728539
1,359,3,Car,0.9112911224365234,599.7020874023438,124.09556579589844,661.4151000976562,210.28561401367188,630.55859375,210.28561401367188,-7.13755464553833,2.2957804203033447,23.461681365966797,19.771863842010497,12.768502355655192
1,360,3,Car,0.9045162796974182,597.2931518554688,122.10697174072266,659.0330200195312,205.57980346679688,628.1630859375,205.57980346679688,-7.504863262176514,2.0861337184906006,30.450754165649414,22.404315733909606,13.757317097549794
1,361,3,Car,0.9085353016853333,592.8878784179688,119.23876953125,657.0811767578125,203.28817749023438,624.9844970703125,203.28817749023438,-7.695066928863525,1.8172929286956787,23.71116542816162,24.412335205078126,14.511579411407471
1,362,3,Car,0.9179201722145081,587.4180297851562,115.64156341552734,654.6197509765625,201.09657287597656,621.0189208984375,201.09657287597656,-7.883431434631348,1.4808679819107056,27.760919094085693,25.061730194091798,14.75550840415573
1,363,3,Car,0.9175138473510742,583.0025634765625,111.8199234008789,652.364990234375,197.3056640625,617.6837768554688,197.3056640625,-8.192876815795898,1.189605712890625,30.59704828262329,27.196313667297364,15.557311321278572
1,364,3,Car,0.9158867597579956,579.2827758789062,108.61122131347656,650.093505859375,193.41290283203125,614.6881103515625,193.41290283203125,-8.510712623596191,0.9243975281715393,29.804431915283203,28.464863777160645,16.033810456295967
1,365,3,Car,0.9190076589584351,575.4895629882812,106.66883087158203,646.577392578125,188.93072509765625,611.033447265625,188.93072509765625,-8.881135940551758,0.5988489389419556,35.50668382644653,29.47604970932007,16.41363717206335
1,366,3,Car,0.9220448136329651,571.96435546875,104.35054016113281,642.6911010742188,182.9054718017578,607.3277587890625,182.9054718017578,-9.375761032104492,0.2610180079936981,43.126959800720215,33.35920858383179,17.872248724301816
1,367,3,Car,0.9202505946159363,566.820556640625,102.39375305175781,638.796630859375,179.48324584960938,602.80859375,179.48324584960938,-9.677607536315918,-0.14323367178440094,36.32474899291992,35.07197456359863,18.515606445451734
1,368,3,Car,0.918676495552063,561.87060546875,100.13472747802734,635.3257446289062,176.03863525390625,598.59814453125,176.03863525390625,-9.982189178466797,-0.5248990654945374,35.15771555900574,35.98410801887512,18.858226574589967
1,369,3,Car,0.9083532691001892,556.2291870117188,97.78797149658203,630.9324951171875,171.98536682128906,593.580810546875,171.98536682128906,-10.345391273498535,-0.98497474193573,42.20363187789917,38.463948011398315,19.789716471781492
1,370,3,Car,0.9165177941322327,550.7161865234375,96.61955261230469,627.2208862304688,169.58389282226562,588.968505859375,169.58389282226562,-10.577579498291016,-1.4088436365127563,34.79740047454834,38.32209134101868,19.73643155997014
1,371,3,Car,0.9177941083908081,545.7463989257812,95.74005889892578,621.3159790039062,164.78599548339844,583.5311889648438,164.78599548339844,-11.013213157653809,-1.9216095209121704,48.44404649734497,39.38550868034363,20.135877698054074
1,372,3,Car,0.9176501631736755,540.62939453125,95.283447265625,615.96240234375,160.94313049316406,578.2958984375,160.94313049316406,-11.37558364868164,-2.4196479320526123,44.346073150634766,40.9897735118866,20.738479675402402
1,373,3,Car,0.914742648601532,535.5550537109375,95.384033203125,608.7415771484375,156.08250427246094,572.1483154296875,156.08250427246094,-11.835999488830566,-3.0145134925842285,54.160451889038086,44.790320777893065,22.16606024219608
1,374,3,Car,0.9124931693077087,528.30126953125,95.23429870605469,603.6419067382812,155.1870574951172,565.9715576171875,155.1870574951172,-11.977157592773438,-3.6077446937561035,43.90517807006836,45.130630016326904,22.29388889988279
1,375,3,Car,0.9098864197731018,520.0643920898438,94.021240234375,598.8710327148438,154.7147979736328,559.4677124023438,154.7147979736328,-12.089080810546875,-4.240909099578857,46.29460144042969,47.43007020950317,23.157616122444626
1,376,3,Car,0.9195046424865723,514.2660522460938,92.39154815673828,592.2094116210938,150.40025329589844,553.2377319335938,150.40025329589844,-12.522086143493652,-4.871976375579834,55.10420751571655,48.76210241317749,23.65796071894979
1,377,3,Car,0.9203368425369263,505.0758056640625,89.46680450439453,588.5699462890625,150.3617706298828,546.8228759765625,150.3617706298828,-12.602754592895508,-5.516005516052246,46.73243236541748,49.239374256134035,23.837235954960345
1,378,3,Car,0.9195171594619751,498.0245666503906,87.99003601074219,581.7408447265625,148.0561981201172,539.8826904296875,148.0561981201172,-12.884976387023926,-6.233970642089844,55.54383659362793,49.516051197052,23.941162730892657
1,379,3,Car,0.9167441725730896,490.83233642578125,85.70903778076172,575.0029296875,145.24880981445312,532.9176025390625,145.24880981445312,-13.216145515441895,-6.970121383666992,58.119250774383545,52.35886573791504,25.008994942804335
1,380,3,Car,0.9110794067382812,483.148681640625,82.96588897705078,568.46142578125,142.7376708984375,525.8050537109375,142.7376708984375,-13.529881477355957,-7.734953880310059,59.520925998687744,55.00413064956665,26.00262257524347
1,381,3,Car,0.9142715930938721,477.8604431152344,80.63471984863281,561.489501953125,138.1919708251953,519.6749877929688,138.1919708251953,-14.01468563079834,-8.416399002075195,60.213807106018066,56.02605056762695,26.38648124446487
1,382,3,Car,0.9189243912696838,471.43701171875,78.78673553466797,552.8272094726562,133.78164672851562,512.132080078125,133.78164672851562,-14.517688751220703,-9.266169548034668,71.09875631332397,60.89931535720825,28.217001331051346
1,383,3,Car,0.9114177823066711,463.0775146484375,76.32394409179688,546.3656005859375,132.18556213378906,504.7215576171875,132.18556213378906,-14.776350975036621,-10.106578826904297,63.310638427734375,62.45267572402954,28.800482318838593
1,384,3,Car,0.9071162939071655,454.2980041503906,73.25589752197266,539.6539916992188,130.32821655273438,496.97601318359375,130.32821655273438,-15.069706916809082,-11.00472354888916,68.0284423828125,64.43451404571533,29.54491033842182
1,385,3,Car,0.9083681106567383,444.5049133300781,70.58074188232422,533.31591796875,130.0838165283203,488.910400390625,130.0838165283203,-15.226676940917969,-11.953085899353027,69.2110948562622,66.37254781723023,30.2728842738471
1,386,3,Car,0.9140156507492065,435.6930236816406,67.80155944824219,526.20166015625,128.61517333984375,480.94732666015625,128.61517333984375,-15.499415397644043,-12.916952133178711,72.12317562103271,68.75442152023315,31.167575583537577
1,387,3,Car,0.9190875887870789,427.2879333496094,64.36471557617188,518.7211303710938,126.16175842285156,473.0045166015625,126.16175842285156,-15.870891571044922,-13.905795097351074,76.05479621887207,69.74562950134278,31.53989808144188
1,388,3,Car,0.9140318632125854,418.3338317871094,61.248687744140625,510.7721862792969,124.35669708251953,464.5530090332031,124.35669708251953,-16.19898796081543,-14.979486465454102,80.83456134796143,73.25041408538819,32.856382790823936
1,389,3,Car,0.9146807193756104,410.7915344238281,58.331661224365234,502.166015625,121.03177642822266,456.478759765625,121.03177642822266,-16.674846649169922,-16.039461135864258,83.65605640411377,76.37593688964844,34.030407294174196
1,390,3,Car,0.9193829298019409,403.1892395019531,55.3575325012207,492.6401672363281,116.81414031982422,447.9147033691406,116.81414031982422,-17.260231018066406,-17.196514129638672,93.36282920837402,81.2062837600708,35.844806337376596
1,391,3,Car,0.9180313944816589,396.2278747558594,52.918556213378906,482.3992614746094,112.13264465332031,439.3135681152344,112.13264465332031,-17.908300399780273,-18.39255714416504,97.94415378570557,86.37047939300537,37.78460732199764
1,392,3,Car,0.9141718149185181,388.6499328613281,49.68662643432617,472.751220703125,107.46945190429688,430.7005615234375,107.46945190429688,-18.572641372680664,-19.623090744018555,100.68580913543701,91.29668197631835,39.63501216735458
1,393,3,Car,0.9089651703834534,377.4167175292969,46.052791595458984,465.5166320800781,106.61045837402344,421.4666748046875,106.61045837402344,-18.881711959838867,-20.954458236694336,98.40753650665283,94.81127700805663,40.95518192615127
1,394,3,Car,0.9214727878570557,368.2217102050781,43.49911880493164,457.09844970703125,104.75728607177734,412.66009521484375,104.75728607177734,-19.29228973388672,-22.267545700073242,99.05621910095215,97.89130954742431,42.112119148751255
1,395,3,Car,0.9263641238212585,358.9237060546875,40.14644241333008,449.2503662109375,102.6817626953125,404.0870361328125,102.6817626953125,-19.731908798217773,-23.583913803100586,99.92422485351562,99.20358867645264,42.60504399659252
1,396,3,Car,0.918944239616394,348.5555114746094,35.745460510253906,440.1012268066406,99.71977233886719,394.328369140625,99.71977233886719,-20.311765670776367,-25.132219314575195,119.03941440582275,103.42264080047607,44.189825450678825
1,397,3,Car,0.9174185991287231,340.7772521972656,32.507904052734375,429.59619140625,94.52471923828125,385.18670654296875,94.52471923828125,-21.135814666748047,-26.646875381469727,124.15021133422852,108.11552124023437,45.95258866586303
1,398,3,Car,0.9234175086021423,330.9327392578125,28.82107925415039,421.0128479003906,92.10327911376953,375.9727783203125,92.10327911376953,-21.681528091430664,-28.201141357421875,118.60447597503662,112.15490913391113,47.46988374342536
1,399,3,Car,0.9121198058128357,321.30194091796875,26.32149887084961,411.2706604003906,90.13418579101562,366.28631591796875,90.13418579101562,-22.209251403808594,-29.884469985961914,127.01598644256592,117.74686260223389,49.5703612649641
1,400,3,Car,0.9049376249313354,312.9195861816406,22.12224578857422,401.547607421875,85.04346466064453,357.23358154296875,85.04346466064453,-23.090967178344727,-31.536745071411133,134.84267234802246,124.73055210113526,52.19360963298893
1,407,3,Car,0.9026055932044983,264.0202941894531,21.842992782592773,335.8367919921875,65.76153564453125,299.92852783203125,65.76153564453125,-27.75855827331543,-43.258514404296875,129.77387237548828,126.87744369506837,53.00003578796005
1,408,3,Car,0.8923338055610657,257.07330322265625,22.01052474975586,332.10003662109375,67.04719543457031,294.586669921875,67.04719543457031,-27.848825454711914,-44.45448303222656,86.35466766357422,119.3183349609375,50.16064556970215
1,409,3,Car,0.8991788625717163,250.0065460205078,20.66803741455078,330.27581787109375,68.51780700683594,290.14117431640625,68.51780700683594,-27.873016357421875,-45.46418762207031,72.71959590911865,110.1413589477539,46.71354395475006
1,413,3,Car,0.9115492701530457,228.8509979248047,20.57906723022461,323.2697448730469,79.38975524902344,276.06036376953125,79.38975524902344,-27.118417739868164,-48.7049446105957,59.894104957580566,96.71698265075683,41.67101260819053
1,414,3,Car,0.9057765007019043,226.6696319580078,20.919647216796875,321.5908508300781,80.91539001464844,274.1302490234375,80.91539001464844,-27.007022857666016,-49.1624755859375,33.90454030036926,76.5293562412262,34.08803543811059
1,415,3,Car,0.9028913974761963,224.7590789794922,21.632854461669922,320.54998779296875,83.22950744628906,272.654541015625,83.22950744628906,-26.766427993774414,-49.500492095947266,29.872716665267944,56.54912509918213,26.582961115380286
1,416,3,Car,0.9059774279594421,222.8505401611328,22.468420028686523,319.17523193359375,85.57212829589844,271.01287841796875,85.57212829589844,-26.528600692749023,-49.88153839111328,32.340593576431274,45.74631028175354,22.52515379958367
1,417,3,Car,0.9083647131919861,221.25965881347656,23.259912490844727,317.6038818359375,87.5469741821289,269.4317626953125,87.5469741821289,-26.336347579956055,-50.25422668457031,30.1934916973114,37.24108943939209,19.330380220671653
1,418,3,Car,0.9116043448448181,219.68487548828125,23.82521629333496,315.64691162109375,89.09883880615234,267.6658935546875,89.09883880615234,-26.209251403808594,-50.681312561035156,32.08291053771973,31.67885055541992,17.241064239879606
1,419,3,Car,0.9102606177330017,218.86917114257812,24.27753257751465,314.4051513671875,90.37083435058594,266.63714599609375,90.37083435058594,-26.084630966186523,-50.926822662353516,19.823610305786133,28.862664556503297,16.18323437403655
1,420,3,Car,0.9106041193008423,217.66053771972656,24.44996452331543,313.7030944824219,92.13327026367188,265.68182373046875,92.13327026367188,-25.889087677001953,-51.14830017089844,21.272249937057495,27.142571210861206,15.53712431107974
1,421,3,Car,0.9104650616645813,216.54388427734375,24.712621688842773,312.9720153808594,93.96456909179688,264.7579345703125,93.96456909179688,-25.68198585510254,-51.361602783203125,21.40582823753357,24.955618143081665,14.71565006499505
1,422,3,Car,0.9093202948570251,215.637939453125,24.819812774658203,311.7962951660156,95.1586685180664,263.71710205078125,95.1586685180664,-25.56690216064453,-51.613868713378906,19.96391987800598,22.90970377922058,13.94715348206973
1,423,3,Car,0.9045745134353638,215.06576538085938,24.97276496887207,310.3425598144531,95.85315704345703,262.70416259765625,95.85315704345703,-25.51865577697754,-51.86635208129883,18.507720708847046,20.194665813446044,12.92731734617567
1,424,3,Car,0.9055397510528564,214.27301025390625,25.20560646057129,309.05474853515625,96.84900665283203,261.66387939453125,96.84900665283203,-25.43002700805664,-52.1230583190918,19.55342173576355,20.14062809944153,12.907019429852724
1,425,3,Car,0.9072643518447876,213.8110809326172,25.563570022583008,308.46270751953125,98.22848510742188,261.13690185546875,98.22848510742188,-25.264528274536133,-52.24216842651367,14.681124687194824,18.822403049468996,12.41186114545679
1,426,3,Car,0.9111838340759277,213.34356689453125,26.164127349853516,307.2507629394531,99.374755859375,260.29718017578125,99.374755859375,-25.14518165588379,-52.446075439453125,17.01116180419922,17.943469762802124,12.081711829652548
1,427,3,Car,0.9100738167762756,213.08950805664062,26.78830337524414,305.9510498046875,100.18267822265625,259.520263671875,100.18267822265625,-25.069293975830078,-52.638607025146484,14.900234341621399,16.93073265552521,11.701302453731657
1,428,3,Car,0.909456729888916,212.32127380371094,27.530414581298828,304.57635498046875,101.4295425415039,258.4488220214844,101.4295425415039,-24.945911407470703,-52.90334701538086,21.029735326766968,17.435135579109193,11.89076880190289
1,429,3,Car,0.9090277552604675,211.8419952392578,28.37035369873047,303.3395690917969,102.49369812011719,257.5907897949219,102.49369812011719,-24.8376407623291,-53.11528396606445,17.13536524772644,16.95152428150177,11.709112308239101
1,430,3,Car,0.9116068482398987,210.75250244140625,28.80113410949707,302.4815673828125,103.86397552490234,256.6170349121094,103.86397552490234,-24.691770553588867,-53.3545036315918,20.17338752746582,18.049976849555968,12.121718554114459
1,431,3,Car,0.9135011434555054,209.112060546875,29.537681579589844,301.74078369140625,106.1270980834961,255.42642211914062,106.1270980834961,-24.43096160888672,-53.6403923034668,27.8625705242157,20.220258593559265,12.936930634205698
1,432,3,Car,0.9134264588356018,208.24710083007812,30.52125358581543,300.12066650390625,107.17005920410156,254.1838836669922,107.17005920410156,-24.34132957458496,-53.95771789550781,23.741384267807007,21.988488578796385,13.60112202241039
1,433,3,Car,0.9098898768424988,207.09519958496094,31.3724422454834,298.6577453613281,108.52851867675781,252.87646484375,108.52851867675781,-24.210067749023438,-54.28980255126953,25.71013855934143,22.92456922531128,13.95273731525755
1,434,3,Car,0.9095016121864319,205.57522583007812,31.969026565551758,297.4291076660156,110.49481964111328,251.50216674804688,110.49481964111328,-23.995960235595703,-54.63343811035156,29.151326894760132,25.327761554718016,14.855436433990953
1,435,3,Car,0.9108399152755737,204.591796875,32.72311782836914,296.2606201171875,112.24243927001953,250.42620849609375,112.24243927001953,-23.7983341217041,-54.90090560913086,23.944189310073853,26.081921911239625,15.138717917909382
1,436,3,Car,0.9109084606170654,203.7783203125,33.679134368896484,295.21331787109375,114.25273895263672,249.49581909179688,114.25273895263672,-23.55666160583496,-55.12624740600586,23.791020154953003,25.267611837387086,14.832842696418524
1,437,3,Car,0.9128643274307251,203.38330078125,34.73381423950195,293.5772705078125,115.29652404785156,248.48028564453125,115.29652404785156,-23.45386505126953,-55.38888168334961,20.306538820266724,24.58064274787903,14.57479993217206
1,438,3,Car,0.9127290844917297,203.0712890625,35.674522399902344,292.2208557128906,116.32295227050781,247.6460723876953,116.32295227050781,-23.34528350830078,-55.60308837890625,17.291165113449097,22.896848058700563,13.9423245520494
1,439,3,Car,0.9148018956184387,202.3642120361328,37.05681610107422,291.2220764160156,118.59638214111328,246.79315185546875,118.59638214111328,-23.061098098754883,-55.80588150024414,25.1368088722229,22.093944454193114,13.640733885606288
1,440,3,Car,0.9156566262245178,202.00143432617188,38.46680450439453,289.6421203613281,120.17938995361328,245.82177734375,120.17938995361328,-22.878644943237305,-56.05156707763672,22.033711910247803,21.711848974227905,13.497209270944357
1,441,3,Car,0.9177233576774597,201.09942626953125,39.82823944091797,288.3079528808594,122.45079040527344,244.7036895751953,122.45079040527344,-22.60415267944336,-56.32920837402344,28.110507488250732,22.57574644088745,13.821710756858348
1,442,3,Car,0.9188582301139832,200.31285095214844,41.62086486816406,286.4330139160156,124.09063720703125,243.3729248046875,124.09063720703125,-22.42695426940918,-56.67612075805664,28.047441244125366,24.12392692565918,14.40324605145073
1,443,3,Car,0.9205475449562073,199.99118041992188,43.40711212158203,284.87005615234375,125.39900970458984,242.4306182861328,125.39900970458984,-22.279977798461914,-56.92079162597656,20.55040955543518,24.775775814056395,14.648096790154934
1,444,3,Car,0.9247111678123474,199.34478759765625,44.888526916503906,284.257568359375,127.7572021484375,241.80117797851562,127.7572021484375,-21.970211029052734,-57.063716888427734,24.562775373458862,24.66096911430359,14.604972523560285
1,445,3,Car,0.9254369139671326,198.56517028808594,46.2262077331543,283.403564453125,129.91844177246094,240.984375,129.91844177246094,-21.69536590576172,-57.26238250732422,24.417223691940308,25.13767147064209,14.784033846159936
1,446,3,Car,0.923294186592102,198.21109008789062,48.163360595703125,282.2981872558594,131.9230499267578,240.254638671875,131.9230499267578,-21.438627243041992,-57.439308166503906,22.449392080307007,24.005448389053345,14.358742551138164
1,447,3,Car,0.9142201542854309,196.913818359375,49.934696197509766,280.32696533203125,134.19412231445312,238.62039184570312,134.19412231445312,-21.17848014831543,-57.869041442871094,36.168601512908936,25.62968044281006,14.968844716330526
1,448,3,Car,0.9139960408210754,195.96417236328125,52.14162063598633,278.1748962402344,136.81263732910156,237.0695343017578,136.81263732910156,-20.863590240478516,-58.2727165222168,36.86155557632446,28.891909646987916,16.194219561149836
1,449,3,Car,0.9171028733253479,194.86358642578125,53.646366119384766,277.4652099609375,140.2730712890625,236.16439819335938,140.2730712890625,-20.40144157409668,-58.48136901855469,36.5088472366333,31.2811240196228,17.091668209870814
1,450,3,Car,0.9162763357162476,193.7520294189453,55.56969451904297,275.7791748046875,143.42095947265625,234.76559448242188,143.42095947265625,-20.001005172729492,-58.837158203125,38.56776237487793,34.11123175621033,18.154727428426504
1,451,3,Car,0.9168539047241211,193.17462158203125,58.14552688598633,274.9204406738281,147.392578125,234.0475311279297,147.392578125,-19.45543098449707,-58.98599624633789,40.716872692108154,37.764727878570554,19.527071909388063
1,452,3,Car,0.9142434597015381,193.40216064453125,60.810302734375,273.49774169921875,150.2754364013672,233.449951171875,150.2754364013672,-19.0614070892334,-59.11628341674805,29.880396366119385,36.50708684921265,19.0546704977355
1,453,3,Car,0.9190054535865784,192.9985809326172,63.56949996948242,272.0966491699219,153.74440002441406,232.547607421875,153.74440002441406,-18.59255027770996,-59.326473236083984,36.99472188949585,36.533720111846925,19.0646746170125
1,454,3,Car,0.9143344163894653,193.51795959472656,67.7913589477539,270.007080078125,157.0199432373047,231.76251220703125,157.0199432373047,-18.146379470825195,-59.50605010986328,34.62864875793457,36.157680416107176,18.923424706300256
1,455,3,Car,0.9131185412406921,193.55844116210938,71.05899047851562,268.76611328125,161.146728515625,231.1622772216797,161.146728515625,-17.570384979248047,-59.61960983276367,42.269914627075195,36.89811086654663,19.201548894246578
1,456,3,Car,0.9113595485687256,193.7500457763672,73.56290435791016,268.45941162109375,165.51390075683594,231.104736328125,165.51390075683594,-16.94249153137207,-59.57171630859375,45.33965349197388,37.822667026519774,19.54883530183649
1,457,3,Car,0.9124895930290222,194.19505310058594,77.6383056640625,266.8636779785156,169.7721710205078,230.52935791015625,169.7721710205078,-16.345903396606445,-59.6761474609375,43.6074743270874,40.568082618713376,20.58008203365421
1,458,3,Car,0.9114874601364136,195.3452911376953,82.44861602783203,264.85009765625,173.61077880859375,230.09768676757812,173.61077880859375,-15.80506420135498,-59.74502944946289,39.254974365234375,41.020133113861085,20.749883500894068
1,459,3,Car,0.9106431603431702,196.83384704589844,87.2874755859375,262.74676513671875,176.80032348632812,229.79031372070312,176.80032348632812,-15.354000091552734,-59.78733444213867,32.619142055511475,40.618231773376465,20.598919309874535
1,460,3,Car,0.9074698090553284,199.1570281982422,93.07746887207031,261.3550109863281,180.99700927734375,230.25601196289062,180.99700927734375,-14.738160133361816,-59.58952713012695,46.57162427902222,41.47857370376587,20.922085247477053
1,461,3,Car,0.9020770192146301,200.9264678955078,97.91773986816406,259.742919921875,185.17471313476562,230.33468627929688,185.17471313476562,-14.136366844177246,-59.50493621826172,43.75508165359497,41.16165933609009,20.80304428811884
1,462,3,Car,0.8894187211990356,203.52587890625,102.8125991821289,259.2869567871094,189.88302612304688,231.4064178466797,189.88302612304688,-13.437267303466797,-59.12541580200195,57.27399444580078,43.894963359832765,21.829741612037182
1,463,3,Car,0.9037279486656189,205.71888732910156,108.23116302490234,258.9231872558594,195.36106872558594,232.321044921875,195.36106872558594,-12.636088371276855,-58.78209686279297,62.758047580718994,48.595578002929685,23.59540998735046
1,464,3,Car,0.9165008068084717,207.8273468017578,113.4488525390625,259.2239074707031,199.7740020751953,233.525634765625,199.7740020751953,-11.985054969787598,-58.373390197753906,55.34574365615845,53.14089832305908,25.302745932599066
1,465,3,Car,0.918778657913208,210.06068420410156,118.4303970336914,261.39801025390625,205.21531677246094,235.72933959960938,205.21531677246094,-11.175820350646973,-57.670166015625,77.19074821472168,59.26472311019897,27.603007618268485
1,466,3,Car,0.9295404553413391,211.4459991455078,123.06521606445312,264.0784912109375,211.3070831298828,237.76223754882812,211.3070831298828,-10.28713607788086,-57.013282775878906,79.56750297546387,66.42720737457276,30.293415770073892
1,467,3,Car,0.9275026917457581,212.34280395507812,127.94962310791016,267.0227355957031,217.93746948242188,239.68276977539062,217.93746948242188,-9.334342002868652,-56.38688659667969,82.09858989715576,71.39212646484376,32.15836350335694
1,468,3,Car,0.9278275966644287,213.7595672607422,133.2560272216797,270.12652587890625,223.78395080566406,241.94305419921875,223.78395080566406,-8.495893478393555,-55.684730529785156,78.74111652374268,74.58874025344849,33.35909155770159
1,469,3,Car,0.9294790625572205,215.93252563476562,138.35130310058594,273.4305419921875,227.75750732421875,244.68153381347656,227.75750732421875,-7.919543266296387,-54.88676452636719,70.87262678146362,77.69411687850952,34.52554865249014
1,470,3,Car,0.93229740858078,218.6876220703125,144.47140502929688,277.8914489746094,232.9138946533203,248.28953552246094,232.9138946533203,-7.18208646774292,-53.8519401550293,91.49111938476562,80.55419111251831,35.59986403663969
1,471,3,Car,0.9330791234970093,220.91233825683594,148.98300170898438,282.33404541015625,237.60260009765625,251.62319946289062,237.60260009765625,-6.521766662597656,-52.91202926635742,82.70461463928223,81.18161344528198,35.83553955038404
1,472,3,Car,0.9326820969581604,224.62655639648438,155.28440856933594,287.7781677246094,242.5918731689453,256.2023620605469,242.5918731689453,-5.824629306793213,-51.66261291503906,103.01389789581299,85.36467504501343,37.40680206378317
1,473,3,Car,0.9233460426330566,227.72019958496094,160.70652770996094,293.0189208984375,246.9481201171875,260.36956787109375,246.9481201171875,-5.226774215698242,-50.5498161315918,90.95248031616211,87.80694780349731,38.32418076868868
1,474,3,Car,0.9258664846420288,232.19032287597656,167.7594757080078,298.4111328125,251.0360107421875,265.30072021484375,251.0360107421875,-4.67269229888916,-49.27202224731445,100.27829360961914,93.68808116912842,40.533281489153865
1,475,3,Car,0.9289578199386597,236.54678344726562,173.2066650390625,304.05340576171875,253.94992065429688,270.30010986328125,253.94992065429688,-4.281778812408447,-48.01841735839844,94.54613399505615,94.29908409118653,40.762789461751936
1,476,3,Car,0.9269726872444153,239.524658203125,177.75694274902344,308.71185302734375,257.1603088378906,274.1182556152344,257.1603088378906,-3.8624565601348877,-47.067054748535156,74.85653114318848,92.72946739196777,40.17320218910789
1,477,3,Car,0.9287737011909485,243.60690307617188,182.90969848632812,313.4484558105469,260.2398681640625,278.5276794433594,260.2398681640625,-3.466207265853882,-45.99436569213867,82.33461570739746,88.59361095428467,38.61967111470318
1,478,3,Car,0.9154539704322815,250.89596557617188,187.92190551757812,320.0889892578125,261.2252197265625,285.49249267578125,261.2252197265625,-3.340057373046875,-44.38193130493164,116.45003128051758,93.69312114715576,40.53517463090038
1,479,3,Car,0.9149832725524902,258.37896728515625,193.79278564453125,327.63238525390625,263.1298522949219,293.00567626953125,263.1298522949219,-3.1040029525756836,-42.682373046875,123.54285621643066,98.34603366851806,42.28292489673709
1,480,3,Car,0.9251099228858948,265.7221374511719,198.15940856933594,335.4038391113281,263.9559631347656,300.56298828125,263.9559631347656,-3.005828380584717,-41.03351593017578,118.92796325683594,103.22239952087402,44.1146098200283
1,481,3,Car,0.9188726544380188,272.8662109375,202.048828125,342.93878173828125,264.53839111328125,307.9024963378906,264.53839111328125,-2.9394962787628174,-39.479148864746094,112.01628398895264,110.65435009002685,46.90623625256634
1,482,3,Car,0.9206817150115967,280.490234375,206.73651123046875,349.35382080078125,264.69744873046875,314.9220275878906,264.69744873046875,-2.924809217453003,-38.03583908081055,103.92368602752686,114.97216415405273,48.528115160366056
1,483,3,Car,0.9164696335792542,290.3808288574219,211.1631622314453,356.7662353515625,263.3279724121094,323.57354736328125,263.3279724121094,-3.0895094871520996,-36.32196044921875,123.96773529052734,116.47570495605468,49.09288267411804
1,484,3,Car,0.9015018343925476,299.04052734375,215.50747680664062,361.8477478027344,261.57855224609375,330.44415283203125,261.57855224609375,-3.292874336242676,-35.00418472290039,96.00303268432617,110.96774024963379,47.02395343126869
1,485,3,Car,0.9029121398925781,307.855224609375,217.94949340820312,371.0706787109375,261.0124816894531,339.46295166015625,261.0124816894531,-3.3564505577087402,-33.30706024169922,122.27867317199707,111.63788223266602,47.27567551364517
1,486,3,Car,0.898198664188385,316.93609619140625,219.21031188964844,381.8877868652344,261.2259521484375,349.41192626953125,261.2259521484375,-3.331010103225708,-31.489192962646484,130.89926719665527,115.41447887420654,48.69425962712383
1,487,3,Car,0.9156464338302612,321.8131103515625,219.02603149414062,391.01239013671875,261.8285827636719,356.4127502441406,261.8285827636719,-3.2638750076293945,-30.24352264404297,89.81842517852783,112.59342670440674,47.63460190584278
1,488,3,Car,0.9064491987228394,328.00372314453125,219.73959350585938,398.9900817871094,262.1672058105469,363.49688720703125,262.1672058105469,-3.227027177810669,-29.015295028686523,88.4721794128418,105.49431552886963,44.96799827053165
1,489,3,Car,0.9148041605949402,336.9184265136719,221.1622772216797,408.90338134765625,262.8218688964844,372.910888671875,262.8218688964844,-3.1575231552124023,-27.426517486572266,114.50139141082764,109.19398727416993,46.357687469860075
1,490,3,Car,0.9130632877349854,345.386962890625,222.21444702148438,418.9329528808594,263.6938171386719,382.15997314453125,263.6938171386719,-3.067248582839966,-25.911863327026367,109.2486219406128,106.58797702789306,45.378804871102325
1,491,3,Car,0.9092313051223755,353.3601379394531,222.9420928955078,428.50872802734375,264.4965515136719,390.9344482421875,264.4965515136719,-2.9866533279418945,-24.517169952392578,100.58544731140137,100.52521305084228,43.10147915222263
1,492,3,Car,0.9062900543212891,362.4990234375,225.036865234375,435.9223937988281,264.97406005859375,399.210693359375,264.97406005859375,-2.941345453262329,-23.23948097229004,92.05142211914062,100.97181243896485,43.269233047386166
1,493,3,Car,0.9228734970092773,371.7547912597656,225.19757080078125,448.7814636230469,266.6071472167969,410.26812744140625,266.6071472167969,-2.7825419902801514,-21.577945709228516,120.17570114135742,107.31251678466796,45.6509601172409
1,494,3,Car,0.9194687604904175,379.0917663574219,225.37509155273438,459.6783142089844,268.4781494140625,419.3850402832031,268.4781494140625,-2.6037228107452393,-20.247846603393555,96.62872123718262,103.73798274993896,44.308275770445825
1,495,3,Car,0.916584312915802,388.41619873046875,225.94337463378906,469.3802490234375,269.17755126953125,428.8982238769531,269.17755126953125,-2.544869899749756,-18.907190322875977,96.62021541595459,101.21230144500733,43.359566730280875
1,496,3,Car,0.9149529337882996,398.6387634277344,227.51092529296875,479.00830078125,270.2959289550781,438.82354736328125,270.2959289550781,-2.4478654861450195,-17.547163009643555,98.170729637146,100.72935791015625,43.17816106500244
1,497,3,Car,0.917269766330719,408.9466247558594,228.63629150390625,488.9778747558594,271.0506896972656,448.9622497558594,271.0506896972656,-2.3884646892547607,-16.20143699645996,96.98661804199219,101.71639709472656,43.548917658706664
1,498,3,Car,0.91233891248703,418.7225341796875,229.31690979003906,499.3829650878906,271.96875,459.052734375,271.96875,-2.3155124187469482,-14.900805473327637,93.7926607131958,96.43978900909424,41.566891746541025
1,499,3,Car,0.8983754515647888,430.42108154296875,231.3026580810547,508.0495910644531,272.0780944824219,469.2353515625,272.0780944824219,-2.3192083835601807,-13.63075065612793,91.44433307647705,95.40291137695313,41.177414585968016
1,500,3,Car,0.9151371121406555,439.2630310058594,232.07704162597656,519.19482421875,273.9210205078125,479.22894287109375,273.9210205078125,-2.165342092514038,-12.411378860473633,88.49096775054932,93.77706184387208,40.56670485510445
1,501,3,Car,0.909064769744873,448.6854553222656,232.16629028320312,531.7863159179688,275.79583740234375,490.23590087890625,275.79583740234375,-2.014713764190674,-11.108770370483398,94.41277885437012,93.0254716873169,40.284388802548406
1,502,3,Car,0.8918521404266357,460.5823974609375,234.3267059326172,539.910400390625,275.8768615722656,500.24639892578125,275.8768615722656,-2.024651288986206,-9.965875625610352,82.29152870178223,90.08645381927491,39.180420215865134
1,503,3,Car,0.9089467525482178,471.75335693359375,236.44393920898438,549.1224365234375,276.6571960449219,510.4378967285156,276.6571960449219,-1.9739134311676025,-8.831095695495605,81.78577995300293,87.68507766723633,38.27840329875564
1,504,3,Car,0.9067406058311462,481.9681396484375,236.54000854492188,563.0513305664062,278.54986572265625,522.509765625,278.54986572265625,-1.8329157829284668,-7.522955417633057,94.73162269592285,88.34253559112548,38.52536093141651
1,505,3,Car,0.9018712043762207,492.3822326660156,237.93121337890625,573.7576293945312,280.17144775390625,533.0699462890625,280.17144775390625,-1.7161420583724976,-6.413079261779785,80.3521671295166,86.71477546691895,37.913933534761426
1,506,3,Car,0.9057003259658813,504.01318359375,239.6592559814453,583.800537109375,280.6828918457031,543.9068603515625,280.6828918457031,-1.6953057050704956,-5.310335159301758,79.41174602508545,83.71456890106201,36.786980943461415
1,507,3,Car,0.9127115607261658,515.2732543945312,240.16932678222656,596.9754028320312,282.0385437011719,556.1243286132812,282.0385437011719,-1.6088658571243286,-4.100858688354492,87.30441856384277,84.71714687347412,37.16357429434871
1,508,3,Car,0.9084563851356506,524.8616333007812,241.6211700439453,606.8248291015625,283.61737060546875,565.84326171875,283.61737060546875,-1.5016454458236694,-3.163691997528076,67.91618013381958,81.94322690963745,36.12162060793256
1,509,3,Car,0.9023985266685486,535.3397216796875,242.5224151611328,617.9979858398438,284.8117370605469,576.6688232421875,284.8117370605469,-1.430185079574585,-2.148603677749634,73.26723861694336,77.65035009384155,34.509108753999236
1,510,3,Car,0.9120019674301147,546.3480224609375,243.63233947753906,629.9984130859375,286.384033203125,588.1732177734375,286.384033203125,-1.3325635194778442,-1.0985403060913086,75.93058204650879,76.76603307724,34.176937174638276
1,511,3,Car,0.9076356887817383,556.5866088867188,244.53231811523438,639.8119506835938,287.1072082519531,598.1992797851562,287.1072082519531,-1.299847960472107,-0.209443137049675,64.05831813812256,73.69534749984741,33.023510904630186
1,512,3,Car,0.9044060111045837,567.6090087890625,246.43064880371094,650.1510009765625,288.37530517578125,608.8800048828125,288.37530517578125,-1.227797269821167,0.7157203555107117,66.81347465515137,69.59715871810913,31.484128743489737
1,513,3,Car,0.9141029715538025,576.5068359375,246.5896759033203,662.1541137695312,290.1583251953125,619.3304443359375,290.1583251953125,-1.118117094039917,1.5998153686523438,64.14281845092773,68.84248638153076,31.20065494706249
1,514,3,Car,0.9025813341140747,585.5577392578125,247.37864685058594,672.7021484375,291.8850402832031,629.1299438476562,291.8850402832031,-1.013633131980896,2.4092373847961426,58.76192092895508,65.94142284393311,30.11094295575237
1,515,3,Car,0.9134565591812134,596.18896484375,248.6575164794922,682.0665893554688,292.28399658203125,639.1278076171875,292.28399658203125,-1.0100116729736328,3.212329149246216,57.82319498062134,62.31994543075562,28.750625502427578
1,516,3,Car,0.9166944026947021,605.6929931640625,249.70803833007812,692.6234130859375,293.8724670410156,649.158203125,293.8724670410156,-0.9198125004768372,4.002748966217041,57.279582023620605,60.964198207855226,28.241372951825618
1,517,3,Car,0.9085525870323181,615.2894287109375,250.49176025390625,702.3746948242188,294.80072021484375,658.83203125,294.80072021484375,-0.878305196762085,4.746474742889404,53.63158464431763,58.327820205688475,27.25108346476173
1,518,3,Car,0.9100773334503174,625.093017578125,251.8204803466797,710.3031005859375,295.0585021972656,667.6980590820312,295.0585021972656,-0.8833908438682556,5.412485122680664,47.95414638519287,55.0900857925415,26.0349094758234
1,519,3,Car,0.9105327725410461,633.4013671875,252.31263732910156,720.7066040039062,296.6473693847656,677.053955078125,296.6473693847656,-0.7956033945083618,6.104285717010498,50.20908164978027,53.37951793670654,25.392377424975393
1,520,3,Car,0.9005581140518188,644.5238647460938,254.52871704101562,726.78857421875,295.98382568359375,685.65625,295.98382568359375,-0.8651672005653381,6.722859859466553,44.818081855773926,50.77849531173706,24.415368301471233
